timestamp,model,fusion,scoring,gdelt,risk_level,agg_mode,missing,tranche,mae,rmse,r2,log_r2,spearman,smape,n,notes
2026-07-14T18:48:56,RF,none,none,False,node,first,median,all,1588472.68,72449273.97,0.1661,0.4705,0.6964,105.23,140371,
2026-07-14T18:48:56,RF,none,none,False,node,first,median,1M,11425536.51,200717958.92,0.1635,-4.7238,0.3403,123.56,18288,
2026-07-14T18:48:56,RF,none,none,False,node,first,median,10M,66265980.17,528937579.95,0.1524,-12.2993,0.2433,150.33,2633,
2026-07-14T18:48:56,RF,none,none,False,node,first,median,100M,510554787.02,1739022725.87,0.0868,-24.1397,0.2017,166.6,243,
2026-07-14T19:22:21,TabTF,none,none,False,node,first,median,all,1797434.73,79353397.68,-0.0004,0.2176,0.5408,124.33,140371,
2026-07-14T19:22:21,TabTF,none,none,False,node,first,median,1M,13029425.48,219846481.59,-0.0035,-13.3553,0.1184,169.41,18288,
2026-07-14T19:22:21,TabTF,none,none,False,node,first,median,10M,74393366.71,579338940.44,-0.0168,-34.1487,-0.0273,193.19,2633,
2026-07-14T19:22:21,TabTF,none,none,False,node,first,median,100M,561605017.15,1904545299.09,-0.0953,-81.0943,-0.1309,199.35,243,
2026-07-14T19:23:52,GCN,none,none,False,node,first,median,all,1744746.36,29055383.12,-0.0014,0.1683,0.4874,125.27,123777,
2026-07-14T19:23:52,GCN,none,none,False,node,first,median,1M,11346488.72,77550413.88,-0.0213,-6.9315,0.1181,151.99,17372,
2026-07-14T19:23:52,GCN,none,none,False,node,first,median,10M,58563039.95,195728985.56,-0.0987,-23.7262,-0.0084,186.32,2723,
2026-07-14T19:23:52,GCN,none,none,False,node,first,median,100M,380271127.4,628460739.91,-0.5781,-77.986,-0.1211,198.5,258,
2026-07-14T19:26:48,GAT,none,none,False,node,first,median,all,1731684.97,29064935.9,-0.002,0.176,0.4457,124.96,123777,
2026-07-14T19:26:48,GAT,none,none,False,node,first,median,1M,11438043.46,77579418.49,-0.022,-8.4556,0.1284,160.02,17372,
2026-07-14T19:26:48,GAT,none,none,False,node,first,median,10M,58790260.86,195795972.09,-0.0994,-26.7035,0.0019,189.83,2723,
2026-07-14T19:26:48,GAT,none,none,False,node,first,median,100M,380517273.83,628595067.91,-0.5788,-83.4402,-0.1347,198.96,258,
2026-07-14T19:30:03,GATv2,none,none,False,node,first,median,all,1733942.46,29061704.56,-0.0018,0.1861,0.4982,124.42,123777,
2026-07-14T19:30:03,GATv2,none,none,False,node,first,median,1M,11405526.26,77570062.42,-0.0218,-7.2652,0.1171,155.68,17372,
2026-07-14T19:30:03,GATv2,none,none,False,node,first,median,10M,58741159.35,195774781.77,-0.0992,-24.8019,-0.0147,189.04,2723,
2026-07-14T19:30:03,GATv2,none,none,False,node,first,median,100M,380438342.74,628542973.73,-0.5785,-80.2754,-0.1104,198.84,258,
2026-07-14T19:34:46,RF,concat,keepall,True,node,first,median,all,1608645.44,74713425.26,0.1132,0.4908,0.7096,104.52,140371,
2026-07-14T19:34:46,RF,concat,keepall,True,node,first,median,1M,11609001.79,206990993.78,0.1104,-4.4102,0.3595,123.52,18288,
2026-07-14T19:34:46,RF,concat,keepall,True,node,first,median,10M,67464786.49,545470623.81,0.0986,-11.3642,0.2637,150.55,2633,
2026-07-14T19:34:46,RF,concat,keepall,True,node,first,median,100M,522686759.87,1793490677.16,0.0287,-23.0205,0.2048,169.03,243,
2026-07-14T19:59:32,RF,none,none,False,node,first,median,all,1588472.68,72449273.97,0.1661,0.4705,0.6964,105.23,140371,
2026-07-14T19:59:32,RF,none,none,False,node,first,median,1M,11425536.51,200717958.92,0.1635,-4.7238,0.3403,123.56,18288,
2026-07-14T19:59:32,RF,none,none,False,node,first,median,10M,66265980.17,528937579.95,0.1524,-12.2993,0.2433,150.33,2633,
2026-07-14T19:59:32,RF,none,none,False,node,first,median,100M,510554787.02,1739022725.87,0.0868,-24.1397,0.2017,166.6,243,
2026-07-14T20:39:52,TabTF,none,none,False,node,first,median,all,1790744.49,79352136.14,-0.0004,0.2952,0.5542,119.52,140371,
2026-07-14T20:39:52,TabTF,none,none,False,node,first,median,1M,12969955.67,219843004.64,-0.0035,-10.1687,0.1185,161.96,18288,
2026-07-14T20:39:52,TabTF,none,none,False,node,first,median,10M,74336347.59,579331386.15,-0.0168,-28.3551,-0.0121,192.09,2633,
2026-07-14T20:39:52,TabTF,none,none,False,node,first,median,100M,561548716.71,1904527893.56,-0.0953,-68.3332,-0.0942,199.25,243,
2026-07-14T20:41:05,GCN,none,none,False,node,first,median,all,1731545.25,29064303.35,-0.002,0.1709,0.4608,124.98,123777,
2026-07-14T20:41:05,GCN,none,none,False,node,first,median,1M,11429433.25,77577417.09,-0.022,-8.029,0.1332,159.22,17372,
2026-07-14T20:41:05,GCN,none,none,False,node,first,median,10M,58762467.86,195791634.82,-0.0994,-25.7902,-0.0106,189.3,2723,
2026-07-14T20:41:05,GCN,none,none,False,node,first,median,100M,380503761.89,628591081.91,-0.5788,-82.2256,-0.1554,198.93,258,
2026-07-14T20:43:49,GAT,none,none,False,node,first,median,all,1745517.94,29054399.09,-0.0013,0.1323,0.4723,126.31,123777,
2026-07-14T20:43:49,GAT,none,none,False,node,first,median,1M,11345776.59,77549011.13,-0.0212,-6.5094,0.1294,150.85,17372,
2026-07-14T20:43:49,GAT,none,none,False,node,first,median,10M,58605602.9,195725607.97,-0.0986,-22.6334,0.0047,186.93,2723,
2026-07-14T20:43:49,GAT,none,none,False,node,first,median,100M,380255053.82,628431600.07,-0.578,-73.9671,-0.0843,198.53,258,
2026-07-14T20:46:55,GATv2,none,none,False,node,first,median,all,1738639.99,29061962.21,-0.0018,0.153,0.4539,125.57,123777,
2026-07-14T20:46:55,GATv2,none,none,False,node,first,median,1M,11420960.48,77570417.73,-0.0218,-7.6294,0.1248,158.0,17372,
2026-07-14T20:46:55,GATv2,none,none,False,node,first,median,10M,58736097.15,195774442.65,-0.0992,-25.1903,0.003,189.1,2723,
2026-07-14T20:46:55,GATv2,none,none,False,node,first,median,100M,380432010.42,628546871.99,-0.5786,-80.1196,-0.1138,198.82,258,
2026-07-14T20:51:36,RF,concat,keepall,True,node,first,median,all,1608645.44,74713425.26,0.1132,0.4908,0.7096,104.52,140371,
2026-07-14T20:51:36,RF,concat,keepall,True,node,first,median,1M,11609001.79,206990993.78,0.1104,-4.4102,0.3595,123.52,18288,
2026-07-14T20:51:36,RF,concat,keepall,True,node,first,median,10M,67464786.49,545470623.81,0.0986,-11.3642,0.2637,150.55,2633,
2026-07-14T20:51:36,RF,concat,keepall,True,node,first,median,100M,522686759.87,1793490677.16,0.0287,-23.0205,0.2048,169.03,243,
2026-07-14T21:42:06,TabTF,concat,keepall,True,node,first,median,all,1793498.09,79350152.83,-0.0003,0.2479,0.5008,121.78,140371,
2026-07-14T21:42:06,TabTF,concat,keepall,True,node,first,median,1M,12866481.93,219837145.37,-0.0035,-9.8332,0.1286,154.92,18288,
2026-07-14T21:42:06,TabTF,concat,keepall,True,node,first,median,10M,74135003.13,579318561.21,-0.0168,-27.3086,-0.036,188.58,2633,
2026-07-14T21:42:06,TabTF,concat,keepall,True,node,first,median,100M,561382578.65,1904511252.24,-0.0952,-70.5648,-0.1424,198.89,243,
2026-07-14T21:44:16,GCN,concat,keepall,True,node,first,median,all,1758234.77,29056910.42,-0.0015,0.0051,0.3525,129.2,123777,
2026-07-14T21:44:16,GCN,concat,keepall,True,node,first,median,1M,11326336.59,77555884.11,-0.0214,-6.6113,0.1204,150.69,17372,
2026-07-14T21:44:16,GCN,concat,keepall,True,node,first,median,10M,58574195.51,195745058.54,-0.0988,-23.3296,-0.0044,186.06,2723,
2026-07-14T21:44:16,GCN,concat,keepall,True,node,first,median,100M,380353114.13,628506350.8,-0.5784,-77.162,-0.0948,198.66,258,
2026-07-14T21:47:03,GAT,concat,keepall,True,node,first,median,all,2315115.4,29167735.37,-0.0091,-0.1805,0.3762,135.97,123777,
2026-07-14T21:47:03,GAT,concat,keepall,True,node,first,median,1M,12427942.37,77504686.26,-0.0201,-4.5021,0.1396,135.5,17372,
2026-07-14T21:47:03,GAT,concat,keepall,True,node,first,median,10M,55852159.56,194975518.5,-0.0902,-15.911,0.0148,156.36,2723,
2026-07-14T21:47:03,GAT,concat,keepall,True,node,first,median,100M,376937265.75,626931882.45,-0.5705,-56.0282,-0.102,192.21,258,
2026-07-14T21:50:11,GATv2,concat,keepall,True,node,first,median,all,2025596.74,29044456.13,-0.0006,-0.168,0.3548,134.59,123777,
2026-07-14T21:50:11,GATv2,concat,keepall,True,node,first,median,1M,11366580.74,77432750.79,-0.0182,-4.7568,0.1363,136.22,17372,
2026-07-14T21:50:11,GATv2,concat,keepall,True,node,first,median,10M,56863917.32,195371647.93,-0.0947,-17.2876,0.0146,164.95,2723,
2026-07-14T21:50:11,GATv2,concat,keepall,True,node,first,median,100M,378941819.72,627827122.39,-0.5749,-60.2154,-0.0904,195.81,258,
2026-07-14T21:54:45,RF,concat,topk,True,node,first,median,all,1610653.02,74879912.05,0.1092,0.4805,0.7034,104.99,140371,
2026-07-14T21:54:45,RF,concat,topk,True,node,first,median,1M,11606195.57,207452116.11,0.1064,-4.4883,0.3538,123.14,18288,
2026-07-14T21:54:45,RF,concat,topk,True,node,first,median,10M,67485167.08,546686472.01,0.0946,-11.6938,0.2508,150.29,2633,
2026-07-14T21:54:45,RF,concat,topk,True,node,first,median,100M,523451632.83,1797502524.26,0.0244,-23.8441,0.1829,168.74,243,
2026-07-14T23:22:47,TabTF,concat,topk,True,node,first,median,all,1792663.56,79351070.02,-0.0004,0.2242,0.5417,123.78,140371,
2026-07-14T23:22:47,TabTF,concat,topk,True,node,first,median,1M,12941170.06,219839945.58,-0.0035,-11.759,0.1337,161.84,18288,
2026-07-14T23:22:47,TabTF,concat,topk,True,node,first,median,10M,74236577.51,579323888.89,-0.0168,-29.9852,-0.0028,190.5,2633,
2026-07-14T23:22:47,TabTF,concat,topk,True,node,first,median,100M,561463945.44,1904517525.11,-0.0953,-71.6716,-0.0954,199.02,243,
2026-07-14T23:24:47,GCN,concat,topk,True,node,first,median,all,2805237.82,29375363.38,-0.0236,-0.313,0.3864,139.16,123777,
2026-07-14T23:24:47,GCN,concat,topk,True,node,first,median,1M,12868169.66,77599508.55,-0.0226,-3.8976,0.133,129.63,17372,
2026-07-14T23:24:47,GCN,concat,topk,True,node,first,median,10M,55469600.35,194832359.73,-0.0886,-14.1495,-0.0022,150.39,2723,
2026-07-14T23:24:47,GCN,concat,topk,True,node,first,median,100M,376101032.44,626600065.39,-0.5688,-52.3496,-0.1165,190.69,258,
2026-07-14T23:27:34,GAT,concat,topk,True,node,first,median,all,2645277.98,29368185.37,-0.0231,-0.2834,0.3756,137.35,123777,
2026-07-14T23:27:34,GAT,concat,topk,True,node,first,median,1M,11738790.63,77506733.72,-0.0201,-3.9295,0.1347,126.85,17372,
2026-07-14T23:27:34,GAT,concat,topk,True,node,first,median,10M,56350843.91,195238263.76,-0.0932,-14.8627,-0.0011,157.45,2723,
2026-07-14T23:27:34,GAT,concat,topk,True,node,first,median,100M,378317314.02,627589332.53,-0.5738,-54.8559,-0.0952,194.67,258,
2026-07-14T23:30:48,GATv2,concat,topk,True,node,first,median,all,2007474.88,29052302.87,-0.0012,-0.1917,0.365,134.81,123777,
2026-07-14T23:30:48,GATv2,concat,topk,True,node,first,median,1M,11220690.67,77461232.16,-0.0189,-4.3043,0.1378,133.16,17372,
2026-07-14T23:30:48,GATv2,concat,topk,True,node,first,median,10M,57374167.54,195484993.49,-0.0959,-16.7452,-0.0016,169.44,2723,
2026-07-14T23:30:48,GATv2,concat,topk,True,node,first,median,100M,379399454.56,628063028.72,-0.5761,-60.4115,-0.068,196.73,258,
2026-07-14T23:34:12,RF,none,none,False,node,spec,median,all,72180293.36,1142203128.58,0.07,0.5616,0.7563,121.31,140371,
2026-07-14T23:34:12,RF,none,none,False,node,spec,median,1M,170576577.38,1760832533.13,0.0642,-0.8254,0.5827,122.73,59061,
2026-07-14T23:34:12,RF,none,none,False,node,spec,median,10M,313927404.23,2405939991.95,0.0557,-2.8353,0.474,127.69,31633,
2026-07-14T23:34:12,RF,none,none,False,node,spec,median,100M,853281023.62,4090928522.84,0.026,-7.9883,0.3371,143.04,10939,
2026-07-15T00:13:49,TabTF,none,none,False,node,spec,median,all,77543767.86,1184941470.41,-0.0009,0.4238,0.6576,133.42,140371,
2026-07-15T00:13:49,TabTF,none,none,False,node,spec,median,1M,183245499.83,1826769283.15,-0.0072,-1.7358,0.484,138.87,59061,
2026-07-15T00:13:49,TabTF,none,none,False,node,spec,median,10M,337684996.96,2496084545.35,-0.0163,-4.9531,0.3484,147.25,31633,
2026-07-15T00:13:49,TabTF,none,none,False,node,spec,median,100M,918251481.87,4244267337.77,-0.0484,-13.8901,0.1868,169.06,10939,
2026-07-15T00:14:59,GCN,none,none,False,node,spec,median,all,57558942.49,864313818.44,0.0048,0.2555,0.5819,137.77,123777,
2026-07-15T00:14:59,GCN,none,none,False,node,spec,median,1M,141479710.96,1372785506.94,-0.0013,-1.0328,0.3953,128.6,49055,
2026-07-15T00:14:59,GCN,none,none,False,node,spec,median,10M,271403907.25,1948395870.65,-0.0109,-4.0128,0.2896,146.7,24335,
2026-07-15T00:14:59,GCN,none,none,False,node,spec,median,100M,802520223.35,3554137452.77,-0.0495,-12.2339,0.2152,153.73,7306,
2026-07-15T00:17:44,GAT,none,none,False,node,spec,median,all,56162794.49,863790437.45,0.006,0.2445,0.5928,137.51,123777,
2026-07-15T00:17:44,GAT,none,none,False,node,spec,median,1M,138027540.05,1371863510.95,0.0,-0.754,0.3896,122.23,49055,
2026-07-15T00:17:44,GAT,none,none,False,node,spec,median,10M,267345915.14,1947198513.67,-0.0097,-3.3402,0.2896,138.29,24335,
2026-07-15T00:17:44,GAT,none,none,False,node,spec,median,100M,802767526.57,3552584540.77,-0.0486,-10.9839,0.2215,153.82,7306,
2026-07-15T00:20:49,GATv2,none,none,False,node,spec,median,all,55928408.74,863719762.06,0.0062,0.2411,0.5874,137.7,123777,
2026-07-15T00:20:49,GATv2,none,none,False,node,spec,median,1M,137645102.71,1371869639.95,0.0,-0.7836,0.3853,122.41,49055,
2026-07-15T00:20:49,GATv2,none,none,False,node,spec,median,10M,267634299.28,1947430824.78,-0.0099,-3.4687,0.2886,140.23,24335,
2026-07-15T00:20:49,GATv2,none,none,False,node,spec,median,100M,804599628.93,3553032384.15,-0.0489,-11.4596,0.2162,156.56,7306,
2026-07-15T00:25:26,RF,concat,keepall,True,node,spec,median,all,72039855.39,1138880178.52,0.0754,0.5274,0.7299,122.91,140371,
2026-07-15T00:25:26,RF,concat,keepall,True,node,spec,median,1M,170259190.21,1755740190.37,0.0696,-0.8367,0.5952,122.15,59061,
2026-07-15T00:25:26,RF,concat,keepall,True,node,spec,median,10M,313675600.74,2399001797.12,0.0612,-2.8197,0.4954,127.91,31633,
2026-07-15T00:25:26,RF,concat,keepall,True,node,spec,median,100M,853431361.93,4079166998.92,0.0316,-7.8334,0.3583,143.62,10939,
2026-07-15T01:33:37,TabTF,concat,keepall,True,node,spec,median,all,77469081.77,1184414194.01,-0.0,0.4014,0.6453,134.2,140371,
2026-07-15T01:33:37,TabTF,concat,keepall,True,node,spec,median,1M,182863543.71,1825951726.38,-0.0063,-2.0024,0.4682,139.16,59061,
2026-07-15T01:33:37,TabTF,concat,keepall,True,node,spec,median,10M,336310128.78,2494954832.81,-0.0154,-5.2298,0.3422,143.91,31633,
2026-07-15T01:33:37,TabTF,concat,keepall,True,node,spec,median,100M,914438718.23,4242329095.51,-0.0474,-13.9265,0.2098,166.17,10939,
2026-07-15T01:34:44,GCN,concat,keepall,True,node,spec,median,all,101109203.77,1076581658.74,-0.544,-0.0234,0.4661,143.38,123777,
2026-07-15T01:34:44,GCN,concat,keepall,True,node,spec,median,1M,203872786.35,1608191390.61,-0.3742,-0.7894,0.3316,123.11,49055,
2026-07-15T01:34:44,GCN,concat,keepall,True,node,spec,median,10M,341065966.59,2143282094.92,-0.2233,-3.354,0.2649,137.9,24335,
2026-07-15T01:34:44,GCN,concat,keepall,True,node,spec,median,100M,868887372.63,3658952931.58,-0.1123,-11.0464,0.2222,155.01,7306,
2026-07-15T01:37:29,GAT,concat,keepall,True,node,spec,median,all,80773874.2,882424035.95,-0.0373,0.1026,0.5282,143.53,123777,
2026-07-15T01:37:29,GAT,concat,keepall,True,node,spec,median,1M,195669034.72,1399456881.21,-0.0406,-0.9213,0.3562,126.81,49055,
2026-07-15T01:37:29,GAT,concat,keepall,True,node,spec,median,10M,355636163.41,1970216333.07,-0.0337,-3.6028,0.2831,143.78,24335,
2026-07-15T01:37:29,GAT,concat,keepall,True,node,spec,median,100M,863011700.96,3520767937.35,-0.0299,-10.2618,0.2305,146.24,7306,
2026-07-15T01:40:34,GATv2,concat,keepall,True,node,spec,median,all,60683231.99,863557829.82,0.0066,0.0404,0.511,143.23,123777,
2026-07-15T01:40:34,GATv2,concat,keepall,True,node,spec,median,1M,145281224.9,1371318680.92,0.0008,-0.6492,0.3624,120.81,49055,
2026-07-15T01:40:34,GATv2,concat,keepall,True,node,spec,median,10M,273725644.02,1945447973.35,-0.0079,-2.7839,0.2724,130.37,24335,
2026-07-15T01:40:34,GATv2,concat,keepall,True,node,spec,median,100M,792657547.63,3546267449.87,-0.0449,-9.2679,0.2123,144.67,7306,
2026-07-15T01:44:59,RF,concat,topk,True,node,spec,median,all,71875407.68,1138034113.29,0.0768,0.5699,0.7631,120.75,140371,
2026-07-15T01:44:59,RF,concat,topk,True,node,spec,median,1M,169967430.32,1754450720.93,0.071,-0.6853,0.6121,120.47,59061,
2026-07-15T01:44:59,RF,concat,topk,True,node,spec,median,10M,313107641.49,2397241915.85,0.0625,-2.4731,0.5071,125.92,31633,
2026-07-15T01:44:59,RF,concat,topk,True,node,spec,median,100M,852319916.24,4076179723.49,0.033,-7.1583,0.3611,142.86,10939,
2026-07-15T02:54:06,TabTF,concat,topk,True,node,spec,median,all,78673284.32,1185404541.61,-0.0017,0.2393,0.5545,143.95,140371,
2026-07-15T02:54:06,TabTF,concat,topk,True,node,spec,median,1M,186447892.32,1827482686.75,-0.008,-3.9922,0.3976,169.92,59061,
2026-07-15T02:54:06,TabTF,concat,topk,True,node,spec,median,10M,344038643.69,2497054508.51,-0.0171,-10.8684,0.3048,177.07,31633,
2026-07-15T02:54:06,TabTF,concat,topk,True,node,spec,median,100M,927296214.61,4245809693.93,-0.0492,-27.663,0.2065,181.2,10939,
2026-07-15T02:55:38,GCN,concat,topk,True,node,spec,median,all,361225125.25,2550134555.09,-7.6634,-0.366,0.4895,153.24,123777,
2026-07-15T02:55:38,GCN,concat,topk,True,node,spec,median,1M,580450516.93,2950137586.45,-3.6244,-0.9818,0.3106,124.73,49055,
2026-07-15T02:55:38,GCN,concat,topk,True,node,spec,median,10M,788393751.77,3212621199.44,-1.7485,-2.3218,0.2426,123.51,24335,
2026-07-15T02:55:38,GCN,concat,topk,True,node,spec,median,100M,1312045261.54,4270755587.95,-0.5154,-6.3352,0.2079,137.59,7306,
2026-07-15T02:58:24,GAT,concat,topk,True,node,spec,median,all,65102678.31,862201658.07,0.0097,0.0233,0.5312,143.83,123777,
2026-07-15T02:58:24,GAT,concat,topk,True,node,spec,median,1M,155632357.84,1369030549.5,0.0041,-0.5531,0.3781,118.75,49055,
2026-07-15T02:58:24,GAT,concat,topk,True,node,spec,median,10M,288281941.57,1940451392.8,-0.0027,-2.3139,0.2893,122.43,24335,
2026-07-15T02:58:24,GAT,concat,topk,True,node,spec,median,100M,789453404.27,3528263468.33,-0.0343,-7.6949,0.2147,138.33,7306,
2026-07-15T03:01:33,GATv2,concat,topk,True,node,spec,median,all,115266623.7,942444649.08,-0.1832,-0.0367,0.4846,144.08,123777,
2026-07-15T03:01:33,GATv2,concat,topk,True,node,spec,median,1M,211926376.59,1426712331.21,-0.0815,-0.9106,0.364,124.6,49055,
2026-07-15T03:01:33,GATv2,concat,topk,True,node,spec,median,10M,349458936.79,1980061195.4,-0.0441,-3.1847,0.2807,134.61,24335,
2026-07-15T03:01:33,GATv2,concat,topk,True,node,spec,median,100M,836334211.71,3536850502.81,-0.0393,-9.2203,0.2111,143.78,7306,
2026-07-15T03:04:40,GAT,blend,keepall,True,node,first,median,all,2126823.24,29082958.48,-0.0033,0.0387,0.4513,129.85,123777,
2026-07-15T03:04:40,GAT,blend,keepall,True,node,first,median,1M,11430991.79,77354491.88,-0.0161,-5.5789,0.1241,131.6,17372,
2026-07-15T03:04:40,GAT,blend,keepall,True,node,first,median,10M,56637546.76,195003985.19,-0.0905,-18.5013,0.0113,162.44,2723,
2026-07-15T03:04:40,GAT,blend,keepall,True,node,first,median,100M,377115460.08,626709032.99,-0.5693,-62.6266,-0.1485,192.7,258,
2026-07-15T03:07:48,GAT,blend,topk,True,node,first,median,all,1821776.16,29034864.28,0.0,0.0699,0.4398,128.54,123777,
2026-07-15T03:07:48,GAT,blend,topk,True,node,first,median,1M,11208237.14,77473080.86,-0.0192,-5.779,0.1294,140.55,17372,
2026-07-15T03:07:48,GAT,blend,topk,True,node,first,median,10M,57608937.07,195531055.86,-0.0964,-19.99,-0.0134,172.88,2723,
2026-07-15T03:07:48,GAT,blend,topk,True,node,first,median,100M,379527233.13,628133193.24,-0.5765,-69.7142,-0.1341,196.94,258,
2026-07-15T03:12:10,GAT,attention,keepall,True,node,first,median,all,1757820.61,29086506.13,-0.0035,-0.0009,-0.0187,133.04,123777,
2026-07-15T03:12:10,GAT,attention,keepall,True,node,first,median,1M,11786786.87,77638260.21,-0.0236,-15.3934,-0.0276,192.47,17372,
2026-07-15T03:12:10,GAT,attention,keepall,True,node,first,median,10M,59286529.74,195919027.87,-0.1008,-44.4226,0.003,199.07,2723,
2026-07-15T03:12:10,GAT,attention,keepall,True,node,first,median,100M,380953483.46,628807242.61,-0.5799,-119.3785,nan,199.91,258,
2026-07-15T03:16:32,GAT,attention,topk,True,node,first,median,all,1757807.93,29086507.65,-0.0035,-0.0007,-0.0166,133.03,123777,
2026-07-15T03:16:32,GAT,attention,topk,True,node,first,median,1M,11786848.25,77638263.75,-0.0236,-15.402,0.0205,192.48,17372,
2026-07-15T03:16:32,GAT,attention,topk,True,node,first,median,10M,59286564.87,195919032.59,-0.1008,-44.433,0.0046,199.07,2723,
2026-07-15T03:16:32,GAT,attention,topk,True,node,first,median,100M,380953483.46,628807242.61,-0.5799,-119.3785,nan,199.91,258,
2026-07-15T03:20:52,EdgeGNN,edge,bilateral,True,bilateral,first,median,all,1751777.92,29072200.41,-0.0025,0.1123,0.3304,129.54,123777,
2026-07-15T03:20:52,EdgeGNN,edge,bilateral,True,bilateral,first,median,1M,11560433.46,77597656.14,-0.0225,-12.3265,0.1398,171.91,17372,
2026-07-15T03:20:52,EdgeGNN,edge,bilateral,True,bilateral,first,median,10M,58939792.93,195833152.46,-0.0998,-33.7742,0.0094,192.62,2723,
2026-07-15T03:20:52,EdgeGNN,edge,bilateral,True,bilateral,first,median,100M,380645764.9,628659571.86,-0.5791,-98.2251,-0.0916,199.21,258,
2026-07-15T16:00:36,EdgeGAT,edge,bilateral,True,bilateral,first,median,all,1752793.69,29068252.0,-0.0023,0.143,0.3812,128.38,123777,
2026-07-15T16:00:36,EdgeGAT,edge,bilateral,True,bilateral,first,median,1M,11517088.61,77586683.39,-0.0222,-11.8351,0.1314,169.08,17372,
2026-07-15T16:00:36,EdgeGAT,edge,bilateral,True,bilateral,first,median,10M,58884865.56,195808597.45,-0.0996,-32.6519,0.0077,191.65,2723,
2026-07-15T16:00:36,EdgeGAT,edge,bilateral,True,bilateral,first,median,100M,380561192.52,628598042.46,-0.5788,-93.1593,-0.0808,199.04,258,
2026-07-15T16:05:07,EdgeGNN_full,edge_full,ka_ka,True,bilateral,first,median,all,1746039.62,29064432.02,-0.002,0.1104,0.3508,128.16,123777,
2026-07-15T16:05:07,EdgeGNN_full,edge_full,ka_ka,True,bilateral,first,median,1M,11454455.94,77577147.2,-0.022,-10.4807,0.1196,164.86,17372,
2026-07-15T16:05:07,EdgeGNN_full,edge_full,ka_ka,True,bilateral,first,median,10M,58766597.8,195789093.51,-0.0993,-30.7057,-0.0035,189.4,2723,
2026-07-15T16:05:07,EdgeGNN_full,edge_full,ka_ka,True,bilateral,first,median,100M,380518021.49,628571268.7,-0.5787,-91.1187,-0.1354,199.0,258,
2026-07-15T16:33:18,EdgeGAT_full,edge_full,ka_ka,True,bilateral,first,median,all,1834623.74,29046415.8,-0.0008,0.0629,0.391,128.75,123777,
2026-07-15T16:33:18,EdgeGAT_full,edge_full,ka_ka,True,bilateral,first,median,1M,11219089.37,77511001.1,-0.0202,-7.7535,0.1084,147.02,17372,
2026-07-15T16:33:18,EdgeGAT_full,edge_full,ka_ka,True,bilateral,first,median,10M,58186557.23,195639004.58,-0.0977,-24.6905,-0.0068,180.4,2723,
2026-07-15T16:33:18,EdgeGAT_full,edge_full,ka_ka,True,bilateral,first,median,100M,379979353.53,628293704.85,-0.5773,-79.8734,-0.1298,197.84,258,
2026-07-15T16:34:40,EdgeGATv2_full,edge_full,ka_ka,True,bilateral,first,median,all,1739905.87,29054337.08,-0.0013,0.1587,0.4083,126.38,123777,
2026-07-15T16:34:40,EdgeGATv2_full,edge_full,ka_ka,True,bilateral,first,median,1M,11359774.67,77549022.43,-0.0212,-9.4227,0.1192,157.8,17372,
2026-07-15T16:34:40,EdgeGATv2_full,edge_full,ka_ka,True,bilateral,first,median,10M,58516448.24,195724394.25,-0.0986,-28.2236,0.0033,185.75,2723,
2026-07-15T16:34:40,EdgeGATv2_full,edge_full,ka_ka,True,bilateral,first,median,100M,380253516.52,628454773.77,-0.5781,-85.3022,-0.1718,198.4,258,
2026-07-15T16:35:54,EdgeGNN_full,edge_full,tk_tk,True,bilateral,first,median,all,1770240.26,29089289.7,-0.0037,-12.8319,nan,200.0,123777,
2026-07-15T16:35:54,EdgeGNN_full,edge_full,tk_tk,True,bilateral,first,median,1M,11833154.06,77645309.55,-0.0238,-185.9641,nan,200.0,17372,
2026-07-15T16:35:54,EdgeGNN_full,edge_full,tk_tk,True,bilateral,first,median,10M,59332879.56,195933055.56,-0.101,-321.6653,nan,200.0,2723,
2026-07-15T16:35:54,EdgeGNN_full,edge_full,tk_tk,True,bilateral,first,median,100M,380999815.88,628835313.5,-0.58,-603.1707,nan,200.0,258,
2026-07-15T16:39:14,EdgeGAT_full,edge_full,tk_tk,True,bilateral,first,median,all,1754974.43,29055758.28,-0.0014,0.1238,0.4045,127.33,123777,
2026-07-15T16:39:14,EdgeGAT_full,edge_full,tk_tk,True,bilateral,first,median,1M,11347994.6,77551479.61,-0.0213,-8.5473,0.1197,158.03,17372,
2026-07-15T16:39:14,EdgeGAT_full,edge_full,tk_tk,True,bilateral,first,median,10M,58538944.12,195731777.57,-0.0987,-26.8818,-0.0049,185.82,2723,
2026-07-15T16:39:14,EdgeGAT_full,edge_full,tk_tk,True,bilateral,first,median,100M,380300019.42,628471921.09,-0.5782,-83.8489,-0.1642,198.49,258,
2026-07-15T16:40:41,EdgeGATv2_full,edge_full,tk_tk,True,bilateral,first,median,all,1751642.47,29065522.49,-0.0021,0.1825,0.4468,126.28,123777,
2026-07-15T16:40:41,EdgeGATv2_full,edge_full,tk_tk,True,bilateral,first,median,1M,11456027.81,77580060.67,-0.0221,-9.9355,0.0977,159.96,17372,
2026-07-15T16:40:41,EdgeGATv2_full,edge_full,tk_tk,True,bilateral,first,median,10M,58853446.77,195796412.65,-0.0994,-30.0537,0.0202,191.2,2723,
2026-07-15T16:40:41,EdgeGATv2_full,edge_full,tk_tk,True,bilateral,first,median,100M,380496011.76,628572788.38,-0.5787,-90.372,-0.1985,198.87,258,
2026-07-15T16:41:57,EdgeGNN_full,edge_full,ka_tk,True,bilateral,first,median,all,1770240.26,29089289.7,-0.0037,-12.8319,nan,200.0,123777,
2026-07-15T16:41:57,EdgeGNN_full,edge_full,ka_tk,True,bilateral,first,median,1M,11833154.06,77645309.55,-0.0238,-185.9641,nan,200.0,17372,
2026-07-15T16:41:57,EdgeGNN_full,edge_full,ka_tk,True,bilateral,first,median,10M,59332879.56,195933055.56,-0.101,-321.6653,nan,200.0,2723,
2026-07-15T16:41:57,EdgeGNN_full,edge_full,ka_tk,True,bilateral,first,median,100M,380999815.88,628835313.5,-0.58,-603.1707,nan,200.0,258,
2026-07-15T16:45:20,EdgeGAT_full,edge_full,ka_tk,True,bilateral,first,median,all,1736382.39,29058118.92,-0.0016,0.1577,0.4074,126.21,123777,
2026-07-15T16:45:20,EdgeGAT_full,edge_full,ka_tk,True,bilateral,first,median,1M,11372751.47,77559554.27,-0.0215,-9.2462,0.1086,158.71,17372,
2026-07-15T16:45:20,EdgeGAT_full,edge_full,ka_tk,True,bilateral,first,median,10M,58592443.97,195750374.56,-0.0989,-28.3342,-0.0168,186.75,2723,
2026-07-15T16:45:20,EdgeGAT_full,edge_full,ka_tk,True,bilateral,first,median,100M,380386672.91,628514444.78,-0.5784,-88.0997,-0.1643,198.71,258,
2026-07-15T16:46:47,EdgeGATv2_full,edge_full,ka_tk,True,bilateral,first,median,all,1740734.46,29071828.46,-0.0025,0.1884,0.4517,126.76,123777,
2026-07-15T16:46:47,EdgeGATv2_full,edge_full,ka_tk,True,bilateral,first,median,1M,11563014.88,77598163.15,-0.0225,-12.0771,0.1146,170.84,17372,
2026-07-15T16:46:47,EdgeGATv2_full,edge_full,ka_tk,True,bilateral,first,median,10M,58981578.52,195834447.84,-0.0999,-34.2614,0.0103,193.4,2723,
2026-07-15T16:46:47,EdgeGATv2_full,edge_full,ka_tk,True,bilateral,first,median,100M,380641674.02,628647728.55,-0.5791,-99.575,-0.1955,199.19,258,
2026-07-15T16:48:01,EdgeGNN_full,edge_full,tk_ka,True,bilateral,first,median,all,1784253.74,29058075.21,-0.0016,0.1121,0.398,127.64,123777,
2026-07-15T16:48:01,EdgeGNN_full,edge_full,tk_ka,True,bilateral,first,median,1M,11373551.22,77552550.46,-0.0213,-8.54,0.11,157.62,17372,
2026-07-15T16:48:01,EdgeGNN_full,edge_full,tk_ka,True,bilateral,first,median,10M,58576901.38,195732936.23,-0.0987,-26.848,0.0129,186.61,2723,
2026-07-15T16:48:01,EdgeGNN_full,edge_full,tk_ka,True,bilateral,first,median,100M,380257188.47,628460866.8,-0.5781,-83.0165,-0.1777,198.32,258,
2026-07-15T16:51:22,EdgeGAT_full,edge_full,tk_ka,True,bilateral,first,median,all,1761873.11,29073352.68,-0.0026,0.0771,0.4063,128.41,123777,
2026-07-15T16:51:22,EdgeGAT_full,edge_full,tk_ka,True,bilateral,first,median,1M,11310392.67,77599159.66,-0.0226,-6.7834,0.1103,148.76,17372,
2026-07-15T16:51:22,EdgeGAT_full,edge_full,tk_ka,True,bilateral,first,median,10M,58499952.56,195716908.88,-0.0985,-23.4335,-0.0203,185.03,2723,
2026-07-15T16:51:22,EdgeGAT_full,edge_full,tk_ka,True,bilateral,first,median,100M,380257729.15,628439358.01,-0.578,-77.7372,-0.1443,198.43,258,
2026-07-15T16:52:47,EdgeGATv2_full,edge_full,tk_ka,True,bilateral,first,median,all,1742332.98,29066090.44,-0.0021,0.198,0.4531,125.7,123777,
2026-07-15T16:52:47,EdgeGATv2_full,edge_full,tk_ka,True,bilateral,first,median,1M,11470945.92,77582050.6,-0.0221,-10.4133,0.1094,162.72,17372,
2026-07-15T16:52:47,EdgeGATv2_full,edge_full,tk_ka,True,bilateral,first,median,10M,58855346.2,195799984.2,-0.0995,-30.8988,0.0027,191.11,2723,
2026-07-15T16:52:47,EdgeGATv2_full,edge_full,tk_ka,True,bilateral,first,median,100M,380526792.31,628581483.52,-0.5787,-92.479,-0.1926,198.97,258,
2026-07-15T17:03:56,EdgeGNN_full,blend,ka_ka,True,bilateral,first,median,all,1734895.41,29065136.48,-0.0021,0.1525,0.413,126.34,123777,
2026-07-15T17:03:56,EdgeGNN_full,blend,ka_ka,True,bilateral,first,median,1M,11442289.21,77579707.33,-0.022,-10.1807,0.1174,161.88,17372,
2026-07-15T17:03:56,EdgeGNN_full,blend,ka_ka,True,bilateral,first,median,10M,58780366.9,195794463.9,-0.0994,-29.9824,-0.011,189.67,2723,
2026-07-15T17:03:56,EdgeGNN_full,blend,ka_ka,True,bilateral,first,median,100M,380513948.52,628590171.46,-0.5788,-91.0707,-0.1532,198.94,258,
2026-07-15T17:06:15,EdgeGNN_full,attention,ka_ka,True,bilateral,first,median,all,2226259.86,29016560.34,0.0013,-0.5776,0.3539,145.18,123777,
2026-07-15T17:06:15,EdgeGNN_full,attention,ka_ka,True,bilateral,first,median,1M,11019598.46,77358335.37,-0.0162,-2.1611,0.1016,107.82,17372,
2026-07-15T17:06:15,EdgeGNN_full,attention,ka_ka,True,bilateral,first,median,10M,56495871.64,195227338.31,-0.093,-11.7849,-0.02,158.32,2723,
2026-07-15T17:06:15,EdgeGNN_full,attention,ka_ka,True,bilateral,first,median,100M,378595462.87,627467649.93,-0.5731,-49.2237,-0.0713,195.32,258,
2026-07-15T17:09:47,EdgeGAT_full,blend,ka_ka,True,bilateral,first,median,all,1741317.2,29055382.45,-0.0014,0.183,0.4699,124.8,123777,
2026-07-15T17:09:47,EdgeGAT_full,blend,ka_ka,True,bilateral,first,median,1M,11263891.03,77551514.59,-0.0213,-7.4892,0.113,146.32,17372,
2026-07-15T17:09:47,EdgeGAT_full,blend,ka_ka,True,bilateral,first,median,10M,58532279.2,195737479.52,-0.0988,-24.3711,-0.0202,185.45,2723,
2026-07-15T17:09:47,EdgeGAT_full,blend,ka_ka,True,bilateral,first,median,100M,380311218.47,628501317.35,-0.5783,-79.8827,-0.1721,198.48,258,
2026-07-15T17:13:54,EdgeGAT_full,attention,ka_ka,True,bilateral,first,median,all,1758327.62,29087047.85,-0.0036,-0.0027,0.0022,133.67,123777,
2026-07-15T17:13:54,EdgeGAT_full,attention,ka_ka,True,bilateral,first,median,1M,11795924.68,77639644.51,-0.0236,-16.9947,-0.0117,193.92,17372,
2026-07-15T17:13:54,EdgeGAT_full,attention,ka_ka,True,bilateral,first,median,10M,59295659.06,195921784.81,-0.1008,-47.5538,-0.0081,199.25,2723,
2026-07-15T17:13:54,EdgeGAT_full,attention,ka_ka,True,bilateral,first,median,100M,380962575.67,628812751.04,-0.5799,-125.5135,nan,199.93,258,
2026-07-15T17:15:27,EdgeGATv2_full,blend,ka_ka,True,bilateral,first,median,all,1754502.39,29060091.61,-0.0017,0.1567,0.4213,126.44,123777,
2026-07-15T17:15:27,EdgeGATv2_full,blend,ka_ka,True,bilateral,first,median,1M,11390731.75,77564165.63,-0.0216,-9.8012,0.1197,159.0,17372,
2026-07-15T17:15:27,EdgeGATv2_full,blend,ka_ka,True,bilateral,first,median,10M,58655663.45,195760617.24,-0.099,-29.3928,0.0025,187.79,2723,
2026-07-15T17:15:27,EdgeGATv2_full,blend,ka_ka,True,bilateral,first,median,100M,380389433.32,628525880.93,-0.5785,-89.7879,-0.1667,198.69,258,
2026-07-15T17:17:44,EdgeGATv2_full,attention,ka_ka,True,bilateral,first,median,all,1730891.6,29068158.35,-0.0023,0.1887,0.4372,125.51,123777,
2026-07-15T17:17:44,EdgeGATv2_full,attention,ka_ka,True,bilateral,first,median,1M,11493539.94,77588619.96,-0.0223,-10.5246,0.1178,164.82,17372,
2026-07-15T17:17:44,EdgeGATv2_full,attention,ka_ka,True,bilateral,first,median,10M,58879870.78,195815231.28,-0.0996,-31.2222,-0.0154,191.38,2723,
2026-07-15T17:17:44,EdgeGATv2_full,attention,ka_ka,True,bilateral,first,median,100M,380595423.97,628621815.8,-0.5789,-94.348,-0.162,199.14,258,
2026-07-15T17:19:19,EdgeGNN_full,blend,tk_tk,True,bilateral,first,median,all,1734211.19,29069619.22,-0.0024,0.1723,0.4248,125.96,123777,
2026-07-15T17:19:19,EdgeGNN_full,blend,tk_tk,True,bilateral,first,median,1M,11523645.26,77592800.5,-0.0224,-9.6953,0.1162,165.68,17372,
2026-07-15T17:19:19,EdgeGNN_full,blend,tk_tk,True,bilateral,first,median,10M,58938430.86,195824047.08,-0.0997,-29.8338,0.0089,192.55,2723,
2026-07-15T17:19:19,EdgeGNN_full,blend,tk_tk,True,bilateral,first,median,100M,380600793.22,628628399.94,-0.579,-89.6746,-0.1875,199.11,258,
2026-07-15T17:21:38,EdgeGNN_full,attention,tk_tk,True,bilateral,first,median,all,1774485.16,29044934.49,-0.0007,0.1176,0.4737,126.87,123777,
2026-07-15T17:21:38,EdgeGNN_full,attention,tk_tk,True,bilateral,first,median,1M,11193525.38,77517738.26,-0.0204,-6.0577,0.12,142.83,17372,
2026-07-15T17:21:38,EdgeGNN_full,attention,tk_tk,True,bilateral,first,median,10M,58232598.84,195658082.02,-0.0979,-21.422,-0.0101,180.74,2723,
2026-07-15T17:21:38,EdgeGNN_full,attention,tk_tk,True,bilateral,first,median,100M,380028978.04,628341658.64,-0.5775,-73.4804,-0.1836,197.88,258,
2026-07-15T17:25:06,EdgeGAT_full,blend,tk_tk,True,bilateral,first,median,all,1732148.12,29064380.58,-0.002,0.2171,0.4701,124.4,123777,
2026-07-15T17:25:06,EdgeGAT_full,blend,tk_tk,True,bilateral,first,median,1M,11429615.06,77577962.01,-0.022,-9.4137,0.1106,158.26,17372,
2026-07-15T17:25:06,EdgeGAT_full,blend,tk_tk,True,bilateral,first,median,10M,58806932.85,195792938.7,-0.0994,-29.0243,-0.0083,190.17,2723,
2026-07-15T17:25:06,EdgeGAT_full,blend,tk_tk,True,bilateral,first,median,100M,380503896.9,628576919.39,-0.5787,-89.7719,-0.1838,198.92,258,
2026-07-15T17:29:13,EdgeGAT_full,attention,tk_tk,True,bilateral,first,median,all,1738705.45,29066672.16,-0.0022,0.1999,0.4553,125.71,123777,
2026-07-15T17:29:13,EdgeGAT_full,attention,tk_tk,True,bilateral,first,median,1M,11480442.7,77584202.17,-0.0222,-10.6367,0.1154,162.28,17372,
2026-07-15T17:29:13,EdgeGAT_full,attention,tk_tk,True,bilateral,first,median,10M,58883093.42,195804864.65,-0.0995,-30.9519,0.0164,191.56,2723,
2026-07-15T17:29:13,EdgeGAT_full,attention,tk_tk,True,bilateral,first,median,100M,380527955.99,628586227.26,-0.5788,-91.5084,-0.1926,198.96,258,
2026-07-15T17:30:46,EdgeGATv2_full,blend,tk_tk,True,bilateral,first,median,all,1734103.73,29068326.83,-0.0023,0.1896,0.4312,125.5,123777,
2026-07-15T17:30:46,EdgeGATv2_full,blend,tk_tk,True,bilateral,first,median,1M,11495378.07,77588909.95,-0.0223,-10.109,0.1213,164.8,17372,
2026-07-15T17:30:46,EdgeGATv2_full,blend,tk_tk,True,bilateral,first,median,10M,58878238.94,195816016.04,-0.0996,-30.1348,0.0056,191.47,2723,
2026-07-15T17:30:46,EdgeGATv2_full,blend,tk_tk,True,bilateral,first,median,100M,380577567.32,628628260.03,-0.579,-90.2327,-0.2043,199.05,258,
2026-07-15T17:33:04,EdgeGATv2_full,attention,tk_tk,True,bilateral,first,median,all,1742915.55,29068585.57,-0.0023,0.197,0.4452,125.55,123777,
2026-07-15T17:33:04,EdgeGATv2_full,attention,tk_tk,True,bilateral,first,median,1M,11491535.47,77588698.63,-0.0223,-10.034,0.1046,161.93,17372,
2026-07-15T17:33:04,EdgeGATv2_full,attention,tk_tk,True,bilateral,first,median,10M,58916007.4,195815871.52,-0.0996,-30.4252,0.0116,192.14,2723,
2026-07-15T17:33:04,EdgeGATv2_full,attention,tk_tk,True,bilateral,first,median,100M,380576582.72,628612084.01,-0.5789,-92.219,-0.1946,199.06,258,
2026-07-15T17:34:37,EdgeGNN_full,blend,ka_tk,True,bilateral,first,median,all,1770240.26,29089289.7,-0.0037,-12.8319,nan,200.0,123777,
2026-07-15T17:34:37,EdgeGNN_full,blend,ka_tk,True,bilateral,first,median,1M,11833154.06,77645309.55,-0.0238,-185.9641,nan,200.0,17372,
2026-07-15T17:34:37,EdgeGNN_full,blend,ka_tk,True,bilateral,first,median,10M,59332879.56,195933055.56,-0.101,-321.6653,nan,200.0,2723,
2026-07-15T17:34:37,EdgeGNN_full,blend,ka_tk,True,bilateral,first,median,100M,380999815.88,628835313.5,-0.58,-603.1707,nan,200.0,258,
2026-07-15T17:36:56,EdgeGNN_full,attention,ka_tk,True,bilateral,first,median,all,1745331.59,29078549.23,-0.003,0.1368,0.4093,128.32,123777,
2026-07-15T17:36:56,EdgeGNN_full,attention,ka_tk,True,bilateral,first,median,1M,11651739.65,77616624.95,-0.023,-12.9726,0.1136,178.03,17372,
2026-07-15T17:36:56,EdgeGNN_full,attention,ka_tk,True,bilateral,first,median,10M,59111421.74,195874517.34,-0.1003,-36.2628,0.0002,195.71,2723,
2026-07-15T17:36:56,EdgeGNN_full,attention,ka_tk,True,bilateral,first,median,100M,380786814.5,628729685.45,-0.5795,-103.4686,-0.1884,199.51,258,
2026-07-15T17:40:24,EdgeGAT_full,blend,ka_tk,True,bilateral,first,median,all,1739665.28,29078388.0,-0.003,0.1978,0.4707,126.04,123777,
2026-07-15T17:40:24,EdgeGAT_full,blend,ka_tk,True,bilateral,first,median,1M,11659506.28,77616474.68,-0.023,-12.1937,0.1059,178.39,17372,
2026-07-15T17:40:24,EdgeGAT_full,blend,ka_tk,True,bilateral,first,median,10M,59128261.26,195873847.7,-0.1003,-35.7878,0.0019,196.06,2723,
2026-07-15T17:40:24,EdgeGAT_full,blend,ka_tk,True,bilateral,first,median,100M,380793434.76,628720257.15,-0.5794,-102.995,-0.1762,199.54,258,
2026-07-15T17:44:31,EdgeGAT_full,attention,ka_tk,True,bilateral,first,median,all,1736539.24,29082303.51,-0.0032,0.1754,0.4287,125.82,123777,
2026-07-15T17:44:31,EdgeGAT_full,attention,ka_tk,True,bilateral,first,median,1M,11540457.26,77626418.2,-0.0233,-9.8263,0.1164,166.36,17372,
2026-07-15T17:44:31,EdgeGAT_full,attention,ka_tk,True,bilateral,first,median,10M,59027153.22,195908299.64,-0.1007,-30.0921,-0.0148,192.42,2723,
2026-07-15T17:44:31,EdgeGAT_full,attention,ka_tk,True,bilateral,first,median,100M,380655369.05,628653386.48,-0.5791,-91.7231,-0.1811,199.25,258,
2026-07-15T17:46:05,EdgeGATv2_full,blend,ka_tk,True,bilateral,first,median,all,1741325.54,29068913.22,-0.0023,0.1618,0.4075,127.43,123777,
2026-07-15T17:46:05,EdgeGATv2_full,blend,ka_tk,True,bilateral,first,median,1M,11514164.49,77590227.52,-0.0223,-11.2337,0.1103,166.74,17372,
2026-07-15T17:46:05,EdgeGATv2_full,blend,ka_tk,True,bilateral,first,median,10M,58910989.32,195817765.24,-0.0997,-32.441,0.0155,192.09,2723,
2026-07-15T17:46:05,EdgeGATv2_full,blend,ka_tk,True,bilateral,first,median,100M,380585575.3,628619291.96,-0.5789,-95.329,-0.1713,199.09,258,
2026-07-15T17:48:23,EdgeGATv2_full,attention,ka_tk,True,bilateral,first,median,all,1812567.73,29038854.4,-0.0002,0.0458,0.409,129.94,123777,
2026-07-15T17:48:23,EdgeGATv2_full,attention,ka_tk,True,bilateral,first,median,1M,11168441.72,77495076.01,-0.0198,-6.4071,0.1049,140.24,17372,
2026-07-15T17:48:23,EdgeGATv2_full,attention,ka_tk,True,bilateral,first,median,10M,57995100.13,195600511.6,-0.0972,-22.1245,-0.0096,177.79,2723,
2026-07-15T17:48:23,EdgeGATv2_full,attention,ka_tk,True,bilateral,first,median,100M,379804257.4,628234216.5,-0.577,-74.2744,-0.1684,197.45,258,
2026-07-15T17:49:57,EdgeGNN_full,blend,tk_ka,True,bilateral,first,median,all,2065685.85,29028076.77,0.0005,-0.018,0.4452,132.84,123777,
2026-07-15T17:49:57,EdgeGNN_full,blend,tk_ka,True,bilateral,first,median,1M,11462015.14,77371100.2,-0.0166,-5.2535,0.1056,127.42,17372,
2026-07-15T17:49:57,EdgeGNN_full,blend,tk_ka,True,bilateral,first,median,10M,55942932.7,195154952.04,-0.0922,-18.0801,-0.0234,155.51,2723,
2026-07-15T17:49:57,EdgeGNN_full,blend,tk_ka,True,bilateral,first,median,100M,378120297.83,627375359.14,-0.5727,-64.8225,-0.1574,194.24,258,
2026-07-15T17:52:16,EdgeGNN_full,attention,tk_ka,True,bilateral,first,median,all,1748081.95,29069171.89,-0.0023,0.1921,0.4421,125.5,123777,
2026-07-15T17:52:17,EdgeGNN_full,attention,tk_ka,True,bilateral,first,median,1M,11496934.89,77589257.12,-0.0223,-10.0136,0.0945,163.88,17372,
2026-07-15T17:52:17,EdgeGNN_full,attention,tk_ka,True,bilateral,first,median,10M,58891057.24,195817204.96,-0.0997,-30.834,-0.0025,191.77,2723,
2026-07-15T17:52:17,EdgeGNN_full,attention,tk_ka,True,bilateral,first,median,100M,380570018.89,628623948.46,-0.5789,-93.9716,-0.1954,199.0,258,
2026-07-15T17:55:45,EdgeGAT_full,blend,tk_ka,True,bilateral,first,median,all,1742130.49,29067799.13,-0.0022,0.1868,0.4481,125.26,123777,
2026-07-15T17:55:45,EdgeGAT_full,blend,tk_ka,True,bilateral,first,median,1M,11464055.05,77586640.76,-0.0222,-9.0025,0.1113,160.24,17372,
2026-07-15T17:55:45,EdgeGAT_full,blend,tk_ka,True,bilateral,first,median,10M,58861852.44,195812815.02,-0.0996,-28.2194,-0.0125,191.03,2723,
2026-07-15T17:55:45,EdgeGAT_full,blend,tk_ka,True,bilateral,first,median,100M,380567804.85,628621573.21,-0.5789,-87.9062,-0.2177,199.02,258,
2026-07-15T17:59:55,EdgeGAT_full,attention,tk_ka,True,bilateral,first,median,all,1758313.34,29087033.87,-0.0036,-0.0023,0.0025,133.65,123777,
2026-07-15T17:59:55,EdgeGAT_full,attention,tk_ka,True,bilateral,first,median,1M,11795673.9,77639607.93,-0.0236,-16.9516,-0.0043,193.88,17372,
2026-07-15T17:59:55,EdgeGAT_full,attention,tk_ka,True,bilateral,first,median,10M,59295454.33,195921719.44,-0.1008,-47.4974,0.0068,199.25,2723,
2026-07-15T17:59:55,EdgeGAT_full,attention,tk_ka,True,bilateral,first,median,100M,380962355.89,628812617.88,-0.5799,-125.3462,nan,199.93,258,
2026-07-15T18:01:31,EdgeGATv2_full,blend,tk_ka,True,bilateral,first,median,all,1735408.76,29071437.82,-0.0025,0.2122,0.4637,124.72,123777,
2026-07-15T18:01:31,EdgeGATv2_full,blend,tk_ka,True,bilateral,first,median,1M,11526251.25,77597375.61,-0.0225,-9.9951,0.1012,164.95,17372,
2026-07-15T18:01:31,EdgeGATv2_full,blend,tk_ka,True,bilateral,first,median,10M,58960828.67,195835465.57,-0.0999,-30.6572,-0.0003,192.91,2723,
2026-07-15T18:01:31,EdgeGATv2_full,blend,tk_ka,True,bilateral,first,median,100M,380647767.02,628660033.83,-0.5791,-92.6348,-0.1964,199.2,258,
2026-07-15T18:03:52,EdgeGATv2_full,attention,tk_ka,True,bilateral,first,median,all,1738455.5,29075418.99,-0.0028,0.1703,0.4281,127.57,123777,
2026-07-15T18:03:52,EdgeGATv2_full,attention,tk_ka,True,bilateral,first,median,1M,11608296.5,77608293.5,-0.0228,-13.0836,0.1108,174.92,17372,
2026-07-15T18:03:52,EdgeGATv2_full,attention,tk_ka,True,bilateral,first,median,10M,59032161.57,195856894.83,-0.1001,-36.2439,-0.0063,194.22,2723,
2026-07-15T18:03:52,EdgeGATv2_full,attention,tk_ka,True,bilateral,first,median,100M,380725015.87,628702676.04,-0.5793,-105.6321,-0.1872,199.39,258,
2026-07-15T21:57:18,RF,none,none,False,node,first,drop,all,1284996.1,21712857.01,0.0652,0.4711,0.6958,106.12,135454,
2026-07-15T21:57:18,RF,none,none,False,node,first,drop,1M,8642555.97,58653552.05,0.0429,-5.0164,0.3328,125.22,18559,
2026-07-15T21:57:18,RF,none,none,False,node,first,drop,10M,46522237.86,154005526.31,-0.0435,-14.1113,0.2308,151.44,2686,
2026-07-15T21:57:18,RF,none,none,False,node,first,drop,100M,313305055.49,516266168.05,-0.5729,-37.7585,0.1175,168.65,232,
2026-07-15T22:31:52,TabTF,none,none,False,node,first,drop,all,1436467.89,22473320.09,-0.0014,0.2991,0.5616,119.76,135454,
2026-07-15T22:31:52,TabTF,none,none,False,node,first,drop,1M,9654119.72,60709868.04,-0.0254,-9.828,0.1302,153.65,18559,
2026-07-15T22:31:52,TabTF,none,none,False,node,first,drop,10M,51632330.88,159384796.84,-0.1177,-29.7356,-0.0019,187.06,2686,
2026-07-15T22:31:52,TabTF,none,none,False,node,first,drop,100M,338624352.66,533085673.3,-0.6771,-97.3316,-0.1164,198.59,232,
2026-07-15T22:32:38,GCN,none,none,False,node,first,drop,all,1807241.92,28252266.59,0.0002,0.1214,0.4996,126.85,120623,
2026-07-15T22:32:38,GCN,none,none,False,node,first,drop,1M,10926380.03,74063909.32,-0.0203,-5.4825,0.1384,141.91,17544,
2026-07-15T22:32:38,GCN,none,none,False,node,first,drop,10M,56063293.04,186618929.52,-0.1,-19.8974,0.0064,176.16,2759,
2026-07-15T22:32:38,GCN,none,none,False,node,first,drop,100M,367286591.5,606047445.32,-0.5815,-68.9328,-0.139,197.1,255,
2026-07-15T22:34:49,GAT,none,none,False,node,first,drop,all,1775182.12,28255845.64,-0.0001,0.1613,0.4904,125.39,120623,
2026-07-15T22:34:49,GAT,none,none,False,node,first,drop,1M,10948847.71,74080215.51,-0.0207,-6.1787,0.1369,144.04,17544,
2026-07-15T22:34:49,GAT,none,none,False,node,first,drop,10M,56295371.13,186659986.44,-0.1005,-21.4484,0.0159,179.47,2759,
2026-07-15T22:34:49,GAT,none,none,False,node,first,drop,100M,367440801.34,606100506.42,-0.5818,-71.0225,-0.1041,197.5,255,
2026-07-15T22:37:20,GATv2,none,none,False,node,first,drop,all,1770362.25,28259883.31,-0.0004,0.1671,0.4973,125.01,120623,
2026-07-15T22:37:20,GATv2,none,none,False,node,first,drop,1M,10943458.08,74091783.13,-0.021,-6.002,0.138,143.1,17544,
2026-07-15T22:37:20,GATv2,none,none,False,node,first,drop,10M,56345625.6,186690612.62,-0.1009,-21.1675,0.0118,179.83,2759,
2026-07-15T22:37:20,GATv2,none,none,False,node,first,drop,100M,367556395.65,606184955.83,-0.5823,-71.5761,-0.1111,197.69,255,
2026-07-15T22:44:57,RF,concat,keepall,True,node,first,drop,all,1280726.75,21680027.88,0.0681,0.4877,0.7086,105.43,135454,
2026-07-15T22:44:57,RF,concat,keepall,True,node,first,drop,1M,8632591.54,58566166.35,0.0458,-4.6386,0.356,124.61,18559,
2026-07-15T22:44:57,RF,concat,keepall,True,node,first,drop,10M,46483484.45,153776466.03,-0.0404,-12.9354,0.2445,150.92,2686,
2026-07-15T22:44:57,RF,concat,keepall,True,node,first,drop,100M,312330921.03,515432844.01,-0.5679,-35.1028,0.0985,167.79,232,
2026-07-15T23:44:00,TabTF,concat,keepall,True,node,first,drop,all,1433766.55,22468339.06,-0.0009,0.3189,0.5689,117.99,135454,
2026-07-15T23:44:00,TabTF,concat,keepall,True,node,first,drop,1M,9590385.54,60695823.19,-0.0249,-8.1376,0.145,148.35,18559,
2026-07-15T23:44:00,TabTF,concat,keepall,True,node,first,drop,10M,51529978.91,159353997.64,-0.1173,-26.1793,-0.0124,185.25,2686,
2026-07-15T23:44:00,TabTF,concat,keepall,True,node,first,drop,100M,338519553.52,533026512.59,-0.6767,-92.0564,-0.0863,198.38,232,
2026-07-15T23:44:47,GCN,concat,keepall,True,node,first,drop,all,1807106.87,28263449.98,-0.0006,0.0706,0.3976,128.83,120623,
2026-07-15T23:44:47,GCN,concat,keepall,True,node,first,drop,1M,10937678.18,74097771.64,-0.0212,-6.648,0.1306,141.42,17544,
2026-07-15T23:44:47,GCN,concat,keepall,True,node,first,drop,10M,56446658.27,186705779.45,-0.1011,-22.1971,0.0183,181.16,2759,
2026-07-15T23:44:47,GCN,concat,keepall,True,node,first,drop,100M,367599938.16,606198971.09,-0.5823,-73.1133,-0.159,197.71,255,
2026-07-15T23:47:01,GAT,concat,keepall,True,node,first,drop,all,9518203.91,98930949.45,-11.2599,-0.0501,0.4118,128.68,120623,
2026-07-15T23:47:01,GAT,concat,keepall,True,node,first,drop,1M,15760930.27,98110603.13,-0.7903,-7.5061,0.1167,146.11,17544,
2026-07-15T23:47:01,GAT,concat,keepall,True,node,first,drop,10M,58914739.3,192530687.68,-0.1708,-23.7561,0.0111,181.43,2759,
2026-07-15T23:47:01,GAT,concat,keepall,True,node,first,drop,100M,367348303.98,606145160.29,-0.5821,-78.7363,-0.1307,197.57,255,
2026-07-15T23:49:35,GATv2,concat,keepall,True,node,first,drop,all,1779532.46,28277511.16,-0.0016,0.1658,0.4539,125.77,120623,
2026-07-15T23:49:35,GATv2,concat,keepall,True,node,first,drop,1M,11054895.97,74139027.53,-0.0223,-7.6168,0.1043,148.81,17544,
2026-07-15T23:49:35,GATv2,concat,keepall,True,node,first,drop,10M,56777576.01,186802414.6,-0.1022,-25.629,0.0047,186.29,2759,
2026-07-15T23:49:35,GATv2,concat,keepall,True,node,first,drop,100M,367939335.08,606391981.66,-0.5833,-84.9792,-0.1986,198.37,255,
2026-07-15T23:57:01,RF,concat,topk,True,node,first,drop,all,1281993.9,21671387.07,0.0688,0.4756,0.6996,105.96,135454,
2026-07-15T23:57:01,RF,concat,topk,True,node,first,drop,1M,8618590.15,58542014.58,0.0465,-4.7285,0.3484,124.56,18559,
2026-07-15T23:57:01,RF,concat,topk,True,node,first,drop,10M,46368489.77,153710413.98,-0.0396,-13.2428,0.2423,150.81,2686,
2026-07-15T23:57:01,RF,concat,topk,True,node,first,drop,100M,311484471.73,515246950.17,-0.5667,-35.8237,0.0849,166.7,232,
2026-07-16T00:52:46,TabTF,concat,topk,True,node,first,drop,all,1436887.8,22472099.44,-0.0013,0.274,0.5365,120.19,135454,
2026-07-16T00:52:46,TabTF,concat,topk,True,node,first,drop,1M,9615378.43,60706287.18,-0.0253,-9.053,0.1337,150.18,18559,
2026-07-16T00:52:46,TabTF,concat,topk,True,node,first,drop,10M,51602588.46,159379119.1,-0.1176,-28.5143,-0.0165,186.38,2686,
2026-07-16T00:52:46,TabTF,concat,topk,True,node,first,drop,100M,338623146.22,533079217.83,-0.6771,-96.3935,-0.0905,198.59,232,
2026-07-16T00:53:39,GCN,concat,topk,True,node,first,drop,all,1866885.98,28262428.52,-0.0006,0.0149,0.4135,130.49,120623,
2026-07-16T00:53:39,GCN,concat,topk,True,node,first,drop,1M,10905315.58,74081459.98,-0.0208,-5.6335,0.109,136.45,17544,
2026-07-16T00:53:39,GCN,concat,topk,True,node,first,drop,10M,56163347.47,186662308.38,-0.1005,-20.662,-0.0241,176.9,2759,
2026-07-16T00:53:39,GCN,concat,topk,True,node,first,drop,100M,367475587.96,606155178.3,-0.5821,-74.0747,-0.1256,197.42,255,
2026-07-16T00:55:52,GAT,concat,topk,True,node,first,drop,all,1819726.11,28266188.12,-0.0008,0.0518,0.4221,129.54,120623,
2026-07-16T00:55:52,GAT,concat,topk,True,node,first,drop,1M,10960088.55,74104559.17,-0.0214,-5.9551,0.1134,140.36,17544,
2026-07-16T00:55:52,GAT,concat,topk,True,node,first,drop,10M,56576021.46,186721848.48,-0.1012,-21.4143,0.0012,183.14,2759,
2026-07-16T00:55:52,GAT,concat,topk,True,node,first,drop,100M,367650595.19,606201293.27,-0.5823,-72.7089,-0.1658,197.84,255,
2026-07-16T00:58:26,GATv2,concat,topk,True,node,first,drop,all,1766831.85,28280921.73,-0.0019,0.1704,0.4735,125.38,120623,
2026-07-16T00:58:26,GATv2,concat,topk,True,node,first,drop,1M,11115273.96,74151307.85,-0.0227,-7.0233,0.1172,151.0,17544,
2026-07-16T00:58:26,GATv2,concat,topk,True,node,first,drop,10M,56928076.42,186828596.82,-0.1025,-24.5044,0.0149,188.87,2759,
2026-07-16T00:58:27,GATv2,concat,topk,True,node,first,drop,100M,368015614.36,606418830.5,-0.5835,-80.4079,-0.1916,198.58,255,
2026-07-16T01:04:06,RF,none,none,False,node,spec,drop,all,68533880.72,1014825117.84,0.0587,0.578,0.768,120.89,135454,
2026-07-16T01:04:06,RF,none,none,False,node,spec,drop,1M,158840079.31,1548944547.92,0.0518,-0.7867,0.5922,122.36,58143,
2026-07-16T01:04:06,RF,none,none,False,node,spec,drop,10M,291290409.09,2113230696.78,0.0417,-2.7395,0.4873,126.67,31234,
2026-07-16T01:04:06,RF,none,none,False,node,spec,drop,100M,789311298.42,3598777450.34,0.0061,-7.6753,0.3746,138.37,10767,
2026-07-16T01:31:55,TabTF,none,none,False,node,spec,drop,all,73842194.99,1041968013.62,0.0076,0.4369,0.6678,132.71,135454,
2026-07-16T01:31:55,TabTF,none,none,False,node,spec,drop,1M,170892227.36,1590370423.18,0.0004,-1.5936,0.4905,135.39,58143,
2026-07-16T01:31:55,TabTF,none,none,False,node,spec,drop,10M,313416392.7,2169816930.4,-0.0103,-4.5764,0.3669,144.07,31234,
2026-07-16T01:31:55,TabTF,none,none,False,node,spec,drop,100M,845053973.68,3694977018.96,-0.0477,-12.6296,0.2385,159.69,10767,
2026-07-16T01:32:44,GCN,none,none,False,node,spec,drop,all,54793566.94,826146170.51,0.0088,0.2355,0.5974,137.68,120623,
2026-07-16T01:32:44,GCN,none,none,False,node,spec,drop,1M,132648182.14,1303136419.5,0.0025,-0.686,0.3753,121.28,48475,
2026-07-16T01:32:44,GCN,none,none,False,node,spec,drop,10M,256420272.02,1851088361.58,-0.0079,-3.0997,0.2763,134.39,24017,
2026-07-16T01:32:44,GCN,none,none,False,node,spec,drop,100M,772741268.55,3389378690.11,-0.0481,-10.5217,0.2241,151.3,7159,
2026-07-16T01:34:55,GAT,none,none,False,node,spec,drop,all,67107362.55,823443802.82,0.0153,0.2165,0.6011,138.57,120623,
2026-07-16T01:34:55,GAT,none,none,False,node,spec,drop,1M,159549957.0,1297861926.98,0.0105,-0.7885,0.3892,123.09,48475,
2026-07-16T01:34:55,GAT,none,none,False,node,spec,drop,10M,292930467.26,1839310125.75,0.0049,-2.9308,0.2871,133.29,24017,
2026-07-16T01:34:55,GAT,none,none,False,node,spec,drop,100M,774881371.28,3351545133.67,-0.0248,-8.8659,0.2271,139.79,7159,
2026-07-16T01:37:25,GATv2,none,none,False,node,spec,drop,all,54625006.91,828293263.88,0.0037,0.2774,0.5962,136.32,120623,
2026-07-16T01:37:25,GATv2,none,none,False,node,spec,drop,1M,132639565.81,1306535253.18,-0.0027,-0.89,0.3789,124.63,48475,
2026-07-16T01:37:25,GATv2,none,none,False,node,spec,drop,10M,257817873.47,1856006263.26,-0.0132,-3.5572,0.2721,137.8,24017,
2026-07-16T01:37:25,GATv2,none,none,False,node,spec,drop,100M,787533434.62,3398827401.84,-0.0539,-11.7111,0.2173,158.43,7159,
2026-07-16T01:44:45,RF,concat,keepall,True,node,spec,drop,all,68193089.82,1002783687.74,0.0809,0.5533,0.7501,121.65,135454,
2026-07-16T01:44:45,RF,concat,keepall,True,node,spec,drop,1M,158112516.28,1530567636.1,0.0741,-0.7706,0.6029,121.42,58143,
2026-07-16T01:44:45,RF,concat,keepall,True,node,spec,drop,10M,290200953.06,2088150901.89,0.0643,-2.6783,0.5021,126.69,31234,
2026-07-16T01:44:45,RF,concat,keepall,True,node,spec,drop,100M,786388474.97,3556036487.77,0.0296,-7.4768,0.385,139.65,10767,
2026-07-16T02:36:47,TabTF,concat,keepall,True,node,spec,drop,all,74343777.57,1043966895.32,0.0038,0.4091,0.6448,134.66,135454,
2026-07-16T02:36:47,TabTF,concat,keepall,True,node,spec,drop,1M,172014822.76,1593422655.48,-0.0035,-1.7086,0.4783,139.24,58143,
2026-07-16T02:36:47,TabTF,concat,keepall,True,node,spec,drop,10M,315444470.09,2173993712.55,-0.0142,-4.8931,0.3538,147.04,31234,
2026-07-16T02:36:47,TabTF,concat,keepall,True,node,spec,drop,100M,853772503.75,3702290142.81,-0.0519,-13.626,0.2349,162.86,10767,
2026-07-16T02:37:52,GCN,concat,keepall,True,node,spec,drop,all,56330480.71,825793514.58,0.0097,0.1124,0.5324,141.75,120623,
2026-07-16T02:37:52,GCN,concat,keepall,True,node,spec,drop,1M,134672027.35,1302512192.54,0.0034,-1.0746,0.3297,125.37,48475,
2026-07-16T02:37:52,GCN,concat,keepall,True,node,spec,drop,10M,257013573.91,1849991080.9,-0.0067,-3.6962,0.2543,130.73,24017,
2026-07-16T02:37:52,GCN,concat,keepall,True,node,spec,drop,100M,766012918.21,3386838771.75,-0.0465,-11.2589,0.2137,146.35,7159,
2026-07-16T02:40:10,GAT,concat,keepall,True,node,spec,drop,all,54282515.34,830526303.87,-0.0017,0.3095,0.5614,138.56,120623,
2026-07-16T02:40:10,GAT,concat,keepall,True,node,spec,drop,1M,133727133.39,1310099816.25,-0.0082,-2.6752,0.3866,149.6,48475,
2026-07-16T02:40:10,GAT,concat,keepall,True,node,spec,drop,10M,264297639.96,1861207733.38,-0.0189,-7.5754,0.2786,161.83,24017,
2026-07-16T02:40:10,GAT,concat,keepall,True,node,spec,drop,100M,814469920.85,3408510001.19,-0.0599,-20.247,0.194,181.34,7159,
2026-07-16T02:42:43,GATv2,concat,keepall,True,node,spec,drop,all,54091697.17,830541026.51,-0.0017,0.2993,0.5545,137.76,120623,
2026-07-16T02:42:43,GATv2,concat,keepall,True,node,spec,drop,1M,133239403.26,1310130802.32,-0.0083,-2.117,0.3677,142.06,48475,
2026-07-16T02:42:43,GATv2,concat,keepall,True,node,spec,drop,10M,264129271.65,1861269581.69,-0.019,-6.5701,0.2608,157.69,24017,
2026-07-16T02:42:43,GATv2,concat,keepall,True,node,spec,drop,100M,816049078.39,3408640980.44,-0.06,-18.9641,0.1979,182.98,7159,
2026-07-16T02:49:57,RF,concat,topk,True,node,spec,drop,all,68154598.67,1003775208.14,0.079,0.5815,0.7721,120.24,135454,
2026-07-16T02:49:57,RF,concat,topk,True,node,spec,drop,1M,158032251.09,1532081810.72,0.0723,-0.6853,0.6166,120.35,58143,
2026-07-16T02:49:57,RF,concat,topk,True,node,spec,drop,10M,290087630.47,2090217976.97,0.0624,-2.4757,0.517,125.33,31234,
2026-07-16T02:49:57,RF,concat,topk,True,node,spec,drop,100M,786656119.38,3559580429.17,0.0276,-7.0155,0.3912,138.83,10767,
2026-07-16T03:40:33,TabTF,concat,topk,True,node,spec,drop,all,74307711.43,1044436407.88,0.0029,0.4061,0.662,134.79,135454,
2026-07-16T03:40:33,TabTF,concat,topk,True,node,spec,drop,1M,172178662.63,1594142729.56,-0.0044,-2.1492,0.4941,142.57,58143,
2026-07-16T03:40:33,TabTF,concat,topk,True,node,spec,drop,10M,316133229.62,2174987670.91,-0.0151,-5.5267,0.3652,147.41,31234,
2026-07-16T03:40:33,TabTF,concat,topk,True,node,spec,drop,100M,858457930.93,3704032164.03,-0.0529,-14.3686,0.2356,165.25,10767,
2026-07-16T03:41:23,GCN,concat,topk,True,node,spec,drop,all,53901270.28,830307706.2,-0.0012,0.3049,0.5606,137.17,120623,
2026-07-16T03:41:23,GCN,concat,topk,True,node,spec,drop,1M,132733186.74,1309762420.65,-0.0077,-1.7218,0.3947,137.45,48475,
2026-07-16T03:41:23,GCN,concat,topk,True,node,spec,drop,10M,263111099.39,1860741860.78,-0.0184,-5.7867,0.2936,156.16,24017,
2026-07-16T03:41:23,GCN,concat,topk,True,node,spec,drop,100M,812940571.03,3407672512.07,-0.0594,-17.1851,0.2118,179.62,7159,
2026-07-16T03:43:38,GAT,concat,topk,True,node,spec,drop,all,55015270.63,828832132.98,0.0024,0.229,0.5534,138.43,120623,
2026-07-16T03:43:38,GAT,concat,topk,True,node,spec,drop,1M,133625922.73,1307378761.02,-0.004,-1.0581,0.3886,127.43,48475,
2026-07-16T03:43:38,GAT,concat,topk,True,node,spec,drop,10M,259651006.49,1857151709.56,-0.0145,-3.9241,0.2818,140.65,24017,
2026-07-16T03:43:38,GAT,concat,topk,True,node,spec,drop,100M,789211693.03,3400684373.13,-0.0551,-12.2581,0.2069,158.06,7159,
2026-07-16T03:46:12,GATv2,concat,topk,True,node,spec,drop,all,55314320.0,827653054.59,0.0052,0.2654,0.5755,136.78,120623,
2026-07-16T03:46:12,GATv2,concat,topk,True,node,spec,drop,1M,133609793.1,1305454523.3,-0.0011,-1.0701,0.395,127.47,48475,
2026-07-16T03:46:12,GATv2,concat,topk,True,node,spec,drop,10M,258087369.79,1854356811.51,-0.0114,-3.7383,0.2885,137.18,24017,
2026-07-16T03:46:12,GATv2,concat,topk,True,node,spec,drop,100M,781805685.99,3395567532.57,-0.0519,-11.3297,0.2133,153.43,7159,
2026-07-16T03:48:40,GAT,blend,keepall,True,node,first,drop,all,1768783.96,28280296.03,-0.0018,0.1845,0.4602,124.75,120623,
2026-07-16T03:48:40,GAT,blend,keepall,True,node,first,drop,1M,11102025.13,74148201.77,-0.0226,-7.7936,0.1265,152.61,17544,
2026-07-16T03:48:40,GAT,blend,keepall,True,node,first,drop,10M,56852449.58,186821672.18,-0.1024,-25.4282,0.009,187.53,2759,
2026-07-16T03:48:40,GAT,blend,keepall,True,node,first,drop,100M,368002982.15,606426337.34,-0.5835,-81.7747,-0.1894,198.53,255,
2026-07-16T03:51:04,GAT,blend,topk,True,node,first,drop,all,1992219.84,28264253.17,-0.0007,-0.0488,0.4153,132.98,120623,
2026-07-16T03:51:04,GAT,blend,topk,True,node,first,drop,1M,10755488.51,74067982.65,-0.0204,-5.2206,0.0786,124.2,17544,
2026-07-16T03:51:04,GAT,blend,topk,True,node,first,drop,10M,56120587.31,186644660.44,-0.1003,-19.2981,-0.0009,175.79,2759,
2026-07-16T03:51:04,GAT,blend,topk,True,node,first,drop,100M,367374557.75,606124077.03,-0.5819,-69.6182,-0.1867,197.1,255,
2026-07-16T03:54:20,GAT,attention,keepall,True,node,first,drop,all,1785356.92,28309899.13,-0.0039,-0.0253,nan,135.43,120623,
2026-07-16T03:54:20,GAT,attention,keepall,True,node,first,drop,1M,11557204.75,74229504.92,-0.0248,-19.2098,nan,195.37,17544,
2026-07-16T03:54:20,GAT,attention,keepall,True,node,first,drop,10M,57499491.81,186991417.49,-0.1044,-52.6403,nan,199.43,2759,
2026-07-16T03:54:20,GAT,attention,keepall,True,node,first,drop,100M,368622134.88,606728516.49,-0.5851,-138.8522,nan,199.94,255,
2026-07-16T03:57:32,GAT,attention,topk,True,node,first,drop,all,1923892.74,28262797.99,-0.0006,0.0306,0.4713,130.25,120623,
2026-07-16T03:57:32,GAT,attention,topk,True,node,first,drop,1M,10912406.1,74031427.63,-0.0194,-4.6983,0.1162,127.58,17544,
2026-07-16T03:57:32,GAT,attention,topk,True,node,first,drop,10M,56103848.79,186491326.14,-0.0985,-18.4491,0.025,177.4,2759,
2026-07-16T03:57:32,GAT,attention,topk,True,node,first,drop,100M,366722943.43,605615227.03,-0.5793,-65.7338,-0.196,196.17,255,
2026-07-16T04:01:27,EdgeGNN,edge,bilateral,True,bilateral,first,drop,all,1770570.6,28291997.35,-0.0026,0.1021,0.331,129.2,120623,
2026-07-16T04:01:27,EdgeGNN,edge,bilateral,True,bilateral,first,drop,1M,11292937.86,74181413.96,-0.0235,-11.3143,0.1351,169.01,17544,
2026-07-16T04:01:27,EdgeGNN,edge,bilateral,True,bilateral,first,drop,10M,57128966.65,186890957.92,-0.1032,-32.1769,0.033,192.51,2759,
2026-07-16T04:01:27,EdgeGNN,edge,bilateral,True,bilateral,first,drop,100M,368265484.79,606547714.02,-0.5842,-92.6751,-0.0944,199.16,255,
2026-07-16T04:39:30,EdgeGAT,edge,bilateral,True,bilateral,first,drop,all,1797546.44,28283925.83,-0.0021,0.1528,0.4021,128.19,120623,
2026-07-16T04:39:30,EdgeGAT,edge,bilateral,True,bilateral,first,drop,1M,11210343.89,74153596.43,-0.0227,-10.9463,0.1153,164.35,17544,
2026-07-16T04:39:30,EdgeGAT,edge,bilateral,True,bilateral,first,drop,10M,56911558.1,186827049.99,-0.1025,-31.6837,-0.0055,189.04,2759,
2026-07-16T04:39:30,EdgeGAT,edge,bilateral,True,bilateral,first,drop,100M,368022045.17,606412573.66,-0.5835,-95.5019,-0.1709,198.58,255,
2026-07-16T04:40:47,EdgeGNN_full,concat,ka_ka,True,bilateral,first,drop,all,1796542.49,28266630.46,-0.0009,0.0776,0.3939,128.24,120623,
2026-07-16T04:40:47,EdgeGNN_full,concat,ka_ka,True,bilateral,first,drop,1M,11000161.71,74108331.71,-0.0215,-7.168,0.1151,148.17,17544,
2026-07-16T04:40:47,EdgeGNN_full,concat,ka_ka,True,bilateral,first,drop,10M,56469374.34,186728698.44,-0.1013,-23.9196,0.0028,181.71,2759,
2026-07-16T04:40:47,EdgeGNN_full,concat,ka_ka,True,bilateral,first,drop,100M,367717733.75,606259421.12,-0.5827,-78.9126,-0.162,197.99,255,
2026-07-16T04:44:14,EdgeGAT_full,concat,ka_ka,True,bilateral,first,drop,all,1767493.14,28498577.86,-0.0173,0.192,0.4401,124.68,120623,
2026-07-16T04:44:14,EdgeGAT_full,concat,ka_ka,True,bilateral,first,drop,1M,11235477.62,74174537.25,-0.0233,-9.9073,0.1029,163.33,17544,
2026-07-16T04:44:14,EdgeGAT_full,concat,ka_ka,True,bilateral,first,drop,10M,57058828.92,186878026.56,-0.1031,-30.7233,-0.0077,191.16,2759,
2026-07-16T04:44:14,EdgeGAT_full,concat,ka_ka,True,bilateral,first,drop,100M,368236619.83,606532100.98,-0.5841,-94.7779,-0.1711,199.1,255,
2026-07-16T04:45:39,EdgeGATv2_full,concat,ka_ka,True,bilateral,first,drop,all,2050831.55,52751360.35,-2.4857,0.1284,0.4313,126.32,120623,
2026-07-16T04:45:39,EdgeGATv2_full,concat,ka_ka,True,bilateral,first,drop,1M,11070609.57,74146342.64,-0.0225,-7.6983,0.1053,148.46,17544,
2026-07-16T04:45:39,EdgeGATv2_full,concat,ka_ka,True,bilateral,first,drop,10M,56837717.56,186819931.31,-0.1024,-25.4988,0.0208,186.57,2759,
2026-07-16T04:45:39,EdgeGATv2_full,concat,ka_ka,True,bilateral,first,drop,100M,367933067.2,606351252.81,-0.5831,-81.9603,-0.1683,198.46,255,
2026-07-16T04:46:53,EdgeGNN_full,concat,tk_tk,True,bilateral,first,drop,all,1775920.75,28276099.43,-0.0015,0.1699,0.4512,125.81,120623,
2026-07-16T04:46:53,EdgeGNN_full,concat,tk_tk,True,bilateral,first,drop,1M,11066386.86,74136708.92,-0.0223,-7.9435,0.0995,151.18,17544,
2026-07-16T04:46:53,EdgeGNN_full,concat,tk_tk,True,bilateral,first,drop,10M,56801096.43,186795282.63,-0.1021,-26.5294,-0.0191,186.72,2759,
2026-07-16T04:46:53,EdgeGNN_full,concat,tk_tk,True,bilateral,first,drop,100M,367942884.67,606354082.42,-0.5831,-85.5247,-0.2076,198.45,255,
2026-07-16T04:50:20,EdgeGAT_full,concat,tk_tk,True,bilateral,first,drop,all,2033587.06,28411460.12,-0.0111,0.1209,0.4383,127.34,120623,
2026-07-16T04:50:20,EdgeGAT_full,concat,tk_tk,True,bilateral,first,drop,1M,11545435.5,74290389.05,-0.0265,-8.5637,0.1007,162.2,17544,
2026-07-16T04:50:20,EdgeGAT_full,concat,tk_tk,True,bilateral,first,drop,10M,56627643.82,186562135.26,-0.0994,-27.9499,0.0158,188.48,2759,
2026-07-16T04:50:20,EdgeGAT_full,concat,tk_tk,True,bilateral,first,drop,100M,366542607.9,605610846.31,-0.5793,-86.3886,-0.1873,195.9,255,
2026-07-16T04:51:42,EdgeGATv2_full,concat,tk_tk,True,bilateral,first,drop,all,1840963.5,32389973.48,-0.3141,0.2062,0.4573,125.55,120623,
2026-07-16T04:51:42,EdgeGATv2_full,concat,tk_tk,True,bilateral,first,drop,1M,11403364.45,75442679.34,-0.0586,-11.0158,0.1026,167.15,17544,
2026-07-16T04:51:42,EdgeGATv2_full,concat,tk_tk,True,bilateral,first,drop,10M,57678927.39,189446031.06,-0.1336,-32.9063,0.0073,191.94,2759,
2026-07-16T04:51:42,EdgeGATv2_full,concat,tk_tk,True,bilateral,first,drop,100M,368206525.89,606501471.64,-0.5839,-99.5077,-0.1848,199.04,255,
2026-07-16T04:52:55,EdgeGNN_full,concat,ka_tk,True,bilateral,first,drop,all,1796552.75,28311679.38,-0.004,-12.8727,nan,200.0,120623,
2026-07-16T04:52:55,EdgeGNN_full,concat,ka_tk,True,bilateral,first,drop,1M,11585481.17,74233912.68,-0.025,-186.8535,nan,200.0,17544,
2026-07-16T04:52:55,EdgeGNN_full,concat,ka_tk,True,bilateral,first,drop,10M,57527768.23,187000114.37,-0.1045,-328.364,nan,200.0,2759,
2026-07-16T04:52:55,EdgeGNN_full,concat,ka_tk,True,bilateral,first,drop,100M,368650411.29,606745696.44,-0.5852,-628.7617,nan,200.0,255,
2026-07-16T04:56:24,EdgeGAT_full,concat,ka_tk,True,bilateral,first,drop,all,1791378.8,28295438.24,-0.0029,0.1163,0.3745,128.29,120623,
2026-07-16T04:56:24,EdgeGAT_full,concat,ka_tk,True,bilateral,first,drop,1M,11309511.17,74187156.98,-0.0237,-11.3323,0.1064,169.29,17544,
2026-07-16T04:56:24,EdgeGAT_full,concat,ka_tk,True,bilateral,first,drop,10M,57173154.12,186904564.39,-0.1034,-33.6588,0.0232,193.31,2759,
2026-07-16T04:56:24,EdgeGAT_full,concat,ka_tk,True,bilateral,first,drop,100M,368320979.16,606574918.71,-0.5843,-100.5875,-0.1717,199.28,255,
2026-07-16T04:57:46,EdgeGATv2_full,concat,ka_tk,True,bilateral,first,drop,all,1787914.3,28314995.41,-0.0043,0.1547,0.4192,127.68,120623,
2026-07-16T04:57:46,EdgeGATv2_full,concat,ka_tk,True,bilateral,first,drop,1M,11301734.66,74190273.6,-0.0238,-10.6513,0.1007,167.4,17544,
2026-07-16T04:57:46,EdgeGATv2_full,concat,ka_tk,True,bilateral,first,drop,10M,57230170.74,186913122.08,-0.1035,-32.266,0.0361,193.35,2759,
2026-07-16T04:57:46,EdgeGATv2_full,concat,ka_tk,True,bilateral,first,drop,100M,368199908.53,606484378.57,-0.5838,-96.4378,-0.207,199.0,255,
2026-07-16T04:59:00,EdgeGNN_full,concat,tk_ka,True,bilateral,first,drop,all,1755626.56,28283923.69,-0.0021,0.1333,0.4028,127.07,120623,
2026-07-16T04:59:00,EdgeGNN_full,concat,tk_ka,True,bilateral,first,drop,1M,11177881.87,74159990.26,-0.0229,-10.6493,0.1029,161.19,17544,
2026-07-16T04:59:00,EdgeGNN_full,concat,tk_ka,True,bilateral,first,drop,10M,56927248.39,186845462.36,-0.1027,-31.4116,-0.0225,188.95,2759,
2026-07-16T04:59:00,EdgeGNN_full,concat,tk_ka,True,bilateral,first,drop,100M,368130439.04,606473304.28,-0.5838,-98.5817,-0.1721,198.88,255,
2026-07-16T05:02:28,EdgeGAT_full,concat,tk_ka,True,bilateral,first,drop,all,1761279.09,28285188.71,-0.0022,0.1758,0.4336,125.67,120623,
2026-07-16T05:02:28,EdgeGAT_full,concat,tk_ka,True,bilateral,first,drop,1M,11183146.65,74163634.88,-0.023,-8.6412,0.1132,157.81,17544,
2026-07-16T05:02:28,EdgeGAT_full,concat,tk_ka,True,bilateral,first,drop,10M,57000047.25,186854266.96,-0.1028,-27.8503,0.0087,190.16,2759,
2026-07-16T05:02:28,EdgeGAT_full,concat,tk_ka,True,bilateral,first,drop,100M,368134067.98,606475955.46,-0.5838,-87.8329,-0.2041,198.87,255,
2026-07-16T05:03:50,EdgeGATv2_full,concat,tk_ka,True,bilateral,first,drop,all,1769482.83,28286794.38,-0.0023,0.2051,0.4611,125.68,120623,
2026-07-16T05:03:50,EdgeGATv2_full,concat,tk_ka,True,bilateral,first,drop,1M,11218043.2,74166374.34,-0.0231,-10.7697,0.1009,163.59,17544,
2026-07-16T05:03:50,EdgeGATv2_full,concat,tk_ka,True,bilateral,first,drop,10M,57023465.5,186858554.3,-0.1029,-32.2347,0.0086,190.76,2759,
2026-07-16T05:03:50,EdgeGATv2_full,concat,tk_ka,True,bilateral,first,drop,100M,368136973.04,606480857.18,-0.5838,-97.3956,-0.2156,198.82,255,
2026-07-16T05:05:26,EdgeGNN_full,blend,ka_ka,True,bilateral,first,drop,all,1739242.96,29070166.17,-0.0024,0.211,0.4672,124.59,123777,
2026-07-16T05:05:26,EdgeGNN_full,blend,ka_ka,True,bilateral,first,drop,1M,11513005.81,77593059.99,-0.0224,-9.8757,0.1035,164.85,17372,
2026-07-16T05:05:26,EdgeGNN_full,blend,ka_ka,True,bilateral,first,drop,10M,58924479.42,195825717.14,-0.0998,-30.4846,-0.0076,192.28,2723,
2026-07-16T05:05:26,EdgeGNN_full,blend,ka_ka,True,bilateral,first,drop,100M,380600453.7,628638044.75,-0.579,-92.5715,-0.2003,199.08,258,
2026-07-16T05:07:49,EdgeGNN_full,attention,ka_ka,True,bilateral,first,drop,all,1770240.26,29089289.7,-0.0037,-12.8319,nan,200.0,123777,
2026-07-16T05:07:49,EdgeGNN_full,attention,ka_ka,True,bilateral,first,drop,1M,11833154.06,77645309.55,-0.0238,-185.9641,nan,200.0,17372,
2026-07-16T05:07:49,EdgeGNN_full,attention,ka_ka,True,bilateral,first,drop,10M,59332879.56,195933055.56,-0.101,-321.6653,nan,200.0,2723,
2026-07-16T05:07:49,EdgeGNN_full,attention,ka_ka,True,bilateral,first,drop,100M,380999815.88,628835313.5,-0.58,-603.1707,nan,200.0,258,
2026-07-16T05:11:31,EdgeGAT_full,blend,ka_ka,True,bilateral,first,drop,all,1734197.03,29075744.27,-0.0028,0.2057,0.4558,124.94,123777,
2026-07-16T05:11:31,EdgeGAT_full,blend,ka_ka,True,bilateral,first,drop,1M,11591873.92,77609333.65,-0.0228,-10.7936,0.1113,171.27,17372,
2026-07-16T05:11:31,EdgeGAT_full,blend,ka_ka,True,bilateral,first,drop,10M,59025144.13,195851406.2,-0.1,-32.1704,0.0054,194.08,2723,
2026-07-16T05:11:31,EdgeGAT_full,blend,ka_ka,True,bilateral,first,drop,100M,380709407.35,628686882.87,-0.5793,-94.9586,-0.1718,199.35,258,
2026-07-16T05:15:47,EdgeGAT_full,attention,ka_ka,True,bilateral,first,drop,all,1736087.66,29081883.75,-0.0032,0.2018,0.4495,125.37,123777,
2026-07-16T05:15:47,EdgeGAT_full,attention,ka_ka,True,bilateral,first,drop,1M,11616842.84,77613100.24,-0.0229,-10.8669,0.1139,172.49,17372,
2026-07-16T05:15:47,EdgeGAT_full,attention,ka_ka,True,bilateral,first,drop,10M,59094916.45,195869041.13,-0.1002,-32.6612,-0.0,195.0,2723,
2026-07-16T05:15:47,EdgeGAT_full,attention,ka_ka,True,bilateral,first,drop,100M,380759373.13,628713628.22,-0.5794,-96.6054,-0.1857,199.46,258,
2026-07-16T05:17:22,EdgeGATv2_full,blend,ka_ka,True,bilateral,first,drop,all,1736155.9,29072435.11,-0.0026,0.1993,0.4477,125.62,123777,
2026-07-16T05:17:22,EdgeGATv2_full,blend,ka_ka,True,bilateral,first,drop,1M,11559598.02,77600295.82,-0.0226,-10.9542,0.112,168.22,17372,
2026-07-16T05:17:22,EdgeGATv2_full,blend,ka_ka,True,bilateral,first,drop,10M,58996448.37,195840393.48,-0.0999,-32.6058,0.0041,193.58,2723,
2026-07-16T05:17:22,EdgeGATv2_full,blend,ka_ka,True,bilateral,first,drop,100M,380665723.02,628661769.24,-0.5791,-96.7813,-0.1893,199.25,258,
2026-07-16T05:19:43,EdgeGATv2_full,attention,ka_ka,True,bilateral,first,drop,all,1737829.13,29077239.99,-0.0029,0.1814,0.4551,126.86,123777,
2026-07-16T05:19:43,EdgeGATv2_full,attention,ka_ka,True,bilateral,first,drop,1M,11628592.64,77613267.36,-0.0229,-13.187,0.0999,175.58,17372,
2026-07-16T05:19:43,EdgeGATv2_full,attention,ka_ka,True,bilateral,first,drop,10M,59085335.17,195868087.49,-0.1002,-36.876,-0.0064,195.2,2723,
2026-07-16T05:19:43,EdgeGATv2_full,attention,ka_ka,True,bilateral,first,drop,100M,380770242.98,628718356.71,-0.5794,-105.9754,-0.1727,199.48,258,
2026-07-16T05:21:19,EdgeGNN_full,blend,tk_tk,True,bilateral,first,drop,all,1740324.31,29070245.28,-0.0024,0.2006,0.4519,125.61,123777,
2026-07-16T05:21:19,EdgeGNN_full,blend,tk_tk,True,bilateral,first,drop,1M,11510263.8,77593149.44,-0.0224,-11.4387,0.0945,166.52,17372,
2026-07-16T05:21:19,EdgeGNN_full,blend,tk_tk,True,bilateral,first,drop,10M,58909633.33,195825669.93,-0.0998,-33.3479,-0.0144,192.02,2723,
2026-07-16T05:21:19,EdgeGNN_full,blend,tk_tk,True,bilateral,first,drop,100M,380605650.21,628644180.99,-0.579,-99.6232,-0.2006,199.09,258,
2026-07-16T05:23:44,EdgeGNN_full,attention,tk_tk,True,bilateral,first,drop,all,1770240.26,29089289.7,-0.0037,-12.8319,nan,200.0,123777,
2026-07-16T05:23:44,EdgeGNN_full,attention,tk_tk,True,bilateral,first,drop,1M,11833154.06,77645309.55,-0.0238,-185.9641,nan,200.0,17372,
2026-07-16T05:23:44,EdgeGNN_full,attention,tk_tk,True,bilateral,first,drop,10M,59332879.56,195933055.56,-0.101,-321.6653,nan,200.0,2723,
2026-07-16T05:23:44,EdgeGNN_full,attention,tk_tk,True,bilateral,first,drop,100M,380999815.88,628835313.5,-0.58,-603.1707,nan,200.0,258,
2026-07-16T05:27:21,EdgeGAT_full,blend,tk_tk,True,bilateral,first,drop,all,1736670.33,29069053.03,-0.0023,0.1905,0.44,125.43,123777,
2026-07-16T05:27:21,EdgeGAT_full,blend,tk_tk,True,bilateral,first,drop,1M,11504836.29,77590722.39,-0.0223,-9.9105,0.1129,164.23,17372,
2026-07-16T05:27:21,EdgeGAT_full,blend,tk_tk,True,bilateral,first,drop,10M,58912754.26,195819727.74,-0.0997,-30.2569,-0.0097,192.06,2723,
2026-07-16T05:27:21,EdgeGAT_full,blend,tk_tk,True,bilateral,first,drop,100M,380618073.22,628628070.92,-0.579,-92.8112,-0.1774,199.17,258,
2026-07-16T05:31:39,EdgeGAT_full,attention,tk_tk,True,bilateral,first,drop,all,1755681.62,29075161.86,-0.0027,0.0691,0.3504,128.96,123777,
2026-07-16T05:31:39,EdgeGAT_full,attention,tk_tk,True,bilateral,first,drop,1M,11612358.03,77607639.68,-0.0228,-9.2761,0.0741,171.39,17372,
2026-07-16T05:31:39,EdgeGAT_full,attention,tk_tk,True,bilateral,first,drop,10M,59083661.87,195855076.51,-0.1001,-30.565,0.0358,195.33,2723,
2026-07-16T05:31:39,EdgeGAT_full,attention,tk_tk,True,bilateral,first,drop,100M,380701025.13,628675970.45,-0.5792,-90.6726,-0.1585,199.35,258,
2026-07-16T05:33:13,EdgeGATv2_full,blend,tk_tk,True,bilateral,first,drop,all,1786137.39,33210730.94,-0.3083,0.1926,0.4436,125.4,123777,
2026-07-16T05:33:13,EdgeGATv2_full,blend,tk_tk,True,bilateral,first,drop,1M,11470750.0,77584968.48,-0.0222,-10.1539,0.1061,162.25,17372,
2026-07-16T05:33:13,EdgeGATv2_full,blend,tk_tk,True,bilateral,first,drop,10M,58836749.78,195801099.5,-0.0995,-30.7142,-0.0115,190.77,2723,
2026-07-16T05:33:13,EdgeGATv2_full,blend,tk_tk,True,bilateral,first,drop,100M,380521321.07,628591963.53,-0.5788,-94.0798,-0.2041,198.94,258,
2026-07-16T05:35:35,EdgeGATv2_full,attention,tk_tk,True,bilateral,first,drop,all,1736400.75,29064389.7,-0.002,0.1798,0.4337,125.61,123777,
2026-07-16T05:35:35,EdgeGATv2_full,attention,tk_tk,True,bilateral,first,drop,1M,11431869.5,77577275.58,-0.022,-9.5223,0.1113,161.16,17372,
2026-07-16T05:35:35,EdgeGATv2_full,attention,tk_tk,True,bilateral,first,drop,10M,58759954.33,195791177.68,-0.0994,-29.2059,-0.008,189.37,2723,
2026-07-16T05:35:35,EdgeGATv2_full,attention,tk_tk,True,bilateral,first,drop,100M,380497672.92,628587451.87,-0.5788,-89.6607,-0.168,198.89,258,
2026-07-16T05:37:09,EdgeGNN_full,blend,ka_tk,True,bilateral,first,drop,all,1772679.26,29069873.32,-0.0024,0.1805,0.4466,125.78,123777,
2026-07-16T05:37:09,EdgeGNN_full,blend,ka_tk,True,bilateral,first,drop,1M,11492509.08,77586495.06,-0.0222,-9.339,0.1085,163.27,17372,
2026-07-16T05:37:09,EdgeGNN_full,blend,ka_tk,True,bilateral,first,drop,10M,58827788.75,195810514.69,-0.0996,-29.1143,-0.0107,190.9,2723,
2026-07-16T05:37:09,EdgeGNN_full,blend,ka_tk,True,bilateral,first,drop,100M,380515198.25,628629175.4,-0.579,-90.4326,-0.2165,198.82,258,
2026-07-16T05:39:32,EdgeGNN_full,attention,ka_tk,True,bilateral,first,drop,all,1770684.51,29062905.47,-0.0019,0.1665,0.4451,126.02,123777,
2026-07-16T05:39:32,EdgeGNN_full,attention,ka_tk,True,bilateral,first,drop,1M,11410505.88,77568263.5,-0.0217,-8.2762,0.1058,155.14,17372,
2026-07-16T05:39:32,EdgeGNN_full,attention,ka_tk,True,bilateral,first,drop,10M,58710414.09,195770303.39,-0.0991,-26.5243,-0.0016,188.85,2723,
2026-07-16T05:39:32,EdgeGNN_full,attention,ka_tk,True,bilateral,first,drop,100M,380373101.82,628536421.29,-0.5785,-83.396,-0.1828,198.54,258,
2026-07-16T05:43:08,EdgeGAT_full,blend,ka_tk,True,bilateral,first,drop,all,1729613.29,29070949.5,-0.0025,0.2094,0.4592,125.11,123777,
2026-07-16T05:43:08,EdgeGAT_full,blend,ka_tk,True,bilateral,first,drop,1M,11549050.04,77596444.37,-0.0225,-11.1829,0.1142,169.95,17372,
2026-07-16T05:43:08,EdgeGAT_full,blend,ka_tk,True,bilateral,first,drop,10M,58945137.18,195831051.94,-0.0998,-32.5494,0.001,192.63,2723,
2026-07-16T05:43:08,EdgeGAT_full,blend,ka_tk,True,bilateral,first,drop,100M,380649874.77,628649188.74,-0.5791,-95.7794,-0.154,199.25,258,
2026-07-16T05:47:23,EdgeGAT_full,attention,ka_tk,True,bilateral,first,drop,all,1744331.92,29101196.01,-0.0045,0.2042,0.456,125.88,123777,
2026-07-16T05:47:23,EdgeGAT_full,attention,ka_tk,True,bilateral,first,drop,1M,11609884.35,77610285.28,-0.0229,-11.5817,0.1009,173.62,17372,
2026-07-16T05:47:23,EdgeGAT_full,attention,ka_tk,True,bilateral,first,drop,10M,59055177.43,195861692.64,-0.1002,-33.9914,0.0008,194.75,2723,
2026-07-16T05:47:23,EdgeGAT_full,attention,ka_tk,True,bilateral,first,drop,100M,380740053.98,628710862.16,-0.5794,-100.8236,-0.1843,199.4,258,
2026-07-16T05:48:57,EdgeGATv2_full,blend,ka_tk,True,bilateral,first,drop,all,1745991.83,29062709.44,-0.0019,0.1866,0.445,125.51,123777,
2026-07-16T05:48:57,EdgeGATv2_full,blend,ka_tk,True,bilateral,first,drop,1M,11425778.7,77572472.2,-0.0219,-9.4905,0.1133,158.29,17372,
2026-07-16T05:48:57,EdgeGATv2_full,blend,ka_tk,True,bilateral,first,drop,10M,58802592.08,195779061.7,-0.0992,-28.7237,0.0145,190.15,2723,
2026-07-16T05:48:57,EdgeGATv2_full,blend,ka_tk,True,bilateral,first,drop,100M,380439261.01,628531493.66,-0.5785,-87.2795,-0.1794,198.77,258,
2026-07-16T05:51:21,EdgeGATv2_full,attention,ka_tk,True,bilateral,first,drop,all,1803724.15,29043855.53,-0.0006,0.0287,0.4032,129.86,123777,
2026-07-16T05:51:21,EdgeGATv2_full,attention,ka_tk,True,bilateral,first,drop,1M,11185440.15,77513584.7,-0.0203,-6.1017,0.1058,140.59,17372,
2026-07-16T05:51:21,EdgeGATv2_full,attention,ka_tk,True,bilateral,first,drop,10M,58353082.03,195648321.6,-0.0978,-21.901,0.0007,182.62,2723,
2026-07-16T05:51:21,EdgeGATv2_full,attention,ka_tk,True,bilateral,first,drop,100M,379983422.38,628261354.58,-0.5771,-72.9978,-0.1606,197.85,258,
2026-07-16T05:52:56,EdgeGNN_full,blend,tk_ka,True,bilateral,first,drop,all,1803248.86,29054368.31,-0.0013,0.1109,0.453,127.83,123777,
2026-07-16T05:52:56,EdgeGNN_full,blend,tk_ka,True,bilateral,first,drop,1M,11268221.31,77541125.17,-0.021,-6.8609,0.1003,144.03,17372,
2026-07-16T05:52:56,EdgeGNN_full,blend,tk_ka,True,bilateral,first,drop,10M,58527317.01,195711511.01,-0.0985,-23.5336,-0.0056,185.52,2723,
2026-07-16T05:52:56,EdgeGNN_full,blend,tk_ka,True,bilateral,first,drop,100M,380180079.72,628410301.62,-0.5779,-76.5521,-0.1997,198.14,258,
2026-07-16T05:55:32,EdgeGNN_full,attention,tk_ka,True,bilateral,first,drop,all,1739115.95,29074836.77,-0.0027,0.1961,0.457,125.32,123777,
2026-07-16T05:55:32,EdgeGNN_full,attention,tk_ka,True,bilateral,first,drop,1M,11544527.57,77606209.51,-0.0227,-10.3313,0.0915,166.61,17372,
2026-07-16T05:55:32,EdgeGNN_full,attention,tk_ka,True,bilateral,first,drop,10M,58963604.53,195838019.81,-0.0999,-31.7867,-0.0152,192.99,2723,
2026-07-16T05:55:32,EdgeGNN_full,attention,tk_ka,True,bilateral,first,drop,100M,380653175.59,628667077.96,-0.5792,-97.4068,-0.1994,199.21,258,
2026-07-16T05:59:06,EdgeGAT_full,blend,tk_ka,True,bilateral,first,drop,all,1737248.89,29074678.09,-0.0027,0.2139,0.479,125.34,123777,
2026-07-16T05:59:06,EdgeGAT_full,blend,tk_ka,True,bilateral,first,drop,1M,11591998.22,77606282.46,-0.0227,-11.6306,0.0986,171.63,17372,
2026-07-16T05:59:06,EdgeGAT_full,blend,tk_ka,True,bilateral,first,drop,10M,59040553.47,195853076.03,-0.1001,-33.9236,-0.0047,194.39,2723,
2026-07-16T05:59:06,EdgeGAT_full,blend,tk_ka,True,bilateral,first,drop,100M,380720116.65,628686887.65,-0.5793,-99.6286,-0.1714,199.37,258,
2026-07-16T06:03:18,EdgeGAT_full,attention,tk_ka,True,bilateral,first,drop,all,1758321.6,29087044.19,-0.0036,-0.0024,0.0022,133.66,123777,
2026-07-16T06:03:18,EdgeGAT_full,attention,tk_ka,True,bilateral,first,drop,1M,11795861.88,77639635.18,-0.0236,-16.9809,-0.0117,193.91,17372,
2026-07-16T06:03:18,EdgeGAT_full,attention,tk_ka,True,bilateral,first,drop,10M,59295597.91,195921766.35,-0.1008,-47.5296,-0.0081,199.25,2723,
2026-07-16T06:03:18,EdgeGAT_full,attention,tk_ka,True,bilateral,first,drop,100M,380962513.89,628812713.61,-0.5799,-125.4663,nan,199.93,258,
2026-07-16T06:04:52,EdgeGATv2_full,blend,tk_ka,True,bilateral,first,drop,all,1749821.68,29060648.91,-0.0017,0.1653,0.4336,126.11,123777,
2026-07-16T06:04:52,EdgeGATv2_full,blend,tk_ka,True,bilateral,first,drop,1M,11397489.61,77566173.27,-0.0217,-8.912,0.1081,157.19,17372,
2026-07-16T06:04:52,EdgeGATv2_full,blend,tk_ka,True,bilateral,first,drop,10M,58725232.99,195764866.94,-0.0991,-27.9906,-0.001,188.88,2723,
2026-07-16T06:04:52,EdgeGATv2_full,blend,tk_ka,True,bilateral,first,drop,100M,380406632.65,628515456.15,-0.5784,-87.175,-0.1781,198.7,258,
2026-07-16T06:07:14,EdgeGATv2_full,attention,tk_ka,True,bilateral,first,drop,all,1880877.8,29046208.54,-0.0007,-0.0462,0.3708,131.8,123777,
2026-07-16T06:07:14,EdgeGATv2_full,attention,tk_ka,True,bilateral,first,drop,1M,11179545.36,77504039.63,-0.0201,-5.7425,0.095,138.09,17372,
2026-07-16T06:07:14,EdgeGATv2_full,attention,tk_ka,True,bilateral,first,drop,10M,58242169.89,195623182.13,-0.0975,-21.1777,-0.0258,181.12,2723,
2026-07-16T06:07:14,EdgeGATv2_full,attention,tk_ka,True,bilateral,first,drop,100M,379926423.26,628221696.57,-0.5769,-72.4402,-0.1449,197.71,258,
2026-07-16T10:28:58,RF,none,none,False,node,first,rf,all,1626085.22,78307479.96,0.0258,0.456,0.6819,106.35,140371,
2026-07-16T10:28:58,RF,none,none,False,node,first,rf,1M,11678690.17,216947757.66,0.0227,-4.785,0.339,124.48,18288,
2026-07-16T10:28:58,RF,none,none,False,node,first,rf,10M,67989106.3,571714157.68,0.0098,-12.3828,0.2436,150.58,2633,
2026-07-16T10:28:58,RF,none,none,False,node,first,rf,100M,528945599.18,1879979220.24,-0.0672,-24.3519,0.1849,168.21,243,
2026-07-16T11:03:19,TabTF,none,none,False,node,first,rf,all,1788333.04,79347900.14,-0.0003,0.2892,0.5459,118.95,140371,
2026-07-16T11:03:19,TabTF,none,none,False,node,first,rf,1M,12751072.22,219830754.3,-0.0034,-7.7751,0.1271,145.11,18288,
2026-07-16T11:03:19,TabTF,none,none,False,node,first,rf,10M,73978783.09,579304762.57,-0.0167,-23.5657,-0.0148,185.82,2633,
2026-07-16T11:03:19,TabTF,none,none,False,node,first,rf,100M,561257003.07,1904486594.18,-0.0952,-61.9462,-0.0998,198.63,243,
2026-07-16T11:04:07,GCN,none,none,False,node,first,rf,all,1788031.36,29033413.56,0.0001,0.1253,0.4797,126.74,123777,
2026-07-16T11:04:07,GCN,none,none,False,node,first,rf,1M,11226736.92,77479107.24,-0.0194,-5.9982,0.136,144.63,17372,
2026-07-16T11:04:07,GCN,none,none,False,node,first,rf,10M,57744096.91,195550124.87,-0.0967,-20.6035,-0.0092,174.97,2723,
2026-07-16T11:04:07,GCN,none,none,False,node,first,rf,100M,379612408.72,628150406.49,-0.5766,-70.7432,-0.0814,197.16,258,
2026-07-16T11:06:23,GAT,none,none,False,node,first,rf,all,1765311.83,29041737.45,-0.0004,0.1114,0.4643,126.84,123777,
2026-07-16T11:06:23,GAT,none,none,False,node,first,rf,1M,11213861.2,77508536.76,-0.0202,-5.9678,0.1317,144.42,17372,
2026-07-16T11:06:23,GAT,none,none,False,node,first,rf,10M,58087902.01,195631821.37,-0.0976,-20.9135,-0.0115,178.82,2723,
2026-07-16T11:06:23,GAT,none,none,False,node,first,rf,100M,379937182.75,628304211.84,-0.5773,-71.3053,-0.1029,197.78,258,
2026-07-16T11:09:00,GATv2,none,none,False,node,first,rf,all,1767349.62,29038604.83,-0.0002,0.0762,0.4515,128.06,123777,
2026-07-16T11:09:00,GATv2,none,none,False,node,first,rf,1M,11170931.65,77501822.29,-0.02,-5.6347,0.142,142.41,17372,
2026-07-16T11:09:00,GATv2,none,none,False,node,first,rf,10M,58076052.9,195618504.62,-0.0974,-19.9671,-0.0054,178.54,2723,
2026-07-16T11:09:00,GATv2,none,none,False,node,first,rf,100M,379874570.48,628269491.25,-0.5772,-68.0802,-0.0817,197.67,258,
2026-07-16T11:16:53,RF,concat,keepall,True,node,first,rf,all,1631430.31,78991037.11,0.0087,0.4788,0.6976,105.6,140371,
2026-07-16T11:16:53,RF,concat,keepall,True,node,first,rf,1M,11767695.6,218842108.71,0.0056,-4.4937,0.3571,123.67,18288,
2026-07-16T11:16:53,RF,concat,keepall,True,node,first,rf,10M,68588500.04,576706620.09,-0.0076,-11.5918,0.261,150.2,2633,
2026-07-16T11:16:53,RF,concat,keepall,True,node,first,rf,100M,535817511.64,1896438084.13,-0.086,-24.2631,0.1951,171.64,243,
2026-07-16T12:29:11,TabTF,concat,keepall,True,node,first,rf,all,1793013.52,79352606.75,-0.0004,0.1635,0.5007,124.93,140371,
2026-07-16T12:29:11,TabTF,concat,keepall,True,node,first,rf,1M,12966160.85,219844286.14,-0.0035,-13.0233,0.1055,163.11,18288,
2026-07-16T12:29:11,TabTF,concat,keepall,True,node,first,rf,10M,74309680.3,579334781.42,-0.0168,-33.4875,-0.0464,191.56,2633,
2026-07-16T12:29:11,TabTF,concat,keepall,True,node,first,rf,100M,561584320.34,1904543460.81,-0.0953,-81.7014,-0.1457,199.28,243,
2026-07-16T12:30:03,GCN,concat,keepall,True,node,first,rf,all,1762173.55,29047067.78,-0.0008,0.0469,0.3655,128.79,123777,
2026-07-16T12:30:03,GCN,concat,keepall,True,node,first,rf,1M,11266877.47,77526270.92,-0.0206,-6.7037,0.1394,148.76,17372,
2026-07-16T12:30:03,GCN,concat,keepall,True,node,first,rf,10M,58283894.02,195673817.08,-0.098,-22.1841,0.0136,181.72,2723,
2026-07-16T12:30:03,GCN,concat,keepall,True,node,first,rf,100M,380095867.81,628374183.2,-0.5777,-71.8626,-0.0899,198.13,258,
2026-07-16T12:32:22,GAT,concat,keepall,True,node,first,rf,all,1771476.86,29053811.84,-0.0013,0.0456,0.4108,128.81,123777,
2026-07-16T12:32:22,GAT,concat,keepall,True,node,first,rf,1M,11249134.37,77545784.57,-0.0212,-6.082,0.1238,143.14,17372,
2026-07-16T12:32:22,GAT,concat,keepall,True,node,first,rf,10M,58508270.83,195724857.05,-0.0986,-21.7716,-0.0001,184.83,2723,
2026-07-16T12:32:22,GAT,concat,keepall,True,node,first,rf,100M,380280485.33,628465335.34,-0.5782,-72.7393,-0.1513,198.47,258,
2026-07-16T12:35:01,GATv2,concat,keepall,True,node,first,rf,all,1731819.78,29067148.32,-0.0022,0.1539,0.4066,126.01,123777,
2026-07-16T12:35:01,GATv2,concat,keepall,True,node,first,rf,1M,11479068.32,77586031.46,-0.0222,-8.9062,0.1246,162.6,17372,
2026-07-16T12:35:01,GATv2,concat,keepall,True,node,first,rf,10M,58856032.16,195809891.96,-0.0996,-27.821,-0.0009,190.98,2723,
2026-07-16T12:35:01,GATv2,concat,keepall,True,node,first,rf,100M,380566028.65,628615554.74,-0.5789,-85.7216,-0.1297,199.08,258,
2026-07-16T12:42:42,RF,concat,topk,True,node,first,rf,all,1633031.62,78821858.56,0.0129,0.4693,0.6919,106.06,140371,
2026-07-16T12:42:42,RF,concat,topk,True,node,first,rf,1M,11763933.71,218373345.44,0.0099,-4.5615,0.353,123.7,18288,
2026-07-16T12:42:42,RF,concat,topk,True,node,first,rf,10M,68580966.49,575471678.62,-0.0033,-11.8472,0.2508,150.34,2633,
2026-07-16T12:42:42,RF,concat,topk,True,node,first,rf,100M,535526406.23,1892366541.95,-0.0813,-24.6816,0.1918,170.94,243,
2026-07-16T13:36:53,TabTF,concat,topk,True,node,first,rf,all,1788103.19,79351226.88,-0.0004,0.2277,0.5167,122.99,140371,
2026-07-16T13:36:53,TabTF,concat,topk,True,node,first,rf,1M,12911789.0,219840396.32,-0.0035,-11.2811,0.1281,158.49,18288,
2026-07-16T13:36:53,TabTF,concat,topk,True,node,first,rf,10M,74225836.48,579326038.61,-0.0168,-29.43,-0.0312,190.03,2633,
2026-07-16T13:36:53,TabTF,concat,topk,True,node,first,rf,100M,561484564.12,1904524207.99,-0.0953,-71.5811,-0.0547,199.08,243,
2026-07-16T13:37:46,GCN,concat,topk,True,node,first,rf,all,1762735.14,29053259.85,-0.0012,0.1276,0.4334,126.86,123777,
2026-07-16T13:37:46,GCN,concat,topk,True,node,first,rf,1M,11315162.25,77544424.76,-0.0211,-7.1252,0.1272,149.4,17372,
2026-07-16T13:37:46,GCN,concat,topk,True,node,first,rf,10M,58587990.37,195716397.42,-0.0985,-23.5281,0.0094,186.56,2723,
2026-07-16T13:37:46,GCN,concat,topk,True,node,first,rf,100M,380227739.95,628406624.67,-0.5779,-74.5013,-0.1604,198.38,258,
2026-07-16T13:40:05,GAT,concat,topk,True,node,first,rf,all,1755713.75,29054899.93,-0.0013,0.0643,0.4214,128.21,123777,
2026-07-16T13:40:05,GAT,concat,topk,True,node,first,rf,1M,11304691.99,77550533.9,-0.0213,-6.0954,0.1291,147.16,17372,
2026-07-16T13:40:05,GAT,concat,topk,True,node,first,rf,10M,58583272.3,195732806.88,-0.0987,-21.7343,0.0006,186.2,2723,
2026-07-16T13:40:05,GAT,concat,topk,True,node,first,rf,100M,380303583.93,628463444.29,-0.5781,-71.7911,-0.0991,198.56,258,
2026-07-16T13:42:43,GATv2,concat,topk,True,node,first,rf,all,1834639.44,29048530.82,-0.0009,0.0724,0.445,128.53,123777,
2026-07-16T13:42:43,GATv2,concat,topk,True,node,first,rf,1M,11358667.54,77493688.38,-0.0198,-6.1116,0.121,145.55,17372,
2026-07-16T13:42:43,GATv2,concat,topk,True,node,first,rf,10M,58328704.9,195558904.1,-0.0968,-21.5133,0.0193,184.14,2723,
2026-07-16T13:42:43,GATv2,concat,topk,True,node,first,rf,100M,379572731.69,627975182.19,-0.5757,-70.0385,-0.1336,197.22,258,
2026-07-16T13:48:30,RF,none,none,False,node,spec,rf,all,72816353.38,1161284228.46,0.0387,0.5566,0.7513,121.98,140371,
2026-07-16T13:48:30,RF,none,none,False,node,spec,rf,1M,171892973.76,1790246112.89,0.0327,-0.7898,0.5977,122.75,59061,
2026-07-16T13:48:30,RF,none,none,False,node,spec,rf,10M,316362811.81,2446128788.49,0.0239,-2.6894,0.4937,127.32,31633,
2026-07-16T13:48:30,RF,none,none,False,node,spec,rf,100M,859149095.94,4159270453.3,-0.0068,-7.4549,0.3654,141.9,10939,
2026-07-16T14:19:32,TabTF,none,none,False,node,spec,rf,all,77172070.7,1182737275.54,0.0028,0.4003,0.642,134.33,140371,
2026-07-16T14:19:32,TabTF,none,none,False,node,spec,rf,1M,181872383.58,1823356131.85,-0.0034,-1.7915,0.4649,136.84,59061,
2026-07-16T14:19:32,TabTF,none,none,False,node,spec,rf,10M,333432567.0,2491365773.19,-0.0125,-4.925,0.3475,141.87,31633,
2026-07-16T14:19:32,TabTF,none,none,False,node,spec,rf,100M,898301792.05,4236012411.12,-0.0443,-13.0211,0.2244,156.26,10939,
2026-07-16T14:20:25,GCN,none,none,False,node,spec,rf,all,56144039.0,864014003.89,0.0055,0.24,0.5901,137.23,123777,
2026-07-16T14:20:25,GCN,none,none,False,node,spec,rf,1M,138062027.44,1372385932.38,-0.0007,-0.7089,0.3932,120.77,49055,
2026-07-16T14:20:25,GCN,none,none,False,node,spec,rf,10M,267500387.8,1948148258.98,-0.0107,-3.086,0.2892,133.68,24335,
2026-07-16T14:20:25,GCN,none,none,False,node,spec,rf,100M,805254591.87,3554072783.41,-0.0495,-10.3917,0.2156,154.25,7306,
2026-07-16T14:22:45,GAT,none,none,False,node,spec,rf,all,66934178.29,860304718.67,0.014,0.1108,0.5901,141.74,123777,
2026-07-16T14:22:45,GAT,none,none,False,node,spec,rf,1M,160853343.44,1365113486.15,0.0098,-0.4711,0.3944,116.37,49055,
2026-07-16T14:22:45,GAT,none,none,False,node,spec,rf,10M,297191117.99,1934030788.14,0.0039,-2.256,0.2936,124.55,24335,
2026-07-16T14:22:45,GAT,none,none,False,node,spec,rf,100M,806243218.7,3514836800.95,-0.0264,-7.7929,0.2113,141.85,7306,
2026-07-16T14:25:24,GATv2,none,none,False,node,spec,rf,all,55367738.3,864099525.81,0.0053,0.2659,0.5908,136.65,123777,
2026-07-16T14:25:24,GATv2,none,none,False,node,spec,rf,1M,136701650.86,1372538657.21,-0.001,-0.8309,0.4013,123.58,49055,
2026-07-16T14:25:24,GATv2,none,none,False,node,spec,rf,10M,266414326.89,1948537975.64,-0.0111,-3.488,0.2972,139.66,24335,
2026-07-16T14:25:24,GATv2,none,none,False,node,spec,rf,100M,807157425.25,3555396552.85,-0.0502,-11.3633,0.2218,156.58,7306,
2026-07-16T14:33:00,RF,concat,keepall,True,node,spec,rf,all,72565920.26,1156670946.12,0.0463,0.5641,0.7569,121.45,140371,
2026-07-16T14:33:00,RF,concat,keepall,True,node,spec,rf,1M,171514324.46,1783172929.28,0.0403,-0.6874,0.6139,120.91,59061,
2026-07-16T14:33:00,RF,concat,keepall,True,node,spec,rf,10M,315884542.84,2436491094.12,0.0316,-2.4447,0.5112,125.75,31633,
2026-07-16T14:33:00,RF,concat,keepall,True,node,spec,rf,100M,858728913.11,4142892326.77,0.0011,-6.9079,0.3774,141.97,10939,
2026-07-16T15:17:46,TabTF,concat,keepall,True,node,spec,rf,all,76783126.84,1182437441.79,0.0033,0.3604,0.6142,134.57,140371,
2026-07-16T15:17:46,TabTF,concat,keepall,True,node,spec,rf,1M,180420596.63,1822897743.82,-0.0029,-1.3747,0.4744,129.74,59061,
2026-07-16T15:17:46,TabTF,concat,keepall,True,node,spec,rf,10M,330554958.98,2490760304.56,-0.012,-3.8968,0.3594,133.4,31633,
2026-07-16T15:17:46,TabTF,concat,keepall,True,node,spec,rf,100M,894958801.02,4235132222.06,-0.0439,-10.8025,0.2432,153.86,10939,
2026-07-16T15:18:35,GCN,concat,keepall,True,node,spec,rf,all,72363903.52,864999995.37,0.0032,0.2091,0.5471,139.81,123777,
2026-07-16T15:18:35,GCN,concat,keepall,True,node,spec,rf,1M,176842946.04,1372777939.31,-0.0013,-1.2813,0.3765,130.7,49055,
2026-07-16T15:18:35,GCN,concat,keepall,True,node,spec,rf,10M,329855379.22,1942486679.77,-0.0048,-4.2938,0.2933,141.57,24335,
2026-07-16T15:18:35,GCN,concat,keepall,True,node,spec,rf,100M,858892398.12,3510753626.64,-0.024,-11.5372,0.2192,148.53,7306,
2026-07-16T15:20:55,GAT,concat,keepall,True,node,spec,rf,all,56769053.57,861232352.4,0.0119,0.1607,0.5369,139.91,123777,
2026-07-16T15:20:55,GAT,concat,keepall,True,node,spec,rf,1M,138338892.32,1367917558.14,0.0058,-0.7564,0.3596,122.34,49055,
2026-07-16T15:20:55,GAT,concat,keepall,True,node,spec,rf,10M,267150518.8,1941747881.2,-0.004,-3.2127,0.2801,133.67,24335,
2026-07-16T15:20:55,GAT,concat,keepall,True,node,spec,rf,100M,794752519.02,3541951837.3,-0.0423,-10.4579,0.2301,151.17,7306,
2026-07-16T15:23:39,GATv2,concat,keepall,True,node,spec,rf,all,54987654.82,866144838.1,0.0006,0.2961,0.5565,136.89,123777,
2026-07-16T15:23:39,GATv2,concat,keepall,True,node,spec,rf,1M,137000114.4,1375827131.3,-0.0058,-1.4673,0.3949,134.04,49055,
2026-07-16T15:23:39,GATv2,concat,keepall,True,node,spec,rf,10M,269912052.31,1953314261.37,-0.016,-5.0463,0.2899,148.82,24335,
2026-07-16T15:23:39,GATv2,concat,keepall,True,node,spec,rf,100M,826872501.79,3564334605.0,-0.0555,-14.9838,0.205,169.2,7306,
2026-07-16T15:31:08,RF,concat,topk,True,node,spec,rf,all,72589330.42,1157475826.44,0.045,0.5624,0.7581,121.74,140371,
2026-07-16T15:31:08,RF,concat,topk,True,node,spec,rf,1M,171623189.06,1784417517.47,0.039,-0.6608,0.6143,120.97,59061,
2026-07-16T15:31:08,RF,concat,topk,True,node,spec,rf,10M,316144183.22,2438189747.35,0.0303,-2.408,0.5116,126.2,31633,
2026-07-16T15:31:08,RF,concat,topk,True,node,spec,rf,100M,859360488.28,4145781349.87,-0.0003,-6.8349,0.3757,142.27,10939,
2026-07-16T16:27:21,TabTF,concat,topk,True,node,spec,rf,all,76948343.16,1183101810.96,0.0022,0.411,0.6459,132.74,140371,
2026-07-16T16:27:21,TabTF,concat,topk,True,node,spec,rf,1M,181283345.8,1823925671.25,-0.004,-1.1098,0.4906,129.59,59061,
2026-07-16T16:27:21,TabTF,concat,topk,True,node,spec,rf,10M,333084122.44,2492178992.33,-0.0132,-3.6043,0.3696,137.37,31633,
2026-07-16T16:27:21,TabTF,concat,topk,True,node,spec,rf,100M,903701713.79,4237552140.72,-0.0451,-10.7904,0.2453,159.72,10939,
2026-07-16T16:28:12,GCN,concat,topk,True,node,spec,rf,all,55193277.72,865654680.92,0.0017,0.2548,0.5196,138.84,123777,
2026-07-16T16:28:12,GCN,concat,topk,True,node,spec,rf,1M,137447536.6,1375041093.82,-0.0046,-2.2212,0.3874,140.56,49055,
2026-07-16T16:28:12,GCN,concat,topk,True,node,spec,rf,10M,270166217.14,1952175671.76,-0.0149,-6.4348,0.2845,154.98,24335,
2026-07-16T16:28:12,GCN,concat,topk,True,node,spec,rf,100M,822428211.04,3562190556.74,-0.0543,-17.2995,0.2033,167.78,7306,
2026-07-16T16:30:33,GAT,concat,topk,True,node,spec,rf,all,55247032.36,866046894.41,0.0008,0.285,0.5453,138.62,123777,
2026-07-16T16:30:33,GAT,concat,topk,True,node,spec,rf,1M,137901953.03,1375664905.49,-0.0055,-2.3834,0.3908,143.9,49055,
2026-07-16T16:30:33,GAT,concat,topk,True,node,spec,rf,10M,271307989.95,1953064125.56,-0.0158,-6.8971,0.2854,159.2,24335,
2026-07-16T16:30:33,GAT,concat,topk,True,node,spec,rf,100M,826543894.25,3563826225.14,-0.0552,-18.5075,0.2097,170.79,7306,
2026-07-16T16:33:17,GATv2,concat,topk,True,node,spec,rf,all,55110188.42,866457627.79,-0.0001,0.2738,0.549,137.45,123777,
2026-07-16T16:33:17,GATv2,concat,topk,True,node,spec,rf,1M,137043618.2,1376326574.18,-0.0065,-1.3123,0.3783,130.78,49055,
2026-07-16T16:33:17,GATv2,concat,topk,True,node,spec,rf,10M,270551971.72,1954054886.44,-0.0168,-4.7526,0.2806,149.51,24335,
2026-07-16T16:33:17,GATv2,concat,topk,True,node,spec,rf,100M,831797275.16,3565777545.44,-0.0564,-14.738,0.2104,173.27,7306,
2026-07-16T16:35:55,GAT,blend,keepall,True,node,first,rf,all,1757330.36,29063416.1,-0.0019,0.1069,0.4384,127.09,123777,
2026-07-16T16:35:55,GAT,blend,keepall,True,node,first,rf,1M,11385780.23,77574274.55,-0.0219,-6.7785,0.1153,151.09,17372,
2026-07-16T16:35:55,GAT,blend,keepall,True,node,first,rf,10M,58789863.06,195787118.87,-0.0993,-23.9283,-0.0036,189.71,2723,
2026-07-16T16:35:55,GAT,blend,keepall,True,node,first,rf,100M,380485531.68,628566167.74,-0.5787,-79.2772,-0.1718,198.89,258,
2026-07-16T16:38:28,GAT,blend,topk,True,node,first,rf,all,1751323.7,29060999.43,-0.0018,0.1578,0.4567,125.81,123777,
2026-07-16T16:38:28,GAT,blend,topk,True,node,first,rf,1M,11378996.01,77566805.98,-0.0217,-7.2863,0.1256,153.58,17372,
2026-07-16T16:38:28,GAT,blend,topk,True,node,first,rf,10M,58718896.62,195768585.57,-0.0991,-24.2651,0.0109,188.65,2723,
2026-07-16T16:38:28,GAT,blend,topk,True,node,first,rf,100M,380404726.53,628533925.83,-0.5785,-78.2136,-0.1852,198.68,258,
2026-07-16T16:41:57,GAT,attention,keepall,True,node,first,rf,all,1758841.79,29087334.4,-0.0036,-0.0091,nan,134.24,123777,
2026-07-16T16:41:57,GAT,attention,keepall,True,node,first,rf,1M,11800727.85,77640374.4,-0.0236,-18.034,nan,194.69,17372,
2026-07-16T16:41:57,GAT,attention,keepall,True,node,first,rf,10M,59300453.35,195923238.62,-0.1008,-49.5581,nan,199.35,2723,
2026-07-16T16:41:57,GAT,attention,keepall,True,node,first,rf,100M,380967389.68,628815667.59,-0.5799,-129.4804,nan,199.94,258,
2026-07-16T16:45:24,GAT,attention,topk,True,node,first,rf,all,1747532.28,29078785.81,-0.003,0.098,0.3516,128.4,123777,
2026-07-16T16:45:24,GAT,attention,topk,True,node,first,rf,1M,11663555.04,77617872.37,-0.0231,-10.1531,0.1377,176.57,17372,
2026-07-16T16:45:24,GAT,attention,topk,True,node,first,rf,10M,59136316.21,195877446.88,-0.1003,-31.5796,-0.0106,196.1,2723,
2026-07-16T16:45:24,GAT,attention,topk,True,node,first,rf,100M,380812407.6,628729281.13,-0.5795,-94.1275,-0.0837,199.61,258,
2026-07-16T16:49:42,EdgeGNN,edge,bilateral,True,bilateral,first,rf,all,1747176.88,29073791.23,-0.0026,0.1211,0.3308,128.87,123777,
2026-07-16T16:49:42,EdgeGNN,edge,bilateral,True,bilateral,first,rf,1M,11594988.9,77603441.61,-0.0227,-12.0975,0.1348,173.78,17372,
2026-07-16T16:49:42,EdgeGNN,edge,bilateral,True,bilateral,first,rf,10M,59023396.73,195845302.89,-0.1,-33.5498,0.0285,194.11,2723,
2026-07-16T16:49:42,EdgeGNN,edge,bilateral,True,bilateral,first,rf,100M,380699264.47,628668585.4,-0.5792,-95.7963,-0.0886,199.35,258,
2026-07-16T17:21:01,EdgeGAT,edge,bilateral,True,bilateral,first,rf,all,1746150.84,29058737.76,-0.0016,0.1626,0.4153,126.2,123777,
2026-07-16T17:21:01,EdgeGAT,edge,bilateral,True,bilateral,first,rf,1M,11372158.46,77560487.81,-0.0215,-9.05,0.1168,158.75,17372,
2026-07-16T17:21:01,EdgeGAT,edge,bilateral,True,bilateral,first,rf,10M,58618000.25,195752844.88,-0.0989,-27.8414,-0.018,187.09,2723,
2026-07-16T17:21:01,EdgeGAT,edge,bilateral,True,bilateral,first,rf,100M,380376966.87,628516871.06,-0.5784,-88.4593,-0.1525,198.65,258,
2026-07-16T17:22:15,EdgeGNN_full,concat,ka_ka,True,bilateral,first,rf,all,1746600.68,29070564.86,-0.0024,0.1292,0.3743,129.85,123777,
2026-07-16T17:22:15,EdgeGNN_full,concat,ka_ka,True,bilateral,first,rf,1M,11534068.27,77594163.85,-0.0224,-13.3777,0.1264,170.9,17372,
2026-07-16T17:22:15,EdgeGNN_full,concat,ka_ka,True,bilateral,first,rf,10M,58925201.15,195825978.89,-0.0998,-36.0468,0.0153,192.3,2723,
2026-07-16T17:22:15,EdgeGNN_full,concat,ka_ka,True,bilateral,first,rf,100M,380618212.2,628639325.26,-0.579,-103.0166,-0.186,199.14,258,
2026-07-16T17:25:32,EdgeGAT_full,concat,ka_ka,True,bilateral,first,rf,all,1749350.28,29079476.6,-0.003,0.1436,0.3808,128.55,123777,
2026-07-16T17:25:32,EdgeGAT_full,concat,ka_ka,True,bilateral,first,rf,1M,11616563.24,77618321.34,-0.0231,-12.4034,0.1135,174.99,17372,
2026-07-16T17:25:32,EdgeGAT_full,concat,ka_ka,True,bilateral,first,rf,10M,59087864.44,195881240.1,-0.1004,-35.1566,0.0146,194.5,2723,
2026-07-16T17:25:32,EdgeGAT_full,concat,ka_ka,True,bilateral,first,rf,100M,380714052.91,628692403.94,-0.5793,-101.097,-0.1703,199.34,258,
2026-07-16T17:26:58,EdgeGATv2_full,concat,ka_ka,True,bilateral,first,rf,all,1737659.31,29072642.77,-0.0026,0.2027,0.4743,125.42,123777,
2026-07-16T17:26:58,EdgeGATv2_full,concat,ka_ka,True,bilateral,first,rf,1M,11564513.58,77600423.98,-0.0226,-12.1758,0.1108,170.58,17372,
2026-07-16T17:26:58,EdgeGATv2_full,concat,ka_ka,True,bilateral,first,rf,10M,58986549.07,195840063.71,-0.0999,-34.4528,-0.0054,193.43,2723,
2026-07-16T17:26:58,EdgeGATv2_full,concat,ka_ka,True,bilateral,first,rf,100M,380663644.29,628664327.75,-0.5792,-101.5186,-0.2024,199.24,258,
2026-07-16T17:28:11,EdgeGNN_full,concat,tk_tk,True,bilateral,first,rf,all,1770240.26,29089289.7,-0.0037,-12.8319,nan,200.0,123777,
2026-07-16T17:28:11,EdgeGNN_full,concat,tk_tk,True,bilateral,first,rf,1M,11833154.06,77645309.55,-0.0238,-185.9641,nan,200.0,17372,
2026-07-16T17:28:11,EdgeGNN_full,concat,tk_tk,True,bilateral,first,rf,10M,59332879.56,195933055.56,-0.101,-321.6653,nan,200.0,2723,
2026-07-16T17:28:11,EdgeGNN_full,concat,tk_tk,True,bilateral,first,rf,100M,380999815.88,628835313.5,-0.58,-603.1707,nan,200.0,258,
2026-07-16T17:31:28,EdgeGAT_full,concat,tk_tk,True,bilateral,first,rf,all,1759619.4,29064443.04,-0.002,0.0956,0.3713,127.52,123777,
2026-07-16T17:31:28,EdgeGAT_full,concat,tk_tk,True,bilateral,first,rf,1M,11435450.59,77575911.01,-0.0219,-8.7094,0.1093,160.67,17372,
2026-07-16T17:31:28,EdgeGAT_full,concat,tk_tk,True,bilateral,first,rf,10M,58759531.45,195787555.68,-0.0993,-27.773,-0.0044,189.4,2723,
2026-07-16T17:31:28,EdgeGAT_full,concat,tk_tk,True,bilateral,first,rf,100M,380516416.46,628576746.9,-0.5787,-86.8132,-0.0778,199.01,258,
2026-07-16T17:32:52,EdgeGATv2_full,concat,tk_tk,True,bilateral,first,rf,all,1748933.92,29051204.95,-0.0011,0.1376,0.4281,126.59,123777,
2026-07-16T17:32:52,EdgeGATv2_full,concat,tk_tk,True,bilateral,first,rf,1M,11291848.95,77539899.33,-0.021,-7.6517,0.1198,149.86,17372,
2026-07-16T17:32:52,EdgeGATv2_full,concat,tk_tk,True,bilateral,first,rf,10M,58461359.11,195706343.7,-0.0984,-24.7164,-0.0007,184.66,2723,
2026-07-16T17:32:52,EdgeGATv2_full,concat,tk_tk,True,bilateral,first,rf,100M,380193495.28,628421976.51,-0.5779,-79.362,-0.1803,198.26,258,
2026-07-16T17:34:05,EdgeGNN_full,concat,ka_tk,True,bilateral,first,rf,all,1762349.89,29044986.78,-0.0007,0.083,0.4008,128.07,123777,
2026-07-16T17:34:05,EdgeGNN_full,concat,ka_tk,True,bilateral,first,rf,1M,11275751.3,77519529.37,-0.0205,-7.8341,0.1163,151.15,17372,
2026-07-16T17:34:05,EdgeGNN_full,concat,ka_tk,True,bilateral,first,rf,10M,58231305.68,195656003.67,-0.0978,-24.839,0.0018,181.28,2723,
2026-07-16T17:34:05,EdgeGNN_full,concat,ka_tk,True,bilateral,first,rf,100M,380026749.93,628325197.41,-0.5774,-77.8492,-0.1585,197.96,258,
2026-07-16T17:37:29,EdgeGAT_full,concat,ka_tk,True,bilateral,first,rf,all,1740074.98,29058285.84,-0.0016,0.1388,0.4092,126.56,123777,
2026-07-16T17:37:29,EdgeGAT_full,concat,ka_tk,True,bilateral,first,rf,1M,11370098.39,77560622.06,-0.0215,-8.5174,0.1195,155.8,17372,
2026-07-16T17:37:29,EdgeGAT_full,concat,ka_tk,True,bilateral,first,rf,10M,58634878.53,195753237.39,-0.0989,-26.6518,-0.0109,187.26,2723,
2026-07-16T17:37:29,EdgeGAT_full,concat,ka_tk,True,bilateral,first,rf,100M,380390110.46,628508780.55,-0.5784,-84.0887,-0.1086,198.73,258,
2026-07-16T17:38:52,EdgeGATv2_full,concat,ka_tk,True,bilateral,first,rf,all,1741344.19,29066664.85,-0.0022,0.1818,0.4323,126.17,123777,
2026-07-16T17:38:52,EdgeGATv2_full,concat,ka_tk,True,bilateral,first,rf,1M,11491245.88,77583857.91,-0.0222,-10.3749,0.1193,164.96,17372,
2026-07-16T17:38:52,EdgeGATv2_full,concat,ka_tk,True,bilateral,first,rf,10M,58870198.43,195802579.82,-0.0995,-30.81,0.0119,191.45,2723,
2026-07-16T17:38:52,EdgeGATv2_full,concat,ka_tk,True,bilateral,first,rf,100M,380515248.37,628584744.86,-0.5788,-91.8476,-0.1971,198.92,258,
2026-07-16T17:40:04,EdgeGNN_full,concat,tk_ka,True,bilateral,first,rf,all,1743125.38,29058126.54,-0.0016,0.1446,0.4102,126.61,123777,
2026-07-16T17:40:04,EdgeGNN_full,concat,tk_ka,True,bilateral,first,rf,1M,11351674.43,77559592.08,-0.0215,-8.7114,0.1082,155.56,17372,
2026-07-16T17:40:04,EdgeGNN_full,concat,tk_ka,True,bilateral,first,rf,10M,58606086.47,195751970.45,-0.0989,-27.4367,-0.0248,186.7,2723,
2026-07-16T17:40:04,EdgeGNN_full,concat,tk_ka,True,bilateral,first,rf,100M,380379433.28,628512763.15,-0.5784,-87.4314,-0.1697,198.67,258,
2026-07-16T17:43:23,EdgeGAT_full,concat,tk_ka,True,bilateral,first,rf,all,1736798.89,29062203.03,-0.0018,0.1829,0.4479,125.4,123777,
2026-07-16T17:43:23,EdgeGAT_full,concat,tk_ka,True,bilateral,first,rf,1M,11409463.61,77571427.83,-0.0218,-9.1939,0.1008,159.78,17372,
2026-07-16T17:43:23,EdgeGAT_full,concat,tk_ka,True,bilateral,first,rf,10M,58733110.04,195777526.15,-0.0992,-28.8305,-0.0349,188.84,2723,
2026-07-16T17:43:23,EdgeGAT_full,concat,tk_ka,True,bilateral,first,rf,100M,380469816.44,628550315.66,-0.5786,-91.2536,-0.1532,198.87,258,
2026-07-16T17:44:44,EdgeGATv2_full,concat,tk_ka,True,bilateral,first,rf,all,1736262.73,29069750.77,-0.0024,0.2049,0.4577,125.46,123777,
2026-07-16T17:44:44,EdgeGATv2_full,concat,tk_ka,True,bilateral,first,rf,1M,11517724.72,77592705.21,-0.0224,-11.1411,0.1031,166.16,17372,
2026-07-16T17:44:44,EdgeGATv2_full,concat,tk_ka,True,bilateral,first,rf,10M,58929059.15,195823869.96,-0.0997,-32.7564,-0.006,192.34,2723,
2026-07-16T17:44:44,EdgeGATv2_full,concat,tk_ka,True,bilateral,first,rf,100M,380616607.01,628632586.72,-0.579,-98.2218,-0.1944,199.15,258,
2026-07-16T17:46:19,EdgeGNN_full,blend,ka_ka,True,bilateral,first,rf,all,1770240.26,29089289.7,-0.0037,-12.8319,nan,200.0,123777,
2026-07-16T17:46:19,EdgeGNN_full,blend,ka_ka,True,bilateral,first,rf,1M,11833154.06,77645309.55,-0.0238,-185.9641,nan,200.0,17372,
2026-07-16T17:46:19,EdgeGNN_full,blend,ka_ka,True,bilateral,first,rf,10M,59332879.56,195933055.56,-0.101,-321.6653,nan,200.0,2723,
2026-07-16T17:46:19,EdgeGNN_full,blend,ka_ka,True,bilateral,first,rf,100M,380999815.88,628835313.5,-0.58,-603.1707,nan,200.0,258,
2026-07-16T17:48:38,EdgeGNN_full,attention,ka_ka,True,bilateral,first,rf,all,1758342.37,29087058.6,-0.0036,-0.0028,0.0036,133.68,123777,
2026-07-16T17:48:38,EdgeGNN_full,attention,ka_ka,True,bilateral,first,rf,1M,11796101.09,77639671.94,-0.0236,-17.0329,-0.005,193.95,17372,
2026-07-16T17:48:38,EdgeGNN_full,attention,ka_ka,True,bilateral,first,rf,10M,59295843.28,195921840.45,-0.1008,-47.6413,-0.0081,199.26,2723,
2026-07-16T17:48:38,EdgeGNN_full,attention,ka_ka,True,bilateral,first,rf,100M,380962754.28,628812859.24,-0.5799,-125.6502,nan,199.93,258,
2026-07-16T17:52:06,EdgeGAT_full,blend,ka_ka,True,bilateral,first,rf,all,1731768.75,29071705.84,-0.0025,0.2133,0.4682,124.3,123777,
2026-07-16T17:52:06,EdgeGAT_full,blend,ka_ka,True,bilateral,first,rf,1M,11539210.32,77598518.38,-0.0225,-9.2598,0.1208,165.43,17372,
2026-07-16T17:52:06,EdgeGAT_full,blend,ka_ka,True,bilateral,first,rf,10M,58980465.82,195837532.52,-0.0999,-29.027,0.0009,193.18,2723,
2026-07-16T17:52:06,EdgeGAT_full,blend,ka_ka,True,bilateral,first,rf,100M,380668630.29,628657977.38,-0.5791,-88.099,-0.1753,199.27,258,
2026-07-16T17:56:18,EdgeGAT_full,attention,ka_ka,True,bilateral,first,rf,all,1758719.91,29087274.0,-0.0036,-0.0074,0.0022,134.1,123777,
2026-07-16T17:56:18,EdgeGAT_full,attention,ka_ka,True,bilateral,first,rf,1M,11799719.58,77640220.63,-0.0236,-17.8056,-0.0117,194.53,17372,
2026-07-16T17:56:18,EdgeGAT_full,attention,ka_ka,True,bilateral,first,rf,10M,59299447.75,195922931.95,-0.1008,-49.1138,-0.0081,199.33,2723,
2026-07-16T17:56:18,EdgeGAT_full,attention,ka_ka,True,bilateral,first,rf,100M,380966372.51,628815051.34,-0.5799,-128.5899,nan,199.93,258,
2026-07-16T17:57:53,EdgeGATv2_full,blend,ka_ka,True,bilateral,first,rf,all,1749996.94,29067776.22,-0.0022,0.1679,0.4229,126.86,123777,
2026-07-16T17:57:53,EdgeGATv2_full,blend,ka_ka,True,bilateral,first,rf,1M,11502097.63,77586284.38,-0.0222,-10.5157,0.113,165.69,17372,
2026-07-16T17:57:53,EdgeGATv2_full,blend,ka_ka,True,bilateral,first,rf,10M,58900532.93,195808650.67,-0.0996,-31.0587,0.0065,191.92,2723,
2026-07-16T17:57:53,EdgeGATv2_full,blend,ka_ka,True,bilateral,first,rf,100M,380554955.43,628591859.32,-0.5788,-91.7958,-0.206,199.02,258,
2026-07-16T18:00:14,EdgeGATv2_full,attention,ka_ka,True,bilateral,first,rf,all,1744488.41,29076861.74,-0.0029,0.1818,0.441,127.1,123777,
2026-07-16T18:00:14,EdgeGATv2_full,attention,ka_ka,True,bilateral,first,rf,1M,11638927.25,77611979.49,-0.0229,-12.657,0.1057,177.3,17372,
2026-07-16T18:00:14,EdgeGATv2_full,attention,ka_ka,True,bilateral,first,rf,10M,59092774.41,195863792.5,-0.1002,-36.2463,0.0058,195.47,2723,
2026-07-16T18:00:14,EdgeGATv2_full,attention,ka_ka,True,bilateral,first,rf,100M,380743768.17,628701294.41,-0.5793,-102.83,-0.1951,199.42,258,
2026-07-16T18:01:48,EdgeGNN_full,blend,tk_tk,True,bilateral,first,rf,all,1750416.3,29075645.63,-0.0028,0.1778,0.4319,126.96,123777,
2026-07-16T18:01:48,EdgeGNN_full,blend,tk_tk,True,bilateral,first,rf,1M,11606237.95,77608197.63,-0.0228,-11.503,0.0922,173.53,17372,
2026-07-16T18:01:48,EdgeGNN_full,blend,tk_tk,True,bilateral,first,rf,10M,59055582.16,195856694.2,-0.1001,-34.1429,0.0093,194.79,2723,
2026-07-16T18:01:48,EdgeGNN_full,blend,tk_tk,True,bilateral,first,rf,100M,380715483.95,628693625.18,-0.5793,-99.8115,-0.2064,199.34,258,
2026-07-16T18:04:09,EdgeGNN_full,attention,tk_tk,True,bilateral,first,rf,all,1770240.26,29089289.7,-0.0037,-12.8319,nan,200.0,123777,
2026-07-16T18:04:09,EdgeGNN_full,attention,tk_tk,True,bilateral,first,rf,1M,11833154.06,77645309.55,-0.0238,-185.9641,nan,200.0,17372,
2026-07-16T18:04:09,EdgeGNN_full,attention,tk_tk,True,bilateral,first,rf,10M,59332879.56,195933055.56,-0.101,-321.6653,nan,200.0,2723,
2026-07-16T18:04:09,EdgeGNN_full,attention,tk_tk,True,bilateral,first,rf,100M,380999815.88,628835313.5,-0.58,-603.1707,nan,200.0,258,
2026-07-16T18:07:38,EdgeGAT_full,blend,tk_tk,True,bilateral,first,rf,all,1770846.17,29252456.78,-0.015,0.1692,0.4535,125.63,123777,
2026-07-16T18:07:38,EdgeGAT_full,blend,tk_tk,True,bilateral,first,rf,1M,11454769.16,78076539.21,-0.0352,-7.6938,0.109,149.4,17372,
2026-07-16T18:07:38,EdgeGAT_full,blend,tk_tk,True,bilateral,first,rf,10M,59251475.55,196869787.02,-0.1115,-25.288,0.0248,188.76,2723,
2026-07-16T18:07:38,EdgeGAT_full,blend,tk_tk,True,bilateral,first,rf,100M,380374604.51,628506306.85,-0.5784,-80.0031,-0.1902,198.62,258,
2026-07-16T18:11:48,EdgeGAT_full,attention,tk_tk,True,bilateral,first,rf,all,1758663.69,29087245.11,-0.0036,-0.0067,0.0036,134.04,123777,
2026-07-16T18:11:48,EdgeGAT_full,attention,tk_tk,True,bilateral,first,rf,1M,11799247.96,77640146.97,-0.0236,-17.6987,-0.0015,194.45,17372,
2026-07-16T18:11:48,EdgeGAT_full,attention,tk_tk,True,bilateral,first,rf,10M,59298960.36,195922783.94,-0.1008,-48.9103,0.024,199.32,2723,
2026-07-16T18:11:48,EdgeGAT_full,attention,tk_tk,True,bilateral,first,rf,100M,380965904.49,628814767.79,-0.5799,-128.1902,nan,199.93,258,
2026-07-16T18:13:22,EdgeGATv2_full,blend,tk_tk,True,bilateral,first,rf,all,1775495.62,29065119.97,-0.002,0.1531,0.4169,127.48,123777,
2026-07-16T18:13:22,EdgeGATv2_full,blend,tk_tk,True,bilateral,first,rf,1M,11484110.95,77575841.24,-0.0219,-10.5327,0.0943,164.56,17372,
2026-07-16T18:13:22,EdgeGATv2_full,blend,tk_tk,True,bilateral,first,rf,10M,58850267.19,195783769.19,-0.0993,-31.3967,0.0168,191.42,2723,
2026-07-16T18:13:22,EdgeGATv2_full,blend,tk_tk,True,bilateral,first,rf,100M,380431123.94,628528827.7,-0.5785,-92.2752,-0.199,198.71,258,
2026-07-16T18:15:41,EdgeGATv2_full,attention,tk_tk,True,bilateral,first,rf,all,1743507.27,29067601.11,-0.0022,0.1699,0.4268,126.06,123777,
2026-07-16T18:15:41,EdgeGATv2_full,attention,tk_tk,True,bilateral,first,rf,1M,11479519.98,77586279.57,-0.0222,-9.6433,0.1092,161.13,17372,
2026-07-16T18:15:41,EdgeGATv2_full,attention,tk_tk,True,bilateral,first,rf,10M,58891098.36,195810701.59,-0.0996,-29.5883,-0.0059,191.66,2723,
2026-07-16T18:15:41,EdgeGATv2_full,attention,tk_tk,True,bilateral,first,rf,100M,380559570.69,628603489.59,-0.5788,-90.4891,-0.1907,199.02,258,
2026-07-16T18:17:17,EdgeGNN_full,blend,ka_tk,True,bilateral,first,rf,all,1742844.88,29071265.96,-0.0025,0.1836,0.4287,126.4,123777,
2026-07-16T18:17:17,EdgeGNN_full,blend,ka_tk,True,bilateral,first,rf,1M,11547980.04,77596446.55,-0.0225,-10.8258,0.1094,168.02,17372,
2026-07-16T18:17:17,EdgeGNN_full,blend,ka_tk,True,bilateral,first,rf,10M,58980127.54,195831390.92,-0.0998,-31.9445,0.0145,193.35,2723,
2026-07-16T18:17:17,EdgeGNN_full,blend,ka_tk,True,bilateral,first,rf,100M,380628171.97,628637334.19,-0.579,-94.5024,-0.1902,199.17,258,
2026-07-16T18:19:35,EdgeGNN_full,attention,ka_tk,True,bilateral,first,rf,all,1737241.88,29071620.38,-0.0025,0.1802,0.4415,125.38,123777,
2026-07-16T18:19:35,EdgeGNN_full,attention,ka_tk,True,bilateral,first,rf,1M,11526276.78,77597978.4,-0.0225,-9.241,0.1026,164.58,17372,
2026-07-16T18:19:35,EdgeGNN_full,attention,ka_tk,True,bilateral,first,rf,10M,58964125.96,195836928.23,-0.0999,-29.3174,-0.0071,192.85,2723,
2026-07-16T18:19:35,EdgeGNN_full,attention,ka_tk,True,bilateral,first,rf,100M,380666861.01,628662536.11,-0.5791,-90.4584,-0.1842,199.26,258,
2026-07-16T18:23:05,EdgeGAT_full,blend,ka_tk,True,bilateral,first,rf,all,1736050.58,29084784.92,-0.0034,0.1902,0.4683,124.53,123777,
2026-07-16T18:23:05,EdgeGAT_full,blend,ka_tk,True,bilateral,first,rf,1M,11464204.96,77581456.72,-0.0221,-8.4017,0.1143,160.76,17372,
2026-07-16T18:23:05,EdgeGAT_full,blend,ka_tk,True,bilateral,first,rf,10M,58839332.66,195799334.91,-0.0995,-27.0968,0.0115,190.71,2723,
2026-07-16T18:23:05,EdgeGAT_full,blend,ka_tk,True,bilateral,first,rf,100M,380516254.95,628588859.79,-0.5788,-83.8903,-0.1667,198.96,258,
2026-07-16T18:27:14,EdgeGAT_full,attention,ka_tk,True,bilateral,first,rf,all,1738545.15,29076241.1,-0.0028,0.1829,0.4292,126.01,123777,
2026-07-16T18:27:14,EdgeGAT_full,attention,ka_tk,True,bilateral,first,rf,1M,11606758.7,77610651.48,-0.0229,-10.9389,0.1037,172.15,17372,
2026-07-16T18:27:14,EdgeGAT_full,attention,ka_tk,True,bilateral,first,rf,10M,59066332.14,195863222.76,-0.1002,-32.7909,0.0003,194.81,2723,
2026-07-16T18:27:14,EdgeGAT_full,attention,ka_tk,True,bilateral,first,rf,100M,380752958.66,628710476.29,-0.5794,-97.4575,-0.1925,199.44,258,
2026-07-16T18:28:50,EdgeGATv2_full,blend,ka_tk,True,bilateral,first,rf,all,1740910.64,29079103.04,-0.003,0.1588,0.4218,128.26,123777,
2026-07-16T18:28:50,EdgeGATv2_full,blend,ka_tk,True,bilateral,first,rf,1M,11674271.36,77618512.51,-0.0231,-14.0011,0.1051,179.83,17372,
2026-07-16T18:28:50,EdgeGATv2_full,blend,ka_tk,True,bilateral,first,rf,10M,59138375.82,195878051.96,-0.1003,-38.632,0.021,196.24,2723,
2026-07-16T18:28:50,EdgeGATv2_full,blend,ka_tk,True,bilateral,first,rf,100M,380800033.31,628730581.22,-0.5795,-108.6545,-0.2017,199.55,258,
2026-07-16T18:31:12,EdgeGATv2_full,attention,ka_tk,True,bilateral,first,rf,all,1829975.74,29031676.81,0.0003,0.0685,0.4324,128.8,123777,
2026-07-16T18:31:12,EdgeGATv2_full,attention,ka_tk,True,bilateral,first,rf,1M,11154949.38,77463579.52,-0.019,-6.2551,0.1212,138.63,17372,
2026-07-16T18:31:12,EdgeGATv2_full,attention,ka_tk,True,bilateral,first,rf,10M,57639000.74,195518835.13,-0.0963,-21.1219,-0.0204,172.55,2723,
2026-07-16T18:31:12,EdgeGATv2_full,attention,ka_tk,True,bilateral,first,rf,100M,379560424.7,628073195.6,-0.5762,-71.3554,-0.1472,197.01,258,
2026-07-16T18:32:46,EdgeGNN_full,blend,tk_ka,True,bilateral,first,rf,all,1743517.85,29074975.66,-0.0027,0.1701,0.4168,127.51,123777,
2026-07-16T18:32:46,EdgeGNN_full,blend,tk_ka,True,bilateral,first,rf,1M,11609157.13,77606746.68,-0.0228,-12.5196,0.1165,174.28,17372,
2026-07-16T18:32:46,EdgeGNN_full,blend,tk_ka,True,bilateral,first,rf,10M,59051655.64,195852472.49,-0.1001,-35.2086,0.0029,194.68,2723,
2026-07-16T18:32:46,EdgeGNN_full,blend,tk_ka,True,bilateral,first,rf,100M,380709229.59,628680487.42,-0.5792,-101.7084,-0.1822,199.35,258,
2026-07-16T18:35:07,EdgeGNN_full,attention,tk_ka,True,bilateral,first,rf,all,1822425.45,29109813.06,-0.0051,0.0525,0.4537,129.38,123777,
2026-07-16T18:35:07,EdgeGNN_full,attention,tk_ka,True,bilateral,first,rf,1M,11161299.92,77687504.55,-0.0249,-5.3168,0.0944,131.14,17372,
2026-07-16T18:35:07,EdgeGNN_full,attention,tk_ka,True,bilateral,first,rf,10M,58393630.37,195676112.64,-0.0981,-20.0407,0.0165,183.14,2723,
2026-07-16T18:35:07,EdgeGNN_full,attention,tk_ka,True,bilateral,first,rf,100M,380076360.95,628350072.28,-0.5776,-67.168,-0.2137,197.95,258,
2026-07-16T18:38:37,EdgeGAT_full,blend,tk_ka,True,bilateral,first,rf,all,1739121.31,29065434.01,-0.0021,0.1813,0.4573,125.2,123777,
2026-07-16T18:38:37,EdgeGAT_full,blend,tk_ka,True,bilateral,first,rf,1M,11428871.68,77580427.13,-0.0221,-8.3968,0.0871,156.71,17372,
2026-07-16T18:38:37,EdgeGAT_full,blend,tk_ka,True,bilateral,first,rf,10M,58829413.31,195799347.73,-0.0995,-27.5023,-0.0148,190.54,2723,
2026-07-16T18:38:37,EdgeGAT_full,blend,tk_ka,True,bilateral,first,rf,100M,380528584.07,628590005.4,-0.5788,-87.0234,-0.1574,198.96,258,
2026-07-16T18:42:44,EdgeGAT_full,attention,tk_ka,True,bilateral,first,rf,all,1743713.0,29099381.42,-0.0044,0.2034,0.4574,124.92,123777,
2026-07-16T18:42:44,EdgeGAT_full,attention,tk_ka,True,bilateral,first,rf,1M,11495211.52,77588993.21,-0.0223,-9.1606,0.0995,161.91,17372,
2026-07-16T18:42:44,EdgeGAT_full,attention,tk_ka,True,bilateral,first,rf,10M,58937237.26,195816370.53,-0.0996,-28.7859,0.0142,192.19,2723,
2026-07-16T18:42:44,EdgeGAT_full,attention,tk_ka,True,bilateral,first,rf,100M,380573461.19,628599022.22,-0.5788,-87.5397,-0.1754,199.09,258,
2026-07-16T18:44:18,EdgeGATv2_full,blend,tk_ka,True,bilateral,first,rf,all,1750869.8,29069349.14,-0.0023,0.1825,0.4392,125.94,123777,
2026-07-16T18:44:18,EdgeGATv2_full,blend,tk_ka,True,bilateral,first,rf,1M,11499195.48,77589590.21,-0.0223,-9.8195,0.1051,164.61,17372,
2026-07-16T18:44:18,EdgeGATv2_full,blend,tk_ka,True,bilateral,first,rf,10M,58880005.17,195817745.65,-0.0997,-30.1492,-0.0097,191.56,2723,
2026-07-16T18:44:18,EdgeGATv2_full,blend,tk_ka,True,bilateral,first,rf,100M,380570984.9,628631091.25,-0.579,-92.919,-0.2089,199.0,258,
2026-07-16T18:46:39,EdgeGATv2_full,attention,tk_ka,True,bilateral,first,rf,all,1902275.37,29018265.58,0.0012,-0.0928,0.4077,133.87,123777,
2026-07-16T18:46:39,EdgeGATv2_full,attention,tk_ka,True,bilateral,first,rf,1M,10945906.05,77425982.35,-0.018,-4.594,0.1271,123.1,17372,
2026-07-16T18:46:39,EdgeGATv2_full,attention,tk_ka,True,bilateral,first,rf,10M,57356925.24,195438763.03,-0.0954,-16.8935,-0.0157,167.84,2723,
2026-07-16T18:46:39,EdgeGATv2_full,attention,tk_ka,True,bilateral,first,rf,100M,379247675.3,627918244.11,-0.5754,-61.1173,-0.1486,196.34,258,
