chapter,scope,mae,rmse,r2,log_r2,spearman,smape,n,model
-1,overall,2422619.2958485493,233818013.89450678,-63.84866551503316,0.32459284320180604,0.612200206295572,116.78233940877736,123777,GAT_first_none_perproduct
1001,per_chapter,6369402.462243669,20299515.839248702,-0.0985279559544876,0.1861870542823305,0.5086403588118104,145.23088605827564,85,GAT_first_none_perproduct
1003,per_chapter,17899069.545579612,95176850.10065497,-0.030169628457865638,0.08523045971243304,0.364163372859025,137.98101915119122,45,GAT_first_none_perproduct
1004,per_chapter,200160.3373426422,421284.24987444625,0.09577760838017657,0.3887438043960717,0.5951219512195123,117.41534791671215,41,GAT_first_none_perproduct
1005,per_chapter,5885080.553945012,17569699.021001834,0.10746778911213761,0.2355916241703132,0.5903388278388279,122.3281841322834,64,GAT_first_none_perproduct
1006,per_chapter,1525034.1515183705,4458356.037977902,0.13303585807521723,0.2244704253932246,0.5076766446530985,140.26250679522434,124,GAT_first_none_perproduct
1007,per_chapter,8446762.52177689,36622843.83338809,-0.011297150716027549,-0.06893643027057972,0.24324324324324326,128.4446183046054,38,GAT_first_none_perproduct
1008,per_chapter,228174.56197858532,1133873.0111886987,-0.034025177770072634,0.18543153479901764,0.49467875662524025,121.52970337837161,152,GAT_first_none_perproduct
1101,per_chapter,1879036.1508800895,4711939.339010686,-0.046174003970786526,0.16694487172317696,0.46285178236397756,105.32533379561563,40,GAT_first_none_perproduct
1102,per_chapter,270525.3223242104,1107380.1105625138,-0.056241121817529605,0.1910617327660663,0.5155239843562934,109.38587475812423,67,GAT_first_none_perproduct
1103,per_chapter,184204.4340390725,369014.8228855106,-0.11443549219563676,0.15204128404464679,0.4031194728615522,126.36638345115108,99,GAT_first_none_perproduct
1104,per_chapter,310934.67652934964,1623833.170582621,-0.01670359186411874,0.12412503433250366,0.47349172130192235,116.61553965288998,156,GAT_first_none_perproduct
1105,per_chapter,260276.9140408682,573061.1106770937,0.08452038793928796,0.1937388856418465,0.5451620648259303,121.43615615907422,50,GAT_first_none_perproduct
1106,per_chapter,127384.02956877022,371173.4843474393,-0.06704788738055889,0.13413246684752245,0.44080882196867566,120.32653767501272,89,GAT_first_none_perproduct
1107,per_chapter,2029153.3182996798,5693156.475416463,-0.08193965630165412,0.1772828359873715,0.4010175763182238,136.03837774663378,47,GAT_first_none_perproduct
1108,per_chapter,466329.7359040717,1825108.9963262347,-0.044748749202327964,0.10239478967656734,0.4313952547930206,122.20610812046675,147,GAT_first_none_perproduct
1201,per_chapter,27178515.46503828,108779871.07180028,-0.04626272967775957,0.1791634678666093,0.5466968325791856,138.49081489177618,51,GAT_first_none_perproduct
1202,per_chapter,814518.3058910484,3007936.6497553573,0.0017808407261687975,-0.04453896823113235,0.26791623286127053,135.25178469452388,73,GAT_first_none_perproduct
1204,per_chapter,816407.9912915205,3158464.4124741275,-0.0548591792487243,0.2059441064614691,0.5790878754171301,110.42332994537153,30,GAT_first_none_perproduct
1205,per_chapter,3050433.6658341647,4619528.748644016,-0.6344741491315002,-0.3004554556522161,0.35042259268522785,141.20785023633053,39,GAT_first_none_perproduct
1206,per_chapter,1353662.5878217472,3515122.400223144,0.14640430077798006,0.2807560579119497,0.7161290322580645,133.76507325706135,30,GAT_first_none_perproduct
1207,per_chapter,399526.81930545083,1492797.5963668283,-0.040862844848402746,0.02772316630949956,0.2376911118798644,133.98416758029,216,GAT_first_none_perproduct
1208,per_chapter,1357706.9928088454,6991796.642447776,-0.009520536111190747,0.25290787875217746,0.5925290642271773,137.70796770191913,54,GAT_first_none_perproduct
1209,per_chapter,598329.7728311392,1466059.888578774,-0.14953933412203102,0.1042703460563078,0.3912314627851389,113.87438911358475,211,GAT_first_none_perproduct
1211,per_chapter,409743.1370932014,1037516.1690996616,0.5442077301804348,0.2781459741159129,0.5093061415846227,131.01161449487742,80,GAT_first_none_perproduct
1212,per_chapter,276695.04686649085,1279376.9247135746,0.00027070733926448654,0.10156709660280161,0.4482094776753105,118.67258579921132,146,GAT_first_none_perproduct
1214,per_chapter,1911004.865471851,7384930.7334125135,-0.024390660974049627,0.2784859331724172,0.38275510204081625,122.87044560611795,49,GAT_first_none_perproduct
1301,per_chapter,326650.7052831938,1548531.3500023626,-0.03718285615340178,0.2290207159292864,0.5406310594041953,100.00171373689142,62,GAT_first_none_perproduct
1302,per_chapter,405698.5345203967,1225431.1289673098,0.16648590422846887,0.05729720168419472,0.3946032772517036,115.44222685159295,198,GAT_first_none_perproduct
1401,per_chapter,49982.77438999625,112153.7947589491,0.4968117875140292,0.25730275614265674,0.49237023678843167,106.22746154310398,68,GAT_first_none_perproduct
1404,per_chapter,215177.29472034413,457800.2160278686,0.21664724725954976,0.11331223684743752,0.336663583102066,127.50921191419906,46,GAT_first_none_perproduct
1501,per_chapter,985381.2294688324,1955368.7694941137,-0.027599448135069204,0.017841257520201825,0.4178245766391663,128.87595156934086,48,GAT_first_none_perproduct
1502,per_chapter,1326653.8714971207,3062584.194548612,-0.07215462486269342,0.2553379390164593,0.5596669750231268,104.11811157559974,46,GAT_first_none_perproduct
1504,per_chapter,1010776.1786829701,2553281.870959738,-0.04145232767696605,0.13995090400087418,0.3606379728531049,129.96223087048813,60,GAT_first_none_perproduct
1507,per_chapter,8376674.645961149,37723178.309499025,0.029404898990379902,0.11823848023113348,0.5719471091521908,135.22887281599813,57,GAT_first_none_perproduct
1508,per_chapter,1445852.2149664504,5922873.862665335,-0.03579154571883003,0.3815116147301125,0.5651967757230913,136.34267115758456,37,GAT_first_none_perproduct
1509,per_chapter,697757.2618436146,2730310.4921525945,-0.04956470549629377,0.20585965623177505,0.4418826017979904,107.93327796644895,61,GAT_first_none_perproduct
1511,per_chapter,5331967.230752192,14248637.17999391,-0.5181250314339296,-0.10074315531092681,0.24504201680672266,138.15979445242522,50,GAT_first_none_perproduct
1512,per_chapter,2832325.5816790387,11420344.447067477,-0.046833412652527606,0.07615751913262503,0.22988694708330437,143.4565055473064,78,GAT_first_none_perproduct
1513,per_chapter,2954715.7211690443,12910374.808227079,-12.077861023746552,0.13146309874494277,0.37902070328611376,122.84816859704873,77,GAT_first_none_perproduct
1514,per_chapter,1857989.2315754413,5647674.97625335,-0.05819236265258576,0.17195825453763092,0.5046133657802152,139.84345802630912,87,GAT_first_none_perproduct
1515,per_chapter,384811.0603785349,1111813.6607475039,0.1283478495966779,0.2021114951908899,0.4834451438341968,125.20537675869126,184,GAT_first_none_perproduct
1516,per_chapter,1030696.2267132648,2611612.954890273,0.1958895420600727,0.2093023684321188,0.4377107048333983,110.64042902350776,61,GAT_first_none_perproduct
1517,per_chapter,866903.6932382666,1812326.1852568309,0.026576364658208895,0.13269660888633183,0.533713439466864,107.53802433807745,74,GAT_first_none_perproduct
1518,per_chapter,4968428.362723065,9115749.273255164,-0.29890979390831274,0.27985231163942115,0.7064777327935222,103.72226264723285,39,GAT_first_none_perproduct
1521,per_chapter,108009.11651099575,278472.0478605368,-0.6400055251560925,0.2615463671771777,0.5812669683257919,124.01569625564687,51,GAT_first_none_perproduct
1601,per_chapter,834432.0981809099,1617813.506270736,0.2926920275456657,0.3997125105372251,0.6675422138836774,92.71196971608505,40,GAT_first_none_perproduct
1602,per_chapter,1154015.0513323601,3477914.5369603946,-0.029603477525825372,0.2132073313220697,0.46762502802854905,123.80473422093938,277,GAT_first_none_perproduct
1604,per_chapter,655242.7826036735,1807459.5886103401,0.22126925494906358,0.14621351711015385,0.4205811302768641,123.81685003778533,274,GAT_first_none_perproduct
1605,per_chapter,810655.0190855666,2840216.89105408,0.1933312600951611,0.18261415067144227,0.38433857158787216,128.50346322921126,322,GAT_first_none_perproduct
1701,per_chapter,1685831.9619014775,4085328.1629701117,-0.1647143898482708,0.037572075352816925,0.22623681739214782,133.0498484501573,149,GAT_first_none_perproduct
1702,per_chapter,485846.59322299145,1275903.3623478792,0.04189379488440037,0.045062883184494584,0.36683591373955043,132.15648158743534,220,GAT_first_none_perproduct
1703,per_chapter,1145582.3549474294,3217304.982985559,-0.12494942131770226,-0.2791304745968981,0.22255639097744362,151.458456255517,56,GAT_first_none_perproduct
1704,per_chapter,1007883.5168788634,1960727.7998706005,0.08080659361177533,0.3735774022880033,0.5971593383026738,113.14003832493601,82,GAT_first_none_perproduct
1801,per_chapter,1546435.3927357746,7078167.79189722,-0.0434371083996592,0.024037867410324987,0.28142380422691876,137.72152053573816,30,GAT_first_none_perproduct
1803,per_chapter,881521.5772047626,2212251.684330673,-0.0742118686354758,0.14877955149357647,0.48380566801619435,119.58748554023246,39,GAT_first_none_perproduct
1805,per_chapter,829062.7697868259,1980971.4709625333,-0.7636147023017712,-0.26633663225419,0.4568333515701936,136.32175548048824,38,GAT_first_none_perproduct
1806,per_chapter,1028687.0787020609,2241448.2729274984,-0.18698422040052298,0.25557680637609825,0.5769771085122738,115.75232428200086,197,GAT_first_none_perproduct
1901,per_chapter,2201486.3918146566,6198156.087475782,-0.0033749200366015586,0.5317974061078137,0.7251062140068834,114.14790535588655,117,GAT_first_none_perproduct
1902,per_chapter,578691.0434296976,1656993.5997607922,0.09459745652761775,0.16472200531996783,0.5132652197822783,122.59514299940244,176,GAT_first_none_perproduct
1904,per_chapter,352317.60761980375,875653.6020953723,-0.01072072547470948,0.22964098553889412,0.5471791954572662,112.33361468077956,136,GAT_first_none_perproduct
1905,per_chapter,1161650.6355287826,2725868.217401368,-0.05702581870129131,0.18337576142931467,0.391154318440973,127.9974681546485,219,GAT_first_none_perproduct
2001,per_chapter,278555.68071856705,748393.940560945,-1.8345555775380507,0.22471253475668218,0.4090805703787945,110.81860165512332,70,GAT_first_none_perproduct
2002,per_chapter,729881.8008120129,1973161.0290827705,0.05814721182721616,0.22377822071425413,0.519840038918662,118.5562639943598,71,GAT_first_none_perproduct
2003,per_chapter,632865.5573451453,2812516.383388725,0.11873488127623189,0.2551951806264987,0.5635041250542769,110.40675944735341,48,GAT_first_none_perproduct
2004,per_chapter,1737519.346023111,4740202.1386324,0.03247388924872707,0.2515271627232266,0.584150856968355,121.35411268317138,68,GAT_first_none_perproduct
2005,per_chapter,371669.2811470311,1157105.5434143743,0.04649235439198063,0.18158452173998352,0.45411833082048897,124.65096804605807,302,GAT_first_none_perproduct
2006,per_chapter,128338.71784324758,268931.7155472173,0.8442075684784729,-0.03654940769947168,0.5315315315315315,105.54571935655888,36,GAT_first_none_perproduct
2007,per_chapter,354970.86586920003,892014.9022855524,-0.0394208538113765,0.1887321494276124,0.48779498184417563,123.63130753280373,110,GAT_first_none_perproduct
2008,per_chapter,384056.0277618323,1113756.7735105143,0.12205795865664104,0.22238285424603677,0.4684029535211026,120.6316277290177,377,GAT_first_none_perproduct
2009,per_chapter,500383.0533879181,1589256.0511948054,-0.042564430470292125,0.046542931574847124,0.3814191265687756,128.31950599184842,503,GAT_first_none_perproduct
2101,per_chapter,461410.2097069256,1020490.0332185858,-0.14471277250547643,0.237546045309882,0.4493518149304436,117.8785926177422,132,GAT_first_none_perproduct
2102,per_chapter,256639.68112518496,600864.8342465954,0.028316299244405152,0.27247052159874274,0.538365842666587,114.69244317969442,105,GAT_first_none_perproduct
2103,per_chapter,815357.0516910038,2022509.529976016,0.09402134058654277,0.24855038765986892,0.5290468750192786,123.20148547444778,152,GAT_first_none_perproduct
2104,per_chapter,710466.7773295814,1549495.2194611558,-0.08220167591222127,0.2244595576823033,0.6788075130052182,120.80924990371365,73,GAT_first_none_perproduct
2105,per_chapter,1171876.457556893,2467829.5339181335,0.06761455040613207,0.2872214052186711,0.6560728744939271,90.10143831714106,39,GAT_first_none_perproduct
2106,per_chapter,3480746.9792254143,9077491.749457564,0.15664798085346554,0.3998177637562814,0.6426052642626253,119.97403156376245,83,GAT_first_none_perproduct
2201,per_chapter,893489.0301065637,3662252.344184342,0.06187429631619812,0.20538699786987125,0.4981223328591749,116.03606166504883,75,GAT_first_none_perproduct
2202,per_chapter,1332324.2284537926,2643001.939726509,-0.12849463464836264,0.18173288404818766,0.4371388722861663,114.73349904899412,115,GAT_first_none_perproduct
2203,per_chapter,1529528.9333545442,4094874.5878663515,0.09027475431644438,0.37679542019088585,0.6979175107365693,103.17932752737204,42,GAT_first_none_perproduct
2204,per_chapter,1850055.939368742,6449525.52717235,-0.0816780143754583,0.1153872647939006,0.39842456485342387,125.44770874144314,141,GAT_first_none_perproduct
2205,per_chapter,141846.897098566,358729.9577330779,-0.1296797576670985,0.34106114234516716,0.552834008097166,125.77687928846845,39,GAT_first_none_perproduct
2206,per_chapter,400865.3198310048,1019278.4378148878,0.162064422557068,0.3421199015867503,0.602750190985485,116.3334532749781,34,GAT_first_none_perproduct
2207,per_chapter,3161599.305268562,8170885.040214407,0.039097051402365524,0.06922947240359223,0.26221197283155256,130.76042247720252,54,GAT_first_none_perproduct
2208,per_chapter,1145423.014602946,4062761.6879360327,-0.036999503005931134,0.26894922773722174,0.5712579620467345,102.12566692059919,243,GAT_first_none_perproduct
2209,per_chapter,124769.02065972947,394077.38465695607,0.07769512460176609,0.4439747139183694,0.7610241820768137,86.33419988622923,38,GAT_first_none_perproduct
2301,per_chapter,2734933.9847512753,5989148.511650344,0.12728546695389198,0.10312342026283028,0.4993710691823899,96.30190384224974,54,GAT_first_none_perproduct
2302,per_chapter,1200113.4793140409,3968418.1155326623,-0.060751685488977136,-0.0012054880303233872,0.21125387833813372,122.17929606142368,89,GAT_first_none_perproduct
2303,per_chapter,2544818.177842759,5913705.560554323,0.31821231833747954,0.06064452826575484,0.4609022556390978,123.47707317969783,56,GAT_first_none_perproduct
2306,per_chapter,1918840.6933148808,6574407.3265006635,-0.07958951742084408,0.12093791655038644,0.38681285895800077,130.50655127285677,111,GAT_first_none_perproduct
2309,per_chapter,3485231.4693810632,6423441.446892676,-0.6345944867537474,0.3642113322423226,0.6475337797381533,105.78058216550548,78,GAT_first_none_perproduct
2401,per_chapter,2334505.8620712697,5541104.921110638,-0.08504922350566524,0.14927364338963167,0.42464854881020414,126.55722169618993,83,GAT_first_none_perproduct
2402,per_chapter,2769166.9535094183,7658502.307532315,-0.1416718679710236,0.02732664429684939,0.17675578677626258,136.55899406522946,90,GAT_first_none_perproduct
2403,per_chapter,1918037.1898855332,6075119.40423696,-0.06454428714580884,-0.004903661163096595,0.22174270089310788,132.1482129287486,101,GAT_first_none_perproduct
2501,per_chapter,906967.3989468421,2611104.0959374285,-2.0452661032909023,0.1284496290407251,0.4792966534316506,100.9975719968432,42,GAT_first_none_perproduct
2504,per_chapter,168655.29728774866,656584.1301484647,0.4074519020124385,0.2735034212753571,0.524390243902439,119.97515423126144,40,GAT_first_none_perproduct
2505,per_chapter,347146.89526540186,970449.4061504703,0.10876761507969301,-0.07487324593220501,0.5259533506108847,133.04412034708872,74,GAT_first_none_perproduct
2506,per_chapter,272557.3672037095,678768.1719272768,-1.7725198934927309,0.2788580382777772,0.5077264577819517,120.72210035723141,52,GAT_first_none_perproduct
2507,per_chapter,344006.54140329827,1011627.680195794,0.22771368385284485,0.0799638819497348,0.3973607038123167,108.64401894777909,32,GAT_first_none_perproduct
2508,per_chapter,176769.87151807273,449960.7551816653,0.31013285026761417,0.2013177846721379,0.48086722813242666,121.03612957783862,121,GAT_first_none_perproduct
2510,per_chapter,6291496.028543631,19628666.778444506,-0.11250109630065563,0.17071183504401843,0.561624649859944,141.6247516621404,35,GAT_first_none_perproduct
2513,per_chapter,87526.95220707243,253429.85122941254,0.05398608634197333,0.2310643306646235,0.5636199095022624,119.12697739043503,51,GAT_first_none_perproduct
2515,per_chapter,279506.25658810965,792774.6446412978,-0.09529730694219563,0.06622472242220545,0.256343055732761,126.45555806484627,72,GAT_first_none_perproduct
2516,per_chapter,139386.4591684013,404576.0272418806,-0.07079736471272002,0.2771099044633496,0.5615547550880671,117.06424600886194,99,GAT_first_none_perproduct
2517,per_chapter,815712.6598852188,3857246.0055108108,-0.040040892759263036,0.06542588069097732,0.28758697574289777,133.61059080394,116,GAT_first_none_perproduct
2518,per_chapter,609342.9721745988,1652886.7318110028,-0.08598693086197606,0.09712028922370941,0.3548776804590758,142.11997850797445,43,GAT_first_none_perproduct
2519,per_chapter,510125.26611599926,1529517.4663108208,0.2343641073360747,0.27513431642973074,0.45489795918367343,115.82630420936617,49,GAT_first_none_perproduct
2520,per_chapter,328634.30452648003,1042858.1887929562,-0.10072225391207246,0.05952832575229983,0.2550305402938133,122.61578880443362,61,GAT_first_none_perproduct
2522,per_chapter,987310.2409839828,4044726.6413116604,-0.030791304721196955,-0.0160669373623874,0.2806980433632998,134.98649606294862,61,GAT_first_none_perproduct
2523,per_chapter,2480463.930331164,6976110.664987054,-0.11991129709263726,0.1359976044972503,0.3828220590820081,134.99978975785027,130,GAT_first_none_perproduct
2525,per_chapter,101808.98467896834,250057.3108507543,-0.0788298089675965,0.12820022021463817,0.36155542044559563,132.01725000206724,40,GAT_first_none_perproduct
2526,per_chapter,246545.80600496219,521881.87775169424,0.16581145722480384,0.24524633089066405,0.5118552036199094,126.80384947585918,51,GAT_first_none_perproduct
2529,per_chapter,503310.47842482035,1302542.0173870008,-0.2100585878138843,0.034933191320276724,0.2818534208802819,123.51355444500473,63,GAT_first_none_perproduct
2530,per_chapter,1312154.7995553836,9459795.467938945,-0.018303024834751103,0.07999218544806563,0.43052580331061346,129.14851907640568,79,GAT_first_none_perproduct
2601,per_chapter,36271195.41439201,79776199.44722235,-0.10507300060204572,0.07226460918046351,0.4310023498906086,138.67910681211524,42,GAT_first_none_perproduct
2615,per_chapter,1905368.8945057688,4016787.3111789217,-0.17366526091054513,0.11724090842751811,0.4343086020867485,125.93360193849423,30,GAT_first_none_perproduct
2617,per_chapter,1023101.5924253125,3087476.481211723,-0.05140744647575457,-0.05488949243739172,0.20454545454545456,148.4969040641866,33,GAT_first_none_perproduct
2620,per_chapter,876987.4388000357,2381270.5834908923,-0.0952258521876137,0.07613260145541922,0.31299561052954655,121.67748138797658,132,GAT_first_none_perproduct
2621,per_chapter,357146.7283749569,706428.6205764777,-0.19212797025348638,0.06402339648768607,0.40285923753665687,102.59595548868398,32,GAT_first_none_perproduct
2701,per_chapter,11451227.632227007,52311524.16599337,-0.010931982299439813,0.08305579174998756,0.4332231031644903,142.45667746807496,70,GAT_first_none_perproduct
2707,per_chapter,7890580.137001419,22538000.69296317,-0.10826330673813378,0.05828147358830682,0.3468333903145362,152.99046841135103,104,GAT_first_none_perproduct
2710,per_chapter,28952393.432567313,74932390.67375247,-0.0679263515245021,0.07415484457644661,0.33221211474821744,165.69173178392438,139,GAT_first_none_perproduct
2711,per_chapter,107166214.18131238,473468265.5587136,-0.04282959615602899,-0.13577100896201966,0.2769640768242343,148.85712295665357,145,GAT_first_none_perproduct
2712,per_chapter,498929.4074208776,1765541.1454401196,-0.027281772956401662,0.1668618427476608,0.4404143937135151,124.44655332152097,88,GAT_first_none_perproduct
2713,per_chapter,5552846.3606268205,13052478.807978336,0.031002492084605593,0.05761591831739754,0.45911181166613924,128.0968856410418,72,GAT_first_none_perproduct
2714,per_chapter,194965.3119710479,355987.19529712264,-0.12292518126900265,-0.10122438745613715,0.3441601779755284,126.52028960106747,30,GAT_first_none_perproduct
2715,per_chapter,689039.0593472522,2261180.855125527,0.06038612787959663,0.08467935858712361,0.5237903225806452,108.18888207454887,31,GAT_first_none_perproduct
2801,per_chapter,2302636.989539067,10532138.33502832,-0.042243203444330746,0.08021968362518206,0.44785210027291505,132.43929391280145,58,GAT_first_none_perproduct
2803,per_chapter,1832648.8565488092,4291403.283343404,-0.1494368502531762,0.38322865892301594,0.6653225806451614,119.52259653870014,31,GAT_first_none_perproduct
2804,per_chapter,1010370.9093177521,4181490.039906862,-0.020219409895292362,0.10742505592324969,0.3738209854656567,121.01137667854292,233,GAT_first_none_perproduct
2805,per_chapter,425617.6354007401,1518655.7202171213,0.26933684153759174,0.2851022131145642,0.4699481041418704,118.30101318585645,71,GAT_first_none_perproduct
2806,per_chapter,153594.14722785418,446715.20303307934,-0.015728365115006415,0.01590721400088213,0.30035236081747707,127.37651838833963,44,GAT_first_none_perproduct
2809,per_chapter,9186105.421298897,36411905.734717935,-11.271309805894537,0.04188037839718739,0.5544137022397891,154.15495551068597,45,GAT_first_none_perproduct
2811,per_chapter,642960.2997746135,1689066.308653759,0.07317427642090946,0.10077231652732088,0.45404239370301896,120.69265216385949,145,GAT_first_none_perproduct
2812,per_chapter,959077.0853352371,4026590.2393525722,-12.171354763716947,-0.017568182448705505,0.41618693211231905,132.25971321491514,67,GAT_first_none_perproduct
2814,per_chapter,1702761.1436359398,3706385.657482018,-0.01988255116879256,-0.14756522577503217,0.27181610450632165,130.40288389019366,51,GAT_first_none_perproduct
2815,per_chapter,951251.6099700058,2505087.931197764,-0.07865245164425105,-0.05435569538645324,0.37958149999770185,130.2390030176551,99,GAT_first_none_perproduct
2816,per_chapter,259771.37220615253,574816.2365276489,-0.16934187012748714,0.28492654871201584,0.5675675675675675,129.16611217360204,37,GAT_first_none_perproduct
2817,per_chapter,711895.1246010571,1125112.5361044311,-2.253632933484893,0.08677187095894545,0.7882091212458288,109.90409070544122,30,GAT_first_none_perproduct
2818,per_chapter,7271171.615753809,38246256.859383546,-0.03774236444497414,0.15706565541449102,0.4768339584325846,118.73322806835944,68,GAT_first_none_perproduct
2820,per_chapter,695146.9998449568,1872687.596898344,-6.833734214148418,0.2265225183347207,0.5013368983957219,133.98335940832197,33,GAT_first_none_perproduct
2821,per_chapter,210925.2706634769,470614.8457659665,0.09777187386030883,0.12758833283579918,0.3596396005210595,124.76937470046876,48,GAT_first_none_perproduct
2823,per_chapter,261523.7866683617,552140.8344857717,0.08075448336976954,0.34288688295398506,0.6600667408231368,104.47723074664657,30,GAT_first_none_perproduct
2825,per_chapter,4356965.3335305285,19077315.435309097,0.12819474375168027,0.17103340747041873,0.550970279467479,127.49680490286966,146,GAT_first_none_perproduct
2826,per_chapter,667959.481407509,1549742.917235756,-0.6916217002987857,0.10083113869249871,0.37408794162826425,131.23399111723586,63,GAT_first_none_perproduct
2827,per_chapter,413716.27394453564,1445949.8016208785,0.01139793059954819,0.20321165856688783,0.5462141224045348,118.41848333396634,235,GAT_first_none_perproduct
2828,per_chapter,249123.66323317014,707592.2966313313,-0.050590157059241525,0.15090954154973957,0.3827611044417767,111.60375664586412,50,GAT_first_none_perproduct
2829,per_chapter,518219.5215481599,2240516.0078737466,-0.03292131764554518,0.1674875367609422,0.38959276018099553,126.62554415522386,51,GAT_first_none_perproduct
2830,per_chapter,915923.0073570678,3341632.4975454602,-0.024964677544383918,0.37878033808563183,0.6700404858299595,119.91332148146188,39,GAT_first_none_perproduct
2831,per_chapter,71923.5067096188,204683.75172419427,0.4601017786126206,0.3963758738798071,0.4923128342245989,115.11253909853743,33,GAT_first_none_perproduct
2832,per_chapter,99190.49811281916,240261.39769514138,-1.0665818341144666,0.033591825994269575,0.5247788370933801,115.25823619176253,68,GAT_first_none_perproduct
2833,per_chapter,3636284.9908559127,50135273.376477964,-0.004928624156342876,0.10731595699796259,0.46681410966648956,123.68786222141024,221,GAT_first_none_perproduct
2834,per_chapter,410868.9806289283,1341124.9890003786,-0.11621556716321768,-0.053283183100807374,0.31643702402483426,125.00436639948265,65,GAT_first_none_perproduct
2835,per_chapter,223976.39643812258,545105.4589762281,0.22425265017878826,0.18865073621233197,0.5646725574811566,107.83459376710913,190,GAT_first_none_perproduct
2836,per_chapter,6408455.452600706,66488869.998261705,-0.007845991465653235,0.0512672493698898,0.5279297665682664,124.7936531557441,191,GAT_first_none_perproduct
2837,per_chapter,658106.880099792,1427082.9368020508,0.47116265348875785,-0.09169650738357338,0.5564328401824484,144.9785558322925,39,GAT_first_none_perproduct
2839,per_chapter,127595.05829312591,296755.7775962786,0.20964286269700427,0.09575977978138561,0.5644196227219677,112.68857921044089,80,GAT_first_none_perproduct
2840,per_chapter,344759.5440663691,1024694.0356448017,0.33601901277721913,-0.10180427841940509,0.45997570288179584,135.1005930760849,69,GAT_first_none_perproduct
2841,per_chapter,1601737.1890469263,12427453.829310097,-0.012535390611597252,0.30754558536296395,0.6274320538626317,130.77642449342926,111,GAT_first_none_perproduct
2842,per_chapter,2175726.3784382157,12567233.789743345,0.02361621141677528,0.3940004232601384,0.5976605807090889,110.30839933013587,51,GAT_first_none_perproduct
2843,per_chapter,2608308.81146691,10855505.194093775,-0.026044920597547927,0.26157675074075004,0.6387863372879073,142.83768097139244,90,GAT_first_none_perproduct
2844,per_chapter,15823848.470390229,74599087.63487796,-0.04657639334454089,0.25682510360052224,0.49021756606001576,133.5012715565806,59,GAT_first_none_perproduct
2846,per_chapter,1176464.0579464717,3218372.9461710127,0.3094200102960115,0.46182709435824665,0.7159663865546219,133.39267006035217,35,GAT_first_none_perproduct
2847,per_chapter,424357.24371261743,685152.7268598037,-0.44347431529401815,0.2527784387045615,0.4046718576195773,118.5366230001733,30,GAT_first_none_perproduct
2849,per_chapter,955360.0357833211,2724775.293480896,-1.79897599525956,0.01747170251115049,0.49896758703481386,132.9807793016626,50,GAT_first_none_perproduct
2853,per_chapter,1720128.6977447267,8558533.26258742,0.21604095500388043,0.3616125621678461,0.5423423423423424,144.81250655483464,36,GAT_first_none_perproduct
2901,per_chapter,6144282.734297509,16934541.08927846,0.10556544987465666,0.13279842261230412,0.5663951557427307,130.14408948854944,98,GAT_first_none_perproduct
2902,per_chapter,8341138.486817598,41479089.40538149,-0.019287185011626073,0.16754313832761547,0.5789763151985405,147.7113563244833,198,GAT_first_none_perproduct
2903,per_chapter,1112092.1990284596,5386204.861618531,-0.08543610980250249,0.12133674351110091,0.5127926216925724,131.84256511159145,312,GAT_first_none_perproduct
2904,per_chapter,361317.52879553114,1206618.987047325,0.010430145697431836,0.0662432606422062,0.3296522131887985,134.32681565361193,81,GAT_first_none_perproduct
2905,per_chapter,1172143.1775792798,4085688.2613222986,-0.15263965069276142,0.027249338467514317,0.5772836921011425,132.19005521376073,431,GAT_first_none_perproduct
2906,per_chapter,456357.3197216498,2593771.3545337548,-0.023731248020121276,0.36374542919914,0.6592023041788436,113.1190788168588,121,GAT_first_none_perproduct
2907,per_chapter,1086463.071014451,2598987.163811468,-0.5435609232726046,0.07498276504892898,0.578768574701203,139.5061049379091,143,GAT_first_none_perproduct
2908,per_chapter,731141.2693792697,1982160.329855071,-2.908885104641301,0.07209805819338688,0.6662614972447412,142.9297933794314,42,GAT_first_none_perproduct
2909,per_chapter,1546237.2389810449,7432235.533391136,0.034967070518576726,0.09701214703727856,0.601163704836442,124.16384846954736,200,GAT_first_none_perproduct
2910,per_chapter,2037256.8846629895,5856888.948535292,0.05790263719537725,0.06437490333726525,0.5614010989010989,135.09144773887638,64,GAT_first_none_perproduct
2912,per_chapter,413403.0847491117,1340697.7442507627,-5.408977265195815,0.2778739570739813,0.6540619227639073,124.8447164741869,172,GAT_first_none_perproduct
2914,per_chapter,571966.7218292123,1700485.25354753,-1.8697376537866566,0.26221149738756633,0.6553977805764769,120.0078865314798,257,GAT_first_none_perproduct
2915,per_chapter,887692.5294548405,2712032.12968716,-0.4969628751295916,0.11753125738619918,0.5489913678707738,119.79330677010446,327,GAT_first_none_perproduct
2916,per_chapter,602150.0521740689,1598158.4954646202,-0.35732475373373584,0.2682484497811931,0.6238788486156907,117.17105630890217,217,GAT_first_none_perproduct
2917,per_chapter,1272046.0304342639,5204772.73508952,0.10997807132499626,0.007257054514425265,0.5826211202432773,132.72439502153765,220,GAT_first_none_perproduct
2918,per_chapter,388636.1988074236,2120281.122805756,0.033286206494737236,0.27002913300816656,0.587409816648212,113.70259862838216,303,GAT_first_none_perproduct
2920,per_chapter,613774.2825169661,1428751.534491131,-2.869577938116314,0.02037509128540904,0.32401332839689,143.35767647765297,74,GAT_first_none_perproduct
2921,per_chapter,951584.0331454293,3736151.936051453,-0.06919362680855534,0.2270139380059646,0.5411809005362376,126.65627797520239,271,GAT_first_none_perproduct
2922,per_chapter,568419.8405058681,1921443.688131948,0.20827230706621647,0.19080586425721457,0.5176608956649944,124.34985109881293,280,GAT_first_none_perproduct
2923,per_chapter,520349.9290584119,1628472.660692643,-0.280443729377003,-0.03404524448149826,0.461233768749487,117.32139164112331,92,GAT_first_none_perproduct
2924,per_chapter,641792.8862732165,1871571.973550112,0.4349844188101105,0.13586053469399673,0.4488712366929122,132.33723420610545,90,GAT_first_none_perproduct
2925,per_chapter,311403.0214395944,797302.6218096911,0.2359219712320274,0.2473591600827465,0.5067046662010637,121.27959971967795,69,GAT_first_none_perproduct
2926,per_chapter,1522709.6951406584,4283298.740510109,0.16355027765472419,0.24307824775695075,0.4545056797602135,136.54944297773116,57,GAT_first_none_perproduct
2929,per_chapter,1675311.241050846,5173234.805278743,-3.0324946097943304,0.4318726366586664,0.6062904717853838,107.68562070256044,46,GAT_first_none_perproduct
2930,per_chapter,899564.2597596106,2394463.695416858,0.1638883493026102,0.11953424021913228,0.4463131071826724,132.1448765596939,91,GAT_first_none_perproduct
2931,per_chapter,851501.9384822188,2759370.139095133,0.3504388684100508,0.022307196455974787,0.36734513935421265,130.69984824982922,96,GAT_first_none_perproduct
2932,per_chapter,576678.8945176617,1684742.7343097113,0.23673647662370623,0.2493654437066749,0.5301589989257364,118.14146996216202,155,GAT_first_none_perproduct
2933,per_chapter,4732815.604931927,32473351.073829956,-0.01744806216728323,0.18833534966375587,0.5067345185175045,130.82962158581898,368,GAT_first_none_perproduct
2934,per_chapter,2702356.2820415534,9587800.318704236,0.00011768852688232023,0.2331338200095293,0.5104811995886342,134.59899612604775,94,GAT_first_none_perproduct
2935,per_chapter,5205741.976578545,22380296.994821772,-0.051603005242452316,0.2163294403419297,0.44851734325418535,165.07008908363613,38,GAT_first_none_perproduct
2936,per_chapter,492091.860892674,1513473.2035227842,-1.7751261384454606,0.31958114390653325,0.6108875913633981,114.20340958718975,240,GAT_first_none_perproduct
2937,per_chapter,12883657.747763017,109381617.39387366,-0.011359703609251204,0.2325306052008841,0.507836708295131,125.73412162416764,156,GAT_first_none_perproduct
2938,per_chapter,657019.6377249325,1951273.2296310437,0.22402888625862227,0.21982435126011457,0.5215759849906193,117.19595702883512,40,GAT_first_none_perproduct
2939,per_chapter,208279.79427220506,697212.3764638874,-0.012787265706840412,0.10027714359324114,0.3170311432451216,132.78754594544694,167,GAT_first_none_perproduct
2941,per_chapter,1670893.9530620272,5416042.256933113,-2.64388727077438,0.15308744711590683,0.4144310931776528,127.597231964861,127,GAT_first_none_perproduct
3001,per_chapter,2280054.63185575,6182834.192897656,0.0021234966334262584,0.5650628956768247,0.676423157555233,133.3883300153904,53,GAT_first_none_perproduct
3002,per_chapter,13617783.9952671,50308088.53759918,0.048445409924375404,0.4327043280530358,0.6751136080394059,129.24905915677112,218,GAT_first_none_perproduct
3003,per_chapter,4588325.735452792,40489722.275689736,-0.012783671030052846,0.19087697459226016,0.4555219045891248,133.2240635171684,150,GAT_first_none_perproduct
3004,per_chapter,5631403.913645678,22947398.412781112,-0.03609629032495265,0.2579605745313579,0.5080737972119743,125.46975961590073,341,GAT_first_none_perproduct
3005,per_chapter,568943.2820575433,1310523.760237318,0.3796548919380708,0.261057502396129,0.627812444579676,98.51096755040143,73,GAT_first_none_perproduct
3006,per_chapter,779106.2106005887,2377041.938201799,-0.0008015295443175585,0.2381350709195379,0.537222007217981,120.96691860583731,228,GAT_first_none_perproduct
3101,per_chapter,446058.59470203996,766091.2021563502,-0.2525476125563877,0.05563317405933399,0.573109243697479,118.94725689130439,34,GAT_first_none_perproduct
3102,per_chapter,2378664.3348185695,7960962.805841759,-0.030956592553501583,-0.0401954676791727,0.3271102075614706,132.7952602429461,180,GAT_first_none_perproduct
3103,per_chapter,1940663.9154409643,6420590.532037093,-0.05403422472556807,0.17483804689357962,0.3970801673354392,119.76773263168197,52,GAT_first_none_perproduct
3104,per_chapter,1278159.7819154914,4256556.834342642,0.0654318326383917,0.05539285345489742,0.5505338419358173,126.95805893136234,76,GAT_first_none_perproduct
3105,per_chapter,2089022.1797812858,6511006.857825622,0.018193757733014793,-0.05925889236383064,0.3916001047326821,127.17256289476393,194,GAT_first_none_perproduct
3201,per_chapter,169875.53175008058,589528.0212815327,-0.07252360090038823,0.12507880547526018,0.43894335953326313,88.36323804761787,42,GAT_first_none_perproduct
3202,per_chapter,155759.21580739153,314685.9385911426,-0.44755687455691695,0.22189353995737648,0.6663536241782634,115.79915963226308,52,GAT_first_none_perproduct
3203,per_chapter,591769.1394741865,1438833.0744160214,-1.3702552452989654,0.3063162396516027,0.6975546975546977,113.67304742698636,36,GAT_first_none_perproduct
3204,per_chapter,417147.55306861864,1375907.2981024436,-1.2544302558306955,0.22749009621463134,0.558003391477113,115.07527148340344,291,GAT_first_none_perproduct
3206,per_chapter,601048.8689991191,2515991.4879595367,0.03706413330404057,0.19910814813324884,0.45974232416227423,113.35658955496078,180,GAT_first_none_perproduct
3207,per_chapter,561612.7232510633,1577214.872016171,0.0717074879186429,0.12831547915246166,0.6000352515855327,120.17061684627109,119,GAT_first_none_perproduct
3208,per_chapter,841602.270174372,2107785.688884055,0.13916083690883185,0.41610300144196977,0.640046333803001,94.3877987534244,114,GAT_first_none_perproduct
3209,per_chapter,470073.31927975506,971421.626148916,-0.02767454323073082,0.3308943215977961,0.6060613437195715,93.99365745436891,79,GAT_first_none_perproduct
3210,per_chapter,159800.07200394094,255086.06931555594,0.242043218850302,0.23645980281477108,0.591497975708502,100.7233351474324,39,GAT_first_none_perproduct
3212,per_chapter,285688.4603907763,613400.7674650827,-0.2009760915986778,-0.0433160369418486,0.6145814585441431,105.14278253296598,63,GAT_first_none_perproduct
3213,per_chapter,78735.19954097697,163695.05673669657,0.6620825561792031,0.16995683086805824,0.537757800105764,105.9857374626761,61,GAT_first_none_perproduct
3214,per_chapter,488911.41190794983,960310.1421647836,0.09612555886795704,0.47633951450474643,0.7096267559120677,101.5145725872799,80,GAT_first_none_perproduct
3215,per_chapter,606928.5250706109,1125997.1429539223,0.08380774761386944,0.3384155411910633,0.5973190771918947,105.70831749367495,115,GAT_first_none_perproduct
3301,per_chapter,314906.9438325932,1725247.3132498066,-0.008532778065136082,0.1940436757003683,0.42723516313997484,117.40646368801914,242,GAT_first_none_perproduct
3302,per_chapter,2850410.6889935145,10401681.40835309,0.11475175455947728,0.40838812350609655,0.6868418122587014,115.79705713049961,80,GAT_first_none_perproduct
3303,per_chapter,3971565.219520105,9395077.878081301,-0.07905739937430689,0.38610062857011296,0.642706131078224,110.10999006931618,44,GAT_first_none_perproduct
3304,per_chapter,2485107.697389567,9854507.04311138,0.03418804088646743,0.4335596105504739,0.7298514186657826,113.34658855478791,197,GAT_first_none_perproduct
3305,per_chapter,625710.6341482699,1321620.0628814308,0.07944760294152153,0.21538612154321213,0.5003886314987831,118.35087045427466,149,GAT_first_none_perproduct
3306,per_chapter,569088.7866103514,1342807.7990259784,-0.7639662148255093,0.32385583498514436,0.6137657869662818,117.21544479942088,104,GAT_first_none_perproduct
3307,per_chapter,404293.6442256202,955515.1727939821,0.11101903605202867,0.3411782175889998,0.6330955864743145,109.37805115364316,230,GAT_first_none_perproduct
3401,per_chapter,744264.9140098422,1719364.9200002183,-0.2235419891750925,0.30547709084180186,0.5282402873489075,111.56177507440555,164,GAT_first_none_perproduct
3402,per_chapter,1120348.562128255,2464151.220648983,-0.3294681475336616,0.25407953672107864,0.564927510515085,109.10009495109404,215,GAT_first_none_perproduct
3403,per_chapter,538902.5670399294,1537070.5580436026,0.4198896833767849,0.3822406856322499,0.6620622378304557,111.59411441889402,135,GAT_first_none_perproduct
3404,per_chapter,396297.971371216,966306.2977695205,-0.930017760086759,0.24728923083866428,0.6821741671537115,117.3928600605481,59,GAT_first_none_perproduct
3405,per_chapter,234490.6351170553,1157992.4157241806,0.01697571188166258,0.3043492033770032,0.6618135092117711,107.45239682768397,165,GAT_first_none_perproduct
3406,per_chapter,379782.9329906257,833408.9257152132,0.4788273903678264,0.3945995258126421,0.6159144315695649,108.40237097613262,42,GAT_first_none_perproduct
3407,per_chapter,136329.66726151702,375642.2051925762,0.5671783210990076,0.6310757758816117,0.7945945945945948,100.69527554451916,36,GAT_first_none_perproduct
3501,per_chapter,1769665.7612576291,5778129.816172742,-0.09465785342349409,0.13626716775617653,0.4194528875379939,117.59117114411993,48,GAT_first_none_perproduct
3502,per_chapter,756631.3881310673,1831590.4657698926,0.05780568554174714,0.16422354617062107,0.3883923613017346,120.56993670869763,74,GAT_first_none_perproduct
3503,per_chapter,874163.5886615547,2057552.87301303,-0.4976934935067996,0.2554884659078165,0.603921568627451,103.4398064962869,35,GAT_first_none_perproduct
3505,per_chapter,441714.2070391127,978163.6708896102,0.18317913903880512,0.20909589599905254,0.4869040727290192,122.60179049055517,65,GAT_first_none_perproduct
3506,per_chapter,593238.0473628498,1543600.815402697,-0.01095933754170364,0.49495534069398095,0.7175248066525554,111.6581183010583,120,GAT_first_none_perproduct
3507,per_chapter,1113988.824921491,2729555.915401866,0.023966971753997313,0.1485547500985408,0.4468498833290122,121.21377538096631,57,GAT_first_none_perproduct
3604,per_chapter,648139.4687952742,1898989.0776716324,0.41609703938458065,0.22049750709062832,0.5143724696356275,125.04067323247317,39,GAT_first_none_perproduct
3606,per_chapter,159063.28758789686,315523.9420663275,-0.19088522023358956,0.2385942550488347,0.4517275326039768,126.52832093716997,50,GAT_first_none_perproduct
3701,per_chapter,558508.111452231,1824872.5311105966,0.0023504341370415016,0.2168450335804717,0.5795552263846716,125.88932363583713,119,GAT_first_none_perproduct
3702,per_chapter,475819.52135480364,2406843.2697677654,-0.028557345355997965,0.13752884660268871,0.4200472967030723,119.13706118543041,202,GAT_first_none_perproduct
3703,per_chapter,109238.56734324257,360285.1391773549,0.058654438354505234,0.11444094147254447,0.6663919413919414,120.29935200654704,64,GAT_first_none_perproduct
3707,per_chapter,2082822.8911401466,11137800.786184948,0.027076366267339003,0.29788817552150615,0.6009204044594245,117.85294960123333,57,GAT_first_none_perproduct
3801,per_chapter,656589.7104407499,2187051.4743465297,0.42959664155281174,0.38096300936503324,0.5670981426525162,120.79844218391035,84,GAT_first_none_perproduct
3802,per_chapter,483729.7427941874,1140921.9477149688,-0.2699997107556882,0.16999068088667457,0.6632859808811493,116.14909277649723,64,GAT_first_none_perproduct
3805,per_chapter,238274.66118101476,799285.3522930293,0.11711006804600876,0.16933251421356033,0.5075505889459377,125.90030754265524,43,GAT_first_none_perproduct
3806,per_chapter,243374.38505502424,515323.1923264191,-0.02626714822287557,0.3043271361038794,0.7079896334690854,105.80039790715684,74,GAT_first_none_perproduct
3808,per_chapter,1050024.8170680078,3018254.0857562833,0.06193838526193107,0.20245950749043462,0.4460447238773162,121.96047984915259,281,GAT_first_none_perproduct
3809,per_chapter,400999.47845424333,679304.917570865,-0.5618681425699201,0.076193218604241,0.49113303413112747,119.70719912439198,105,GAT_first_none_perproduct
3810,per_chapter,325245.3466547206,700073.5025438054,0.4498051981705915,0.4184782171024226,0.701036866359447,115.45353691244986,63,GAT_first_none_perproduct
3811,per_chapter,1385983.2219837403,5106314.612142582,0.028171592846705007,0.08967087459299716,0.4691885304893781,120.53724575787427,127,GAT_first_none_perproduct
3812,per_chapter,751799.984241108,3149901.960462187,-0.004656357719027948,0.14756783176964405,0.5069088727711439,119.61000067849187,101,GAT_first_none_perproduct
3814,per_chapter,307376.2713263247,447578.41869113216,0.21492787120980805,0.25170446812667957,0.6575117627749206,104.03066746153354,38,GAT_first_none_perproduct
3815,per_chapter,2164885.73005285,5067589.335651296,0.23704365412482942,0.2320537748838064,0.6431109168415299,113.45341251842724,104,GAT_first_none_perproduct
3816,per_chapter,738443.8040185071,2678083.706478325,-1.581730323607644e-06,0.5067156355568436,0.7908961593172118,95.60544302827002,37,GAT_first_none_perproduct
3819,per_chapter,157728.0894093185,279628.20238110074,0.19015379300152013,0.14097688882327875,0.5712757830404889,98.19161610713736,34,GAT_first_none_perproduct
3820,per_chapter,235663.30437351635,434821.93324334343,-0.6636212546081308,0.2757395309994567,0.6577306050990261,97.88991145032439,38,GAT_first_none_perproduct
3821,per_chapter,582842.1806977141,1043349.8396823022,0.5519315518564354,0.2997487073701457,0.7240641711229946,114.39258737863824,34,GAT_first_none_perproduct
3822,per_chapter,3295393.1077896627,8036836.63835576,0.41101811236586894,0.6518731779864138,0.8331010452961675,104.78100342377871,41,GAT_first_none_perproduct
3823,per_chapter,930345.1863999384,2376357.7377126063,-0.031945053754021346,0.03199447078274287,0.4731711366219758,122.9399086772883,125,GAT_first_none_perproduct
3824,per_chapter,1049536.5658233073,6422233.200488519,-0.007982879746889715,0.08059099053765806,0.2821055032996223,132.43831376559697,333,GAT_first_none_perproduct
3825,per_chapter,114836.88730942953,421538.55896770256,-0.06705285134071004,0.11486109071752237,0.26279626687689966,133.0637069189669,93,GAT_first_none_perproduct
3901,per_chapter,3307648.403355454,7290249.082555183,0.06934972994438338,0.27210665953339264,0.6620008631634617,102.89534716760093,167,GAT_first_none_perproduct
3902,per_chapter,2808452.5119037656,6182090.082588771,-0.5695329314424744,0.3291236864404492,0.6175172714080407,112.71300958841361,123,GAT_first_none_perproduct
3903,per_chapter,1166777.5969788411,2483366.7249122374,-0.09390155556722246,0.17918970227910258,0.6509375175217812,119.7644915494547,150,GAT_first_none_perproduct
3904,per_chapter,1312242.9485508136,3609732.256673462,0.1422129088448867,0.1944714083239537,0.48979779621339575,129.74330608317428,209,GAT_first_none_perproduct
3905,per_chapter,601770.7288982641,1467985.1002955944,0.0034794675348486237,0.01005258054998126,0.42186962953311524,123.31310071133872,175,GAT_first_none_perproduct
3906,per_chapter,1821038.3423489132,4035489.2743561403,-0.1714127103209908,0.1884762455444523,0.6503065940254347,114.13942230004908,62,GAT_first_none_perproduct
3907,per_chapter,1697345.5649863377,3579027.5695832255,0.1937915148050312,0.06052117082620312,0.5330359907750308,116.58209229454319,310,GAT_first_none_perproduct
3908,per_chapter,4179407.630896868,10552139.297176547,-3.838672414670394,0.2633847224533342,0.6925774400935126,110.74466412110668,59,GAT_first_none_perproduct
3909,per_chapter,1182884.3366615928,2417618.425375323,0.0838853864006538,0.053777049843041325,0.6306567592015031,122.8529667993846,162,GAT_first_none_perproduct
3910,per_chapter,1408857.411912466,4124022.634027802,-0.2522813026446016,0.567020973790259,0.7332082551594749,109.86646760641574,40,GAT_first_none_perproduct
3911,per_chapter,1177787.3408976083,2898788.127297213,-0.34287120304106433,0.4921647025909086,0.7581529581529582,105.34159924842317,55,GAT_first_none_perproduct
3912,per_chapter,619664.399930594,1779746.0416004646,0.1462684170457902,0.18608708028183063,0.46993595886363837,114.07252444628162,143,GAT_first_none_perproduct
3913,per_chapter,700154.4429578753,1982481.7472252387,-0.724907129266569,0.4166213326675695,0.7304252009333679,106.0628260209524,57,GAT_first_none_perproduct
3914,per_chapter,525333.4789517777,876401.3297765851,0.5876444832935975,0.4130911322994203,0.7197580645161291,100.12982697359732,31,GAT_first_none_perproduct
3915,per_chapter,585785.8143093656,1213938.034185242,-0.016320073002791924,0.16605039927546295,0.47457311639570704,101.08560823059855,107,GAT_first_none_perproduct
3916,per_chapter,324493.90399975085,779929.6487842221,0.057806488077829066,0.27640684369496404,0.5913356726776804,112.27436035932021,103,GAT_first_none_perproduct
3917,per_chapter,581579.1708937457,1438333.3116199868,-0.08648548553523328,0.30840222839703413,0.6324544330024113,104.90816014778113,364,GAT_first_none_perproduct
3918,per_chapter,772219.2291321293,2822693.0075220973,0.6336169671617664,0.3729701775677501,0.6487796343277054,115.08188033982375,70,GAT_first_none_perproduct
3919,per_chapter,2016025.7141056198,6389720.074717623,-0.3835377120621266,0.5221657162115035,0.8088528434629666,106.78270099319494,85,GAT_first_none_perproduct
3920,per_chapter,1001511.1155429176,3342153.64618965,0.1290864863156067,0.13853331734865504,0.49157226719644487,120.47696594223281,552,GAT_first_none_perproduct
3921,per_chapter,888362.0499271882,2078573.2886411415,0.2904490291814268,0.16221095697447363,0.5011408492667057,119.66844124709988,208,GAT_first_none_perproduct
3922,per_chapter,218302.46313986045,430644.8290719385,0.5807157493971997,0.2891556444263965,0.510870405999546,112.50537126127244,104,GAT_first_none_perproduct
3923,per_chapter,754522.9449904152,1779304.8464583294,0.564268882384471,0.35560928692556837,0.6458779030462433,99.25578946567224,292,GAT_first_none_perproduct
3924,per_chapter,727253.577256549,2078712.4464206926,0.9410400993804932,0.5861337614805127,0.7384428470183254,89.55620286893074,84,GAT_first_none_perproduct
3925,per_chapter,782970.5833886495,3082061.0315030175,0.05694593409737103,0.15070541805228532,0.6064035757362062,117.63406832276702,156,GAT_first_none_perproduct
3926,per_chapter,1768505.7118053194,10449591.416831862,0.182253303132905,0.48903238570191887,0.7130050702784202,109.59737557128533,197,GAT_first_none_perproduct
4001,per_chapter,780592.4559317061,3203101.8278031684,-0.04407376250154216,0.13687426973359218,0.41114714976653843,130.09613552742536,100,GAT_first_none_perproduct
4002,per_chapter,884233.2210540146,2078098.3772491342,0.277305182324031,0.060422475512313945,0.6298866131660608,121.8081473740181,268,GAT_first_none_perproduct
4004,per_chapter,249743.39870132107,436621.20823184826,-0.13138213493794137,0.09449234476129276,0.4941176470588236,99.67228002027062,35,GAT_first_none_perproduct
4005,per_chapter,406351.0284538623,773203.8620570999,0.011578830708848686,0.2758108044763219,0.6951851689144664,117.70200884962796,103,GAT_first_none_perproduct
4006,per_chapter,90404.1084353783,189796.5426519969,-0.642736605185138,0.42549633557603683,0.6988019732205778,98.71575608770632,44,GAT_first_none_perproduct
4008,per_chapter,184717.426251171,338257.7784272147,0.26752116974590034,0.26870144288306896,0.6013839226184156,112.65547609215658,133,GAT_first_none_perproduct
4009,per_chapter,148154.93016460977,334441.0145028006,0.4133383644113888,0.3238271170013962,0.7231845964591676,101.02244363709485,280,GAT_first_none_perproduct
4010,per_chapter,146454.0401401465,386695.9059819618,0.2009269921647424,0.31262191725694155,0.6573442241335128,113.1330135687981,308,GAT_first_none_perproduct
4011,per_chapter,1902153.807216874,5524726.70874777,0.16465290308175462,0.1692195375784581,0.6008519825060604,125.6597087071497,260,GAT_first_none_perproduct
4012,per_chapter,163701.6814618767,492151.4745645763,0.0003846994038876339,0.22089485951875143,0.6358569975888859,117.52712292825449,140,GAT_first_none_perproduct
4013,per_chapter,73225.91591082097,192984.12248438908,0.5635431221014937,0.16763384778258128,0.6008509241786705,114.84373564433206,80,GAT_first_none_perproduct
4014,per_chapter,182646.40119855534,452648.64273592347,-0.27748516696525183,0.3533544206858592,0.7024854574299312,116.03905850766468,61,GAT_first_none_perproduct
4015,per_chapter,344169.4235024489,1030752.6739536882,0.12129781376473103,0.18270200119431512,0.5417037956049684,107.3560696412066,101,GAT_first_none_perproduct
4016,per_chapter,455009.17717478046,1101101.2198831544,0.28464130896633455,0.3045716105654881,0.6448161387675535,118.23285515279365,247,GAT_first_none_perproduct
4017,per_chapter,114317.9840336774,305863.08037972724,-0.3527946028278248,0.2676897717796506,0.5986070381231672,107.44074618399581,32,GAT_first_none_perproduct
4101,per_chapter,1803830.9920181218,5051062.433222638,0.006613870858491078,0.17306343053374607,0.4899350440542801,118.30433484438059,72,GAT_first_none_perproduct
4102,per_chapter,337410.2009258869,802135.0104932603,-0.13814706927361042,0.11813970155995346,0.32506058440557706,125.4089118218487,33,GAT_first_none_perproduct
4103,per_chapter,982491.9427538936,2955814.46600508,-0.021422096663682,0.18147194389026644,0.36134453781512604,135.88183603113896,35,GAT_first_none_perproduct
4104,per_chapter,999885.5064243363,2351379.1720187515,-0.05246419454726792,0.05310035851904171,0.2560389586298942,129.14666909721825,96,GAT_first_none_perproduct
4106,per_chapter,279330.6467346979,867056.4436161058,-0.09342764264840375,0.06030977149192096,0.2459643912560967,121.19039886499647,62,GAT_first_none_perproduct
4107,per_chapter,627780.929961463,1603065.6461780649,-0.002011051833889166,0.15115502060094532,0.410338753080988,117.37190288428614,158,GAT_first_none_perproduct
4113,per_chapter,321404.94004803756,801046.1488787235,-0.06409832278241634,0.035271912914899395,0.37152917505030175,126.23803137283976,71,GAT_first_none_perproduct
4114,per_chapter,246095.95118288122,653546.7821556581,-0.09364821225185138,-0.04817792353718131,0.24634789934530932,124.35486560552613,36,GAT_first_none_perproduct
4115,per_chapter,84482.68451185166,238862.17244812316,-0.03160112456902997,0.2360232491464438,0.42792792792792783,139.5760683759085,37,GAT_first_none_perproduct
4201,per_chapter,647847.0084058348,2628060.1186029688,-2.9950667292977315,0.2691545877883109,0.46996389101652253,112.60307707837526,38,GAT_first_none_perproduct
4202,per_chapter,1300503.7540915336,7089975.999393759,0.04131637479787997,0.3895967794522831,0.6350013639811393,114.56916723786068,478,GAT_first_none_perproduct
4203,per_chapter,282850.00688078575,863847.954255516,0.03320777716931911,0.28356951348669435,0.6084385384350881,117.22429330661004,190,GAT_first_none_perproduct
4205,per_chapter,1365532.408744458,6621256.85124788,-0.04911760703610191,0.3735353877691362,0.705225007550589,115.01014657085884,43,GAT_first_none_perproduct
4301,per_chapter,1262660.3155117133,5709744.6999673,-0.04948993421870984,0.13044900522973557,0.3850267379679145,135.1225429951217,33,GAT_first_none_perproduct
4302,per_chapter,166810.75946008007,514803.98048116633,0.06431565875675205,-0.09634702733570055,0.09664064023292232,125.94811732546705,60,GAT_first_none_perproduct
4303,per_chapter,472105.0850637685,2039058.524540345,0.24911651157681525,0.4225059667286728,0.6850850641895418,109.23959288582843,66,GAT_first_none_perproduct
4401,per_chapter,1347475.5745995431,4853548.13287865,-0.05563482829513222,0.06356579634492876,0.3625274570071246,126.89837702327476,150,GAT_first_none_perproduct
4402,per_chapter,479139.2377894408,1412379.1032929232,-0.13717650911816448,0.07339929736959827,0.2702166994334752,131.0754365555175,54,GAT_first_none_perproduct
4403,per_chapter,2007780.8380646224,10668677.239970587,-0.02570961584861564,0.04575065612970064,0.22528643675067433,133.1048169075614,263,GAT_first_none_perproduct
4404,per_chapter,151430.28240449162,375361.4072631881,-0.24155682652966504,0.010702104291783865,0.38693877551020406,126.67684164022582,49,GAT_first_none_perproduct
4406,per_chapter,285521.3030863326,678011.2806782864,-0.14577393911324155,-0.07364962120071694,0.1054566728842772,107.6885376307657,33,GAT_first_none_perproduct
4407,per_chapter,933313.881133696,3811263.02132117,-0.01744264299626086,0.0022328335923555986,0.24972340302799934,125.2765607898101,301,GAT_first_none_perproduct
4408,per_chapter,460571.0965466476,1238656.7509208051,-0.051614085922165875,0.0610967077991843,0.273305344591726,120.79876327785935,86,GAT_first_none_perproduct
4409,per_chapter,637476.6130960758,2761897.5689607305,-0.02380885255798071,0.1414315918994642,0.3842250048908489,115.26185329359811,102,GAT_first_none_perproduct
4410,per_chapter,670437.5932236379,1534023.0953443206,-0.1825510385112652,0.13104767280360674,0.4415037319912433,135.09159669571383,107,GAT_first_none_perproduct
4411,per_chapter,857066.447747538,3135262.817285736,-0.03506900501229682,0.10743104878055343,0.5165709906922038,126.57628250038265,158,GAT_first_none_perproduct
4412,per_chapter,665404.1038575941,1984106.0905056982,0.16222005031116338,0.2128609946902642,0.5239838305065037,115.29173280358442,178,GAT_first_none_perproduct
4413,per_chapter,152518.65738431414,314907.99484492897,-0.014002563246258815,0.3381163686955032,0.6511679644048943,104.64938823043954,30,GAT_first_none_perproduct
4414,per_chapter,127505.88952767802,526679.6197335629,0.42436109209052686,0.4269466995911746,0.6558558558558559,92.58640706885254,36,GAT_first_none_perproduct
4415,per_chapter,329710.88319394516,744598.9976631313,0.0633448528031142,0.2101950364302042,0.5722698354277301,107.1932610614192,77,GAT_first_none_perproduct
4416,per_chapter,375298.6605635758,1129207.139376761,0.0032587595314980122,0.11305516146078765,0.4281417112299466,125.9411683705348,33,GAT_first_none_perproduct
4417,per_chapter,141556.23550491026,376153.5362887056,-0.9237610304083608,0.4284341369136969,0.7176470588235295,105.32725951684294,35,GAT_first_none_perproduct
4418,per_chapter,385860.48555913224,1258185.90097242,-0.06677479763340544,0.13310131721224283,0.3980590160142146,111.5987500891925,267,GAT_first_none_perproduct
4419,per_chapter,73217.67609840637,284503.92973681155,0.7494190978522771,0.3260916260167709,0.5591296538155996,106.90087575741228,131,GAT_first_none_perproduct
4420,per_chapter,313221.5142855504,1500485.2109715422,-1.6173711700213107,0.38313767416041533,0.537923186344239,103.44683614261028,75,GAT_first_none_perproduct
4421,per_chapter,325738.71748357516,1872211.44849129,0.2687455573873806,0.3373906894611608,0.5750182446202285,116.59631387718376,109,GAT_first_none_perproduct
4501,per_chapter,26031.24909051768,60894.155795240506,-0.09663315263608574,-0.05848627653630856,0.31701890989988873,105.8932751316574,30,GAT_first_none_perproduct
4503,per_chapter,112504.2131704317,407414.907613524,-0.06485344916604152,0.19392301074154417,0.48436974789915965,128.08693956113257,50,GAT_first_none_perproduct
4504,per_chapter,128767.82790763224,568808.0394066893,-0.014742342868300895,0.22656501487146763,0.6736651583710406,116.6265621520848,51,GAT_first_none_perproduct
4601,per_chapter,85810.33029608201,324845.3402442774,-2.2991625121028165,0.20293255556735945,0.5878043176485366,119.91099815568474,152,GAT_first_none_perproduct
4602,per_chapter,110736.10014442512,499905.51390169124,0.436543719794809,0.22994627421703717,0.683073129861617,108.5475135112677,135,GAT_first_none_perproduct
4703,per_chapter,7020332.046423031,15202534.59838021,-0.0805776678212009,0.04233502051342064,0.3966375650703331,125.00085066105603,55,GAT_first_none_perproduct
4706,per_chapter,1217183.2847488797,5811006.276490448,-0.0426614803494223,0.14610530143407674,0.4011736513566092,130.628952869507,86,GAT_first_none_perproduct
4707,per_chapter,1750766.0097327435,3526939.2362058517,0.18506331368699191,0.04737044959737968,0.5787953581239489,101.38929240758858,113,GAT_first_none_perproduct
4801,per_chapter,435294.2990000934,907430.886544205,-0.280382366414454,0.2551984598296193,0.5394883203559511,114.36715032433837,30,GAT_first_none_perproduct
4802,per_chapter,307462.25116752967,919340.9198567137,0.02373784438552695,0.13766030164593424,0.5418753382441129,127.37953005758558,313,GAT_first_none_perproduct
4803,per_chapter,1237768.803067147,2811957.4400219186,-1.475832861436317,0.25138782706755225,0.5953095684803003,121.66893755826433,40,GAT_first_none_perproduct
4804,per_chapter,540392.3313745755,1553231.3449747718,0.05537646820608111,0.11339979670899014,0.4676034900183457,122.7891603002139,243,GAT_first_none_perproduct
4805,per_chapter,703763.3340448916,1849708.4393553913,-0.029117534540446632,0.020595158645347,0.39494377482126447,127.93976567857959,255,GAT_first_none_perproduct
4806,per_chapter,198839.3538745664,570635.2014383742,0.03275088832900219,0.10723681630094617,0.5171567377438576,127.80419430798258,98,GAT_first_none_perproduct
4807,per_chapter,184180.08732578167,502999.5224445419,0.08670397276011521,0.058766792615428276,0.5839822024471636,108.58424526617829,30,GAT_first_none_perproduct
4808,per_chapter,188596.2938507842,398038.7499467587,-0.031486576961968105,0.09548874256414941,0.5096512183468705,121.89082299252674,91,GAT_first_none_perproduct
4809,per_chapter,98464.50082483962,235324.94141144725,0.1206339479513654,0.15219707040360064,0.4869381279746166,113.74828377314263,61,GAT_first_none_perproduct
4810,per_chapter,631074.0268974288,1572797.211254438,0.1105985756576694,0.20086268561612652,0.5780760426524345,124.80532041609138,258,GAT_first_none_perproduct
4811,per_chapter,700902.5734761492,2057384.7319585457,0.02295026733372174,0.1482587270293535,0.5504538394706764,123.4312553338397,225,GAT_first_none_perproduct
4813,per_chapter,334213.96151390555,599542.763357102,0.01895791798368951,0.024032570502881323,0.36545627239515305,119.54413514928692,66,GAT_first_none_perproduct
4814,per_chapter,147548.03008311876,394346.12865241605,0.3828272693215149,0.3789496979096627,0.6467032967032966,100.3510603567685,64,GAT_first_none_perproduct
4816,per_chapter,296125.41238654224,822795.9719528587,-19.197141481911498,-0.434248677272687,0.444121915820029,128.02607389689393,53,GAT_first_none_perproduct
4817,per_chapter,52955.311567188415,124032.46069538596,0.5626206203230703,0.3319059343789178,0.622141589073453,104.31305033299058,105,GAT_first_none_perproduct
4818,per_chapter,581508.4911433144,1735386.6605055667,0.04738639699959368,0.199378195670616,0.5026505004068844,126.22485198460886,186,GAT_first_none_perproduct
4819,per_chapter,613095.901294306,1446141.0772393807,0.34264285986101173,0.25330666402491386,0.5375308758726441,113.98026639713812,243,GAT_first_none_perproduct
4820,per_chapter,124250.8268443726,727133.8535832806,0.1721329450832183,0.2913131177412409,0.5750265904447391,110.64013556175345,212,GAT_first_none_perproduct
4821,per_chapter,305050.93757871696,795631.4212929399,0.31148453479909455,0.347407593011256,0.6154901018953222,97.18811282094644,80,GAT_first_none_perproduct
4822,per_chapter,149067.8222022624,320295.8108107794,-0.059831758027816706,-0.036263833621919206,0.462016390318277,124.6649584202494,54,GAT_first_none_perproduct
4823,per_chapter,331747.6314281234,1059892.2559915509,0.45832133573728606,0.24989924895630888,0.5242541791193747,112.84194338723206,200,GAT_first_none_perproduct
4901,per_chapter,490950.3564655193,1307489.8922219393,0.046183855805210006,0.2961265406316451,0.6014034249354254,114.1679607224325,110,GAT_first_none_perproduct
4902,per_chapter,231199.20255446553,452877.65691994503,-0.13868586528152083,0.1780800999772817,0.5239102515675758,138.0934379038827,62,GAT_first_none_perproduct
4903,per_chapter,166379.1631546521,484975.79815304023,0.7083624236545996,0.496632206046409,0.6390374331550803,104.6892027482494,33,GAT_first_none_perproduct
4905,per_chapter,42450.11577840249,161133.44046749195,0.0013078787461522356,0.373909873787446,0.6252328304540771,117.22775914580612,56,GAT_first_none_perproduct
4906,per_chapter,99854.81991265967,370005.7111867637,-0.07689697088457992,0.3118823986264073,0.5516685177748439,112.3878407644496,31,GAT_first_none_perproduct
4907,per_chapter,2599809.0722777653,12421286.049855081,-0.039486786151202935,0.23302512869922587,0.5548387096774194,122.1461622599428,31,GAT_first_none_perproduct
4908,per_chapter,163367.03338911498,425062.0312469287,0.20403489570599453,0.19691521924202526,0.4901719523824172,122.52138569557506,58,GAT_first_none_perproduct
4909,per_chapter,353639.75078815187,1861458.1297609352,-12.692439603352597,0.4487020458920523,0.6440900562851783,120.28460190451038,40,GAT_first_none_perproduct
4910,per_chapter,36072.9412560568,99442.42846368063,0.7439312430430565,0.49108423727104666,0.7428602691760586,99.08245863413434,38,GAT_first_none_perproduct
4911,per_chapter,398185.30639274075,1280528.3755062008,0.13380748009735755,0.41650473897299,0.6573075305750838,112.69007055126512,125,GAT_first_none_perproduct
5007,per_chapter,199861.76449201826,655869.0193916792,0.09670270330269415,0.30193537169470863,0.5157276995305163,123.81095248531078,71,GAT_first_none_perproduct
5101,per_chapter,606277.0913666374,1811529.9700310712,-0.07987646403834803,0.08052860344639867,0.2411714832639909,129.63021535708344,77,GAT_first_none_perproduct
5102,per_chapter,292188.6462097676,799469.8449746183,-0.08561528117287542,0.03642248058504227,0.3195049287344406,129.95450879042642,34,GAT_first_none_perproduct
5105,per_chapter,725765.9333429529,3133706.326262774,0.07388927716903848,0.06517181441654163,0.19812374199464125,136.8888378782414,75,GAT_first_none_perproduct
5106,per_chapter,310959.2545260627,625743.9683022838,-0.021651326920918423,0.10253572071483286,0.42794616478827,128.2413720211594,38,GAT_first_none_perproduct
5107,per_chapter,623845.4971280113,1541796.2176678681,-1.3430302750208942,0.05346514551326398,0.5943094291913189,113.9814237034556,37,GAT_first_none_perproduct
5108,per_chapter,303825.3039749257,708657.6730714784,0.7443281039677072,0.2584982741474179,0.5153743315508023,116.76449563224998,33,GAT_first_none_perproduct
5109,per_chapter,59839.54874849111,124586.07057970326,-0.1480742657508447,0.20140748738652647,0.36997885835095135,105.43069808110259,44,GAT_first_none_perproduct
5111,per_chapter,133308.28664638297,322236.89952412463,0.08436260937904139,0.28361445282319664,0.5206254027564933,104.07046405092923,97,GAT_first_none_perproduct
5112,per_chapter,300109.644587949,827585.6466457812,-0.05048566790161546,0.30422763618009996,0.5498129196481268,108.9463477698901,99,GAT_first_none_perproduct
5201,per_chapter,5506857.748764541,17035331.878673755,0.22497546045007855,0.1779412650734895,0.345307917888563,149.99167476118402,32,GAT_first_none_perproduct
5202,per_chapter,201410.4886512168,525124.525256328,-0.1280759974329646,0.025946700223866137,0.1961100305640456,123.2865975880601,60,GAT_first_none_perproduct
5204,per_chapter,24947.66150413929,50008.00181696343,0.018198992575788053,0.1340608696139517,0.3732433162060265,121.96921422879466,80,GAT_first_none_perproduct
5205,per_chapter,1049438.6171945252,4723539.065537434,-0.02800104275485915,0.15435775280395225,0.4119894166877874,133.55292026737794,361,GAT_first_none_perproduct
5206,per_chapter,339617.27069680457,928850.7778064761,-0.11495339787803349,0.14420867607359245,0.4922234641316001,127.62480106523442,224,GAT_first_none_perproduct
5207,per_chapter,68535.2170870564,141916.56151149055,-0.14519698365217226,0.023362125346444662,0.4908221634081789,125.89147765041977,52,GAT_first_none_perproduct
5208,per_chapter,273021.4540544245,873106.0256802412,0.1588665050871425,0.2577424054262849,0.5401664253739804,112.91082154959476,444,GAT_first_none_perproduct
5209,per_chapter,178781.27811860762,493948.28660671983,0.16717736882896306,0.16359666842245757,0.5344930808071467,113.76338417425,349,GAT_first_none_perproduct
5210,per_chapter,222741.05709039365,768077.6339626757,-6.870856717677028,0.07989173683917994,0.466328913985885,112.7510762557482,214,GAT_first_none_perproduct
5211,per_chapter,166442.67706069647,550168.2905873683,0.2254256172797614,0.2053915139297512,0.4818107909473884,121.96320542997343,257,GAT_first_none_perproduct
5212,per_chapter,53785.479019552164,117639.56676289154,0.08080160364468236,0.09691365838934629,0.4268278089092993,114.04965441051111,197,GAT_first_none_perproduct
5301,per_chapter,2125483.4576942283,7137075.999906834,-0.09505563594038713,-0.010417791735397586,0.15220940991596885,152.4988898297895,49,GAT_first_none_perproduct
5303,per_chapter,33102.17049075818,77012.08345970217,-0.09821641751258592,0.34485473912515563,0.6696715049656226,111.00644885952944,34,GAT_first_none_perproduct
5306,per_chapter,331731.9206350304,957397.7186733412,-0.059155708990780154,0.027154881885732562,0.16097676623992413,152.9196688043475,37,GAT_first_none_perproduct
5308,per_chapter,44186.28269152429,105073.24465546773,-0.04460903523655557,0.20615325373512827,0.46719367588932803,113.64525244472472,45,GAT_first_none_perproduct
5309,per_chapter,188236.9605157093,539489.5474289268,0.3822238137921208,0.3628322089991395,0.5646204663475078,104.31389307728374,85,GAT_first_none_perproduct
5310,per_chapter,35561.71687242237,102200.59588530296,-0.10885772717523667,0.27253331115680446,0.5647226173541963,103.84061019657179,38,GAT_first_none_perproduct
5401,per_chapter,165391.33977028506,348410.49681434,0.31879294234142774,0.020376763208846627,0.3813804739241016,118.58480980131843,62,GAT_first_none_perproduct
5402,per_chapter,580962.6340225893,1816918.1625861798,0.17525107921806493,0.16384441263017158,0.46877434502131554,122.21908774806978,438,GAT_first_none_perproduct
5403,per_chapter,452263.3312177997,1653162.357575225,0.020353021586775655,-0.03859192574057313,0.1852758759094024,140.3105528188964,106,GAT_first_none_perproduct
5404,per_chapter,162922.9088334075,273594.78540002427,0.11027349946081377,0.1509690231126809,0.5961797838685563,117.40373036013551,87,GAT_first_none_perproduct
5407,per_chapter,450986.1733493969,2864425.134570081,0.1449470432044494,0.18756113916946704,0.5198468101751429,117.38017071877212,606,GAT_first_none_perproduct
5408,per_chapter,118330.10671256043,313779.9728003346,-0.0814519351634575,0.21295386607538336,0.5463310788900924,105.33699350133534,173,GAT_first_none_perproduct
5501,per_chapter,557879.2777058957,1634686.199176174,0.21728798535631666,0.02434410744948201,0.4501461133839861,147.45733184023348,59,GAT_first_none_perproduct
5503,per_chapter,509708.164368864,1564152.9725297703,0.1259266724654684,0.11524302587279123,0.5413776842286308,116.86783292186446,125,GAT_first_none_perproduct
5504,per_chapter,1722887.4089056184,4316781.353152529,-5.541450893719046,0.06174775274523325,0.49677419354838714,139.46736709251985,31,GAT_first_none_perproduct
5505,per_chapter,157417.71884465186,446166.6929160589,-0.011916500188577706,0.07242366791045884,0.4627663884612269,105.0071340073973,42,GAT_first_none_perproduct
5506,per_chapter,74771.5327525945,131515.3669349738,-0.0275882777702825,0.07525356363705082,0.506188744810094,116.23913244359356,68,GAT_first_none_perproduct
5508,per_chapter,262786.0504550459,1054307.8178845937,0.002888606989521869,-0.06759756705326492,0.1430414449282374,135.4031677534559,53,GAT_first_none_perproduct
5509,per_chapter,406976.8317623112,1887025.442502128,-0.06521572855875646,0.13152233369491528,0.4045972935920224,117.85748604794549,294,GAT_first_none_perproduct
5510,per_chapter,213274.93634935244,587027.8911838867,0.15355362347803714,0.14685588218240087,0.3643297824258943,120.19188610941276,87,GAT_first_none_perproduct
5511,per_chapter,76089.27073501826,189362.440186583,-0.03163512943214486,0.06353184768557152,0.3714271328592373,128.71045748131513,62,GAT_first_none_perproduct
5512,per_chapter,206163.1340854482,722046.0811617121,0.11600632380700748,0.25027417758738646,0.5511236968590189,111.4700238424413,140,GAT_first_none_perproduct
5513,per_chapter,180081.2055641145,524327.5088311051,-0.302384561587391,0.17375738708680677,0.3406540202650623,120.04537118881942,211,GAT_first_none_perproduct
5514,per_chapter,174246.48575711463,436273.24150935264,-0.09640772649615958,0.08047538629164297,0.4192236934252564,111.83979182234982,221,GAT_first_none_perproduct
5515,per_chapter,212385.13586335446,1047404.2242974213,0.06127842795833882,0.35012755207351887,0.601988765888833,97.88099732459243,190,GAT_first_none_perproduct
5516,per_chapter,165737.94685433002,748368.6344006388,0.17846473094124615,0.27188328830143715,0.5252257163262536,99.19095125285266,328,GAT_first_none_perproduct
5601,per_chapter,444320.6537734678,1036329.6146263621,-0.09550606182093824,0.1327217599044883,0.45942260014643593,131.75909850697388,110,GAT_first_none_perproduct
5602,per_chapter,102382.3943327057,243764.37179635477,0.09153978196756996,-0.011885899726716831,0.4632773620156146,122.7325385185065,107,GAT_first_none_perproduct
5603,per_chapter,727629.5972027866,1833632.25435921,-0.4827210076854902,0.22441479518948193,0.6201418553212374,104.18940186054265,243,GAT_first_none_perproduct
5604,per_chapter,155894.24348245267,369913.8641998504,0.3313116872645905,0.2667778678902636,0.6708909370199693,121.83209380102065,63,GAT_first_none_perproduct
5607,per_chapter,104063.31312353494,293831.41989442136,0.25225841719792164,0.25206524622887083,0.484131012957148,121.26959619628627,191,GAT_first_none_perproduct
5608,per_chapter,156248.5927360791,417361.81485873804,0.3366869749239133,0.12703901441646093,0.453422220269736,105.43432018969798,103,GAT_first_none_perproduct
5609,per_chapter,71737.01177610102,136933.31346114483,0.9280642125010743,0.20176001537921417,0.5815552394499762,99.18856029774632,37,GAT_first_none_perproduct
5701,per_chapter,69128.04805008673,191473.394138546,0.022373187367413006,0.36687799830141965,0.5437271062271063,95.08499574796096,64,GAT_first_none_perproduct
5702,per_chapter,91172.3636810341,300045.48977678193,0.05643116991126362,0.22832165636288515,0.518124681479871,113.66379174996052,318,GAT_first_none_perproduct
5703,per_chapter,300530.4824705453,797097.1444038741,0.2020822115404911,0.322639742883843,0.592002327449761,108.77662399710715,131,GAT_first_none_perproduct
5704,per_chapter,129022.78851139345,276975.2078041318,-0.046198717192296845,0.06450689900610918,0.5528834048592675,126.24712957622248,62,GAT_first_none_perproduct
5705,per_chapter,201344.55216405177,620215.0603664326,0.9078985717336959,0.4526115864072294,0.6081081081081081,105.04902268550715,37,GAT_first_none_perproduct
5801,per_chapter,98006.13680794383,281173.0218947743,0.34910799369131795,0.29732321842880416,0.5621716128816071,109.65862213574538,224,GAT_first_none_perproduct
5802,per_chapter,79472.56685209136,304214.737104004,-0.028762014737326203,0.07046851083693695,0.23185465317067167,117.71585729067301,71,GAT_first_none_perproduct
5804,per_chapter,190201.94864618778,582252.6820731853,0.15891392481123578,0.32175160410069115,0.5633770490170916,111.63549546699214,98,GAT_first_none_perproduct
5806,per_chapter,206623.73369428274,566762.9955292755,0.2734314232692565,0.16889089999555507,0.49443668954028674,126.19571029794649,191,GAT_first_none_perproduct
5807,per_chapter,150670.42078427156,457144.05858103174,0.1756077801891146,0.2811092518539664,0.5940080379978079,119.04249585378214,69,GAT_first_none_perproduct
5808,per_chapter,49326.39414800904,91253.58191596995,0.5738379230391097,0.17973469356727656,0.4711501536098311,112.7923386452239,63,GAT_first_none_perproduct
5810,per_chapter,206098.4559413422,704103.6301243354,0.06810675476078765,0.42040676307693714,0.7107984778088065,115.29405138816186,102,GAT_first_none_perproduct
5811,per_chapter,98521.4782900332,246793.8957292072,-0.34985184929380186,0.4818449825583666,0.7608870967741936,84.75123684484001,31,GAT_first_none_perproduct
5901,per_chapter,113184.20758246654,358677.98761498963,-0.22919925393146134,0.37113792730630346,0.6793574846206425,102.73980572897175,56,GAT_first_none_perproduct
5902,per_chapter,354431.67913541134,712400.3447880042,0.7708401624102014,0.09009048874091419,0.5149990470745188,137.54337348748987,54,GAT_first_none_perproduct
5903,per_chapter,580706.3378220524,1883468.3186998914,0.6156751411047015,0.5056649309563644,0.7533525167668338,94.73486299267711,103,GAT_first_none_perproduct
5904,per_chapter,101095.90538176658,221884.41656511405,-0.022117109060471263,-0.271213284437535,0.17036874931611773,144.0574465801401,38,GAT_first_none_perproduct
5906,per_chapter,149732.08493856766,306468.9883101387,-0.6663535304196553,0.14620869266210657,0.6906822991373452,113.45856980737945,84,GAT_first_none_perproduct
5907,per_chapter,134442.05167185768,374202.9141968277,0.49933152918079293,0.6134802154104058,0.7822580645161292,91.50547268158059,31,GAT_first_none_perproduct
5909,per_chapter,112603.75956083197,306123.11975279415,0.12710687858353786,0.26129949109234873,0.6759530791788856,121.26192087522658,32,GAT_first_none_perproduct
5910,per_chapter,132221.33929987956,336833.6162306274,-1.0290784838571359,0.4610417199167779,0.764705882352941,92.44148252835087,34,GAT_first_none_perproduct
5911,per_chapter,264448.8452560123,567419.4787486297,0.15777919395582052,0.2755297802980854,0.6413233215302084,118.33874905551096,154,GAT_first_none_perproduct
6001,per_chapter,573544.8692586719,2656714.4491251963,0.2175873312286961,0.11816037309526306,0.4217232913312501,114.78705425335517,153,GAT_first_none_perproduct
6002,per_chapter,160303.2659460925,421576.0715941902,0.0027355282253038737,0.2199819940302521,0.3429512516469038,116.45589961900973,45,GAT_first_none_perproduct
6003,per_chapter,64654.79905947342,126487.21971826583,-0.12103322740515354,0.02414300525018165,0.2385701077525652,130.33548368697282,86,GAT_first_none_perproduct
6004,per_chapter,1679807.6149735588,5739746.9126607,0.1998041068482549,0.2715577583711337,0.5274626166553715,124.6145844269351,55,GAT_first_none_perproduct
6005,per_chapter,222741.42960211117,950991.615234292,0.04444638718299554,0.12442761534223101,0.39733235289022667,124.14367951579514,236,GAT_first_none_perproduct
6006,per_chapter,755205.4844126335,2703758.0244830064,0.15490178994937553,0.11599250245859782,0.3817386473646456,122.9599418270223,333,GAT_first_none_perproduct
6101,per_chapter,143853.1328119807,297415.618322524,0.2467332623226709,0.38011648169128065,0.6462266290136266,96.71701294703107,106,GAT_first_none_perproduct
6102,per_chapter,155333.3175427937,481918.4802229643,0.1508680992998459,0.3095768841251262,0.558292811247399,107.04736058605324,136,GAT_first_none_perproduct
6103,per_chapter,290364.59532939654,1043069.914577743,0.1591306812765937,0.279464749525442,0.4975812295402545,117.1578209272376,410,GAT_first_none_perproduct
6104,per_chapter,302256.5957092647,1408343.0070913844,0.2005746986832293,0.30227022186164176,0.563092127319142,113.35228356967886,748,GAT_first_none_perproduct
6105,per_chapter,609052.1746707597,1420021.4402668627,-0.37943794534085296,0.22906845504732753,0.4959042466889022,109.95692040605269,111,GAT_first_none_perproduct
6106,per_chapter,341546.9305319927,1113912.4260266796,-0.05859418756128543,0.3776626908972196,0.551465910126668,107.9104529692135,116,GAT_first_none_perproduct
6107,per_chapter,289550.9556740051,1023170.5657854971,0.14652666266295955,0.23040954727082297,0.4882862021477875,118.51532702107565,257,GAT_first_none_perproduct
6108,per_chapter,357412.71325730823,1392167.8322998174,0.13048249604457152,0.2560184145075569,0.507884475058638,121.38019570440007,352,GAT_first_none_perproduct
6109,per_chapter,2856648.621568275,6779919.955593445,0.1851079184630724,0.34856399296256424,0.4779769484441832,113.44476468136742,82,GAT_first_none_perproduct
6110,per_chapter,1600146.02160866,6689343.989904178,0.11684545436507288,0.26139420440914785,0.5059549734208328,119.75915024743333,216,GAT_first_none_perproduct
6111,per_chapter,371852.2237595807,895426.540614112,0.32306847429865027,0.2962938355979846,0.4457409368913794,119.95643839716281,112,GAT_first_none_perproduct
6112,per_chapter,203978.36504675008,795988.9006544375,0.09952359725616933,-0.03935579078573004,0.3801100742097248,127.25147122449334,255,GAT_first_none_perproduct
6113,per_chapter,499371.6785337335,1249826.8443377349,0.053049413807953916,0.319845213789989,0.5270817376080533,120.7890160836973,38,GAT_first_none_perproduct
6114,per_chapter,879522.4760701853,3711057.2069453574,-0.0006372399899745584,0.2637066549316204,0.5554899139920609,114.00226381602718,109,GAT_first_none_perproduct
6115,per_chapter,549671.9825803066,2382262.9265769687,0.03599745291513323,0.213557144614148,0.5338340835470436,122.37434931297688,300,GAT_first_none_perproduct
6116,per_chapter,199995.8631718703,797143.0553939258,0.4706220627392361,0.4385497964196622,0.6915548483668406,107.95228201422904,158,GAT_first_none_perproduct
6117,per_chapter,378635.50977714895,1519281.2182160795,-1.8432627015939618,0.25916370719781323,0.6651646743712794,106.07180305659524,111,GAT_first_none_perproduct
6201,per_chapter,678656.5421049425,2797874.8420589385,0.08838279496814627,0.2929602885990005,0.5885196867725148,111.62666457770045,148,GAT_first_none_perproduct
6202,per_chapter,699418.7948878809,3523460.1434849002,0.12946342470047079,0.3768654800323822,0.6042684439947089,107.08237473994902,153,GAT_first_none_perproduct
6203,per_chapter,516352.1374544822,1954651.479970406,0.07776970378774761,0.30958937831337974,0.5420825097180882,113.73679165886254,514,GAT_first_none_perproduct
6204,per_chapter,527405.1302460439,2488209.42551247,0.10761154662513583,0.27422142710233377,0.5396641259178111,117.34353649961362,874,GAT_first_none_perproduct
6205,per_chapter,488565.35726011504,1186117.097724899,0.29812711738281894,0.4739479783657965,0.6814941367293561,95.95532506140991,120,GAT_first_none_perproduct
6206,per_chapter,307112.6245090787,757986.1240240658,0.30806149756485923,0.31993471783641025,0.5606003602960785,115.22763405639193,182,GAT_first_none_perproduct
6207,per_chapter,102918.3221430451,323517.33524913166,0.06177570723724668,0.2021454315515827,0.4564637275498566,109.29795910714735,223,GAT_first_none_perproduct
6208,per_chapter,111408.25885122656,330802.02648935356,0.28403798036597794,0.33306700476518725,0.5727367598094154,111.32825793829116,262,GAT_first_none_perproduct
6209,per_chapter,120178.72312204007,241458.99275630014,0.18755334081708264,0.2975074965979895,0.5049491745024627,111.87722974537759,108,GAT_first_none_perproduct
6210,per_chapter,306848.0236469412,806170.1793253928,0.5121930221639079,0.2083611370672671,0.5559330383279678,112.68671503534802,175,GAT_first_none_perproduct
6211,per_chapter,263673.3130311325,1068573.3761752686,0.28540111699271453,0.29082770986277984,0.5255773350274012,105.91682829805845,325,GAT_first_none_perproduct
6212,per_chapter,715094.9054010741,2872329.9098279723,0.0003311630921264408,0.33180988288003266,0.5078510062274029,117.62547812153532,133,GAT_first_none_perproduct
6213,per_chapter,25326.980628762867,69227.31734126502,0.6505513795617053,0.3428495182810949,0.5742569930069931,101.02799192008473,65,GAT_first_none_perproduct
6214,per_chapter,193765.085995872,818640.4050326403,0.08845950774712952,0.3856209198410563,0.6806451006721157,110.54518123593947,174,GAT_first_none_perproduct
6215,per_chapter,50124.38919144815,157722.45486044083,0.21342238906681632,0.2605116935664973,0.5616226565039917,108.81819438533824,94,GAT_first_none_perproduct
6216,per_chapter,145018.760859607,340472.34750091995,0.7009394494227663,0.5428425404967971,0.724493927125506,100.48218385581116,39,GAT_first_none_perproduct
6217,per_chapter,254680.5017833678,688707.8620528586,0.023997447049675658,0.2840170087814481,0.5692176386913229,102.9604728832025,75,GAT_first_none_perproduct
6301,per_chapter,297757.1827305965,1960368.4000114282,0.2226363647173475,0.22940347741071265,0.44565300229879595,113.8144892519714,162,GAT_first_none_perproduct
6302,per_chapter,381073.54826913227,1572848.346829956,0.07838397212912573,0.22118655058006342,0.41454387197563913,117.70014283773213,522,GAT_first_none_perproduct
6303,per_chapter,209957.25769661652,1253109.6199774928,0.1823932751808669,0.2540060713991691,0.598351370878392,115.4852832318623,170,GAT_first_none_perproduct
6304,per_chapter,130207.70513942056,532785.1822030923,0.44429276558879927,0.23011101147915802,0.4333425303408076,116.22463304280191,215,GAT_first_none_perproduct
6305,per_chapter,196160.72411286953,572899.4300753805,0.2873707248815317,0.18714265874217884,0.4294053295373485,117.23342097246632,209,GAT_first_none_perproduct
6306,per_chapter,203873.34395891902,875305.4221656958,0.21677062974372296,0.2775923127118606,0.5685341176638926,112.78436670089988,223,GAT_first_none_perproduct
6307,per_chapter,731787.0211586035,3371774.5710253073,0.45094902835054096,0.4525580517743679,0.6628914182282198,100.18191072766356,117,GAT_first_none_perproduct
6309,per_chapter,632479.1149097442,1120640.3707589814,0.5753081501256517,0.3792799682589365,0.6373358348968106,111.36855770294795,40,GAT_first_none_perproduct
6310,per_chapter,98461.7489286455,230640.98412441992,0.09332409606700054,0.1955280976221836,0.5909889057386862,106.73768370708154,67,GAT_first_none_perproduct
6401,per_chapter,148457.64631956964,450876.95523704146,0.0026056396587367248,0.30716498543200965,0.5543745413834614,112.26297015488815,101,GAT_first_none_perproduct
6402,per_chapter,1282752.6266095566,9740546.89570155,0.2216505766601632,0.38068531780112713,0.609155655489248,117.1056543377478,174,GAT_first_none_perproduct
6403,per_chapter,891909.3857295631,3661267.645892471,0.020073331618696955,0.26957943412193497,0.5020573594455129,119.69422696374752,281,GAT_first_none_perproduct
6404,per_chapter,1471973.0658039916,7417071.068660369,0.05420379368996242,0.4493558300412941,0.6795112202966962,112.93030551472097,117,GAT_first_none_perproduct
6405,per_chapter,203034.3149944496,491740.6032114941,0.328694089399565,0.26577587893869636,0.48098975932733923,106.53332271321938,113,GAT_first_none_perproduct
6406,per_chapter,1021188.2131439019,3301737.8214039416,-1.3696211470764688,0.09761760085991733,0.5138963308095515,127.49027855415427,101,GAT_first_none_perproduct
6504,per_chapter,32226.010163172585,70259.88229307531,0.9344836910764305,0.5810146910559242,0.7619433198380567,93.34545886188914,39,GAT_first_none_perproduct
6505,per_chapter,302245.4543527667,626910.9012218532,0.971431882531612,0.45720183633707634,0.6449713077620055,102.38779103801082,43,GAT_first_none_perproduct
6506,per_chapter,243071.32937201677,784800.1618959595,0.42097997726895897,0.3684274819970863,0.5685296782430279,114.24942080965738,111,GAT_first_none_perproduct
6507,per_chapter,200460.2681000791,525800.5642813484,-0.9257648708370987,0.21539618158469365,0.6244461420932009,118.73790547205556,34,GAT_first_none_perproduct
6601,per_chapter,166685.48868422635,731770.9606578993,0.598613789827172,0.5413248108738491,0.703519875175498,105.5733220813315,94,GAT_first_none_perproduct
6602,per_chapter,50740.576485418336,217123.95418033845,0.2706794911613585,0.519825410568032,0.7661290322580645,85.19864314746006,32,GAT_first_none_perproduct
6603,per_chapter,75393.7763904647,237291.79714919074,0.5525467040206833,0.23923163608886677,0.4664662349676226,102.44346792034995,47,GAT_first_none_perproduct
6702,per_chapter,274353.1666019821,1308395.983574052,0.8090591329739487,0.5409386946929424,0.8031072260182462,90.79018922337329,68,GAT_first_none_perproduct
6704,per_chapter,514196.1747496809,3149192.0886426372,0.21008462208252487,0.4187196957466267,0.686344024549404,115.42164966862225,113,GAT_first_none_perproduct
6802,per_chapter,374898.32884331146,2096518.2536752655,0.07803459022963322,0.20950978547246268,0.44051571523559313,107.10403665397862,257,GAT_first_none_perproduct
6804,per_chapter,217878.6013344487,674752.5700418213,0.24170718532521707,0.34597726057312816,0.6484542006465507,124.001278985015,156,GAT_first_none_perproduct
6805,per_chapter,345509.1438934129,856957.2668196802,-2.765917304200505,0.25879608463729764,0.7345563760634413,112.95057364665604,104,GAT_first_none_perproduct
6806,per_chapter,492239.0479384928,997988.0876413719,0.16589157543452526,0.21431975781386736,0.6415547986375475,109.80976766866792,92,GAT_first_none_perproduct
6807,per_chapter,328849.2482371989,577195.7521616615,-0.05383201158413087,0.08400231663332935,0.5907861037792381,110.246945433499,55,GAT_first_none_perproduct
6808,per_chapter,222854.0711940004,495732.36126332724,0.1688394665814391,0.195411596333936,0.5021134593993326,108.40086358922301,30,GAT_first_none_perproduct
6809,per_chapter,355889.3491432825,1047623.9550432598,-0.027481170734560134,0.032351960867408214,0.5210529172063383,119.12395327193647,96,GAT_first_none_perproduct
6810,per_chapter,949948.2735451903,2628256.928173791,-0.3981934563393914,0.16704709892965386,0.5063616009361909,114.16762654981602,141,GAT_first_none_perproduct
6811,per_chapter,281952.41777361225,668476.3743498239,-0.15447209202511458,0.06622242768208364,0.3106416903234359,125.3608515906176,86,GAT_first_none_perproduct
6812,per_chapter,34210.38739356194,130112.86091484468,-0.005517133861352885,-0.07874760474178188,0.24087131712497803,125.9426506893673,62,GAT_first_none_perproduct
6813,per_chapter,203365.57381326205,569260.0034878907,0.06489894200640112,0.19032688001458098,0.5661481028837174,112.39778298513892,77,GAT_first_none_perproduct
6814,per_chapter,88269.95741194233,187205.40694101783,0.4211751963781134,0.4239544587853835,0.5965968165629464,103.8138585777351,38,GAT_first_none_perproduct
6815,per_chapter,528303.9241414828,1698172.2536563422,0.2705578005853235,0.2519573709053191,0.5956915300064656,113.08940656057219,107,GAT_first_none_perproduct
6902,per_chapter,348301.876722695,820649.8671097576,0.6519888720730767,0.46764247047602825,0.683502995293313,97.53412162642579,81,GAT_first_none_perproduct
6903,per_chapter,219809.8065974728,465691.7361043335,0.12157529483472951,0.3240093164551844,0.6843958851151936,104.74474636952355,78,GAT_first_none_perproduct
6904,per_chapter,648439.7609493507,2459153.902455975,-0.006252175335487387,0.07257243450257644,0.4148598625066102,114.90141324792464,61,GAT_first_none_perproduct
6905,per_chapter,198798.6569505976,433752.78695993865,0.06776776092035774,0.2705182861328116,0.601938775510204,113.1922613507701,49,GAT_first_none_perproduct
6907,per_chapter,968381.9402902917,3351657.5248970143,0.015385480549508723,0.17510750334149405,0.40054282523610446,117.12477103199086,153,GAT_first_none_perproduct
6909,per_chapter,606721.218658665,2166183.6316512055,0.15070022297086338,0.36017066669878517,0.6681311152404145,112.89968442039398,106,GAT_first_none_perproduct
6910,per_chapter,794295.5389522228,4301054.467746518,0.22728488378737166,0.15744135713505625,0.4321239047266445,128.13026021168744,73,GAT_first_none_perproduct
6911,per_chapter,713961.5871272701,4512974.529736791,0.23888508724598578,0.5111202081962367,0.6952836637047163,104.56424700989206,76,GAT_first_none_perproduct
6912,per_chapter,124984.61217290095,217893.25732326356,0.8953575647456851,0.4564743788807475,0.6348756178591686,90.67235408520266,42,GAT_first_none_perproduct
6913,per_chapter,119974.31684860855,360849.6146420933,0.8653893156281766,0.2910963396080817,0.6547652916073968,106.02181115126781,75,GAT_first_none_perproduct
6914,per_chapter,361779.1329943274,1493519.4478637641,-2.3381193156876803,0.45447878290370436,0.7293073509550455,111.63966747992194,72,GAT_first_none_perproduct
7001,per_chapter,623617.3014682974,1201666.4067742063,0.12156874304808252,0.21148188550344038,0.4687258687258687,89.96848846568574,36,GAT_first_none_perproduct
7002,per_chapter,402430.6528062617,1378123.0936828717,-0.005230459396719844,0.35102733748925974,0.6749503184523018,123.5192102818762,96,GAT_first_none_perproduct
7003,per_chapter,2331354.583171986,16014241.130446473,-0.019610123182241423,0.1838750720600143,0.3769551460308913,137.10221631869172,82,GAT_first_none_perproduct
7004,per_chapter,2065369.4903151582,9425553.248291574,-0.043910463793233934,0.20799955879170517,0.39591567852437415,134.92163134762842,45,GAT_first_none_perproduct
7005,per_chapter,970097.3206575885,3364078.276952872,-0.03988122067012889,0.16842366705702505,0.4315213256993428,128.72085490314976,106,GAT_first_none_perproduct
7006,per_chapter,1397144.706631318,3711394.3135776278,0.26150210053424283,0.23889475324006182,0.5765765765765766,127.07269949881754,36,GAT_first_none_perproduct
7007,per_chapter,509620.61945666786,1966567.7799873464,0.2855146639987204,0.3268091202315485,0.6432046033481991,110.71851921693383,141,GAT_first_none_perproduct
7008,per_chapter,713163.4919113232,1088320.4623220216,0.2847944222160601,0.2071014046120767,0.6629488158899923,117.65504877813193,34,GAT_first_none_perproduct
7009,per_chapter,456310.86180531123,2059966.8686182392,0.03153274870809364,0.40776399072853997,0.732364649108298,106.47250227837021,112,GAT_first_none_perproduct
7010,per_chapter,944958.1179282139,2687307.053026691,0.06714704033920471,0.19158632597366287,0.4284578983491673,130.9000126394045,94,GAT_first_none_perproduct
7011,per_chapter,33987.32304207626,68367.86325320098,0.21387200945682006,0.4101440921587761,0.6724723059737617,107.13715856240178,52,GAT_first_none_perproduct
7013,per_chapter,205775.45127919395,1098531.959787061,0.09565427142201566,0.3646119697178788,0.6243838930805367,114.80255445734622,315,GAT_first_none_perproduct
7015,per_chapter,71836.9322509471,149451.7502950177,-0.13053325181373543,0.3102264493563204,0.7051184110007638,136.0400630796331,34,GAT_first_none_perproduct
7016,per_chapter,148989.33165433435,378319.3532559753,0.6095188333695248,0.21835265167792128,0.5979416809605488,115.26070988863364,54,GAT_first_none_perproduct
7017,per_chapter,203756.93835994008,503083.64825160604,-1.4268030725678722,0.3800905052142727,0.7034027970008055,111.7755178921031,81,GAT_first_none_perproduct
7018,per_chapter,183015.2543850847,701230.4322991743,0.5997880615805236,0.47146401141391925,0.6557489913468216,114.6803082088806,84,GAT_first_none_perproduct
7019,per_chapter,504643.7965257807,1286831.7177727472,0.05612780046751398,0.16259980393447526,0.5362485966104926,115.42024897986103,234,GAT_first_none_perproduct
7020,per_chapter,656235.7967325374,2345089.4558096724,-0.7118972448483163,0.42097012464132866,0.7675422138836775,104.62240033071251,40,GAT_first_none_perproduct
7101,per_chapter,844192.2012950561,2161738.599640066,-0.09113661393385963,0.1899462081647325,0.46211220200088154,140.2409005657917,53,GAT_first_none_perproduct
7102,per_chapter,36981747.060378425,109929422.91266282,-0.10100692326066851,0.19062529758448143,0.4427234636020279,139.28528559589705,76,GAT_first_none_perproduct
7103,per_chapter,3070414.102420667,9886972.549031552,0.059785559094692964,0.32782137991844973,0.5512171372930867,129.9639919801806,79,GAT_first_none_perproduct
7104,per_chapter,3133331.4847445274,9029901.423482697,-0.022037021915354726,0.3837768181750356,0.587218045112782,137.56695408100785,56,GAT_first_none_perproduct
7105,per_chapter,210390.55710942607,420905.879004133,0.612871586387687,0.527572349012297,0.7059179388632049,122.79637590114577,31,GAT_first_none_perproduct
7106,per_chapter,28491135.44625936,181796800.63879082,-0.020994261778978007,0.26469181373136064,0.534315483925173,124.51670440133822,70,GAT_first_none_perproduct
7108,per_chapter,126851342.45027806,416474726.1982763,-0.07912654889804127,-0.12010479124696549,0.17701873012370353,141.48615948624808,73,GAT_first_none_perproduct
7110,per_chapter,9934262.625820355,25461487.119668704,-0.003967570978242074,-0.04722365931145034,0.30783260193174367,139.0311638792165,112,GAT_first_none_perproduct
7112,per_chapter,6994019.223974768,17572361.132664457,-0.058430886274628335,-0.2513479828759104,0.34403119682288524,124.98740032812965,106,GAT_first_none_perproduct
7113,per_chapter,10032677.864362126,33922769.72016205,0.08930442453541387,0.33031442359361485,0.5973824563323984,128.11549724954935,110,GAT_first_none_perproduct
7114,per_chapter,614845.5544295212,3376433.4510007547,0.02438707853436617,0.3194571487128274,0.5729077900893277,115.52926409224547,72,GAT_first_none_perproduct
7115,per_chapter,1197493.015255992,3466144.4085173896,0.10483132659104555,0.1714758365421023,0.5737784620371121,139.02363713174904,42,GAT_first_none_perproduct
7116,per_chapter,716113.6788486287,2809765.7336957534,0.1080799894890816,0.34406207003690015,0.5999237659615018,122.04574795651011,54,GAT_first_none_perproduct
7117,per_chapter,591627.8217009992,2124102.2208642554,0.20662748288611243,0.33040427748896195,0.5509929079541299,116.54945810121771,112,GAT_first_none_perproduct
7201,per_chapter,979572.0199340564,4105320.982602059,-0.044511440576824546,0.3009322728621677,0.6119433198380567,123.43021254588034,39,GAT_first_none_perproduct
7202,per_chapter,2951328.6254872144,11185073.672772408,-0.04813955345430565,0.023895545687804276,0.26335493391390746,119.36461175573318,199,GAT_first_none_perproduct
7203,per_chapter,1879781.9440801004,4928301.589862848,-0.1098291672290237,0.26800672957374605,0.44375804375804373,148.03369728602246,36,GAT_first_none_perproduct
7204,per_chapter,4782630.731700994,14762278.062132228,-0.02698745858617868,0.23147280699740203,0.48993130533010587,111.97130402919102,200,GAT_first_none_perproduct
7205,per_chapter,341192.1389687144,933692.0910392252,0.2635243486428789,0.10584464964486595,0.58261043834426,118.64487424884143,68,GAT_first_none_perproduct
7206,per_chapter,151361.02184699578,275156.8962799863,-0.00035572443744702475,0.24983235175379204,0.45736434108527124,128.40564181979818,44,GAT_first_none_perproduct
7207,per_chapter,10555625.221516518,31394738.023009244,-0.09248704008729791,0.1596498579375768,0.4720275972854332,135.4713082812847,85,GAT_first_none_perproduct
7208,per_chapter,3108378.0091256797,9808159.773305159,0.07669780391336845,0.19296897135878255,0.5255658512451784,120.16426509684351,308,GAT_first_none_perproduct
7209,per_chapter,1818146.6017112979,8055137.035933369,-0.025440273859118845,0.06478661586406675,0.3070432291082746,130.27496997747085,198,GAT_first_none_perproduct
7210,per_chapter,2584068.2602297245,8129315.868686818,0.014558624715986568,0.13748283222829139,0.4137674818485779,126.71458797806825,272,GAT_first_none_perproduct
7211,per_chapter,609329.2291790204,1493951.1555679198,-0.12574975792859466,0.003970201163803533,0.48760429914263326,123.47688087513318,130,GAT_first_none_perproduct
7212,per_chapter,589135.0443009981,1528936.8181003572,-0.014024235137168883,0.1621033443735267,0.473328079328631,121.97566082392959,133,GAT_first_none_perproduct
7213,per_chapter,2070211.8134773825,4824614.701181466,0.03391781268558158,0.19174324830477174,0.47184366044295123,127.62360198840064,87,GAT_first_none_perproduct
7214,per_chapter,2192805.9483041195,6231131.888583922,-0.08531841111179794,0.016827547099451556,0.2770610163933797,132.774176665568,139,GAT_first_none_perproduct
7215,per_chapter,327769.2161497088,640660.3229328962,0.02731837439052276,0.14905873258378788,0.5698232311166445,124.20485065436424,85,GAT_first_none_perproduct
7216,per_chapter,626275.8130401743,1953534.48747805,-0.021902064459174975,0.17584310884647691,0.4269957111515055,117.11469779390657,333,GAT_first_none_perproduct
7217,per_chapter,573013.2479505338,1225639.3916028226,0.2694647734045721,0.14650407243568975,0.5271306046048512,120.65270619494157,122,GAT_first_none_perproduct
7218,per_chapter,1172725.5267866775,4155361.3837519856,-0.02424435809609604,-0.08782376855869778,0.5121005320152275,138.3998956408717,62,GAT_first_none_perproduct
7219,per_chapter,1379003.4860556764,5264284.499687602,0.026452259272520595,0.225216881421075,0.6976053658810963,118.05619773722287,281,GAT_first_none_perproduct
7220,per_chapter,483932.0781725004,1530366.3706734718,0.07480875611324422,0.42116815795394735,0.7528995620604614,110.12884999171976,92,GAT_first_none_perproduct
7222,per_chapter,413730.25741365424,1174728.0564453963,0.03626810839875072,0.3692715767956609,0.7373076986462501,101.75654569758808,147,GAT_first_none_perproduct
7224,per_chapter,2045435.5844834887,5142127.097379208,-0.11751763550092731,0.17062933257558632,0.513240418118467,129.9202149859158,41,GAT_first_none_perproduct
7225,per_chapter,3699160.363995447,7580163.34582566,0.1777939574391505,0.20908731997294894,0.5416084458949064,123.0427620950453,138,GAT_first_none_perproduct
7226,per_chapter,1078179.8478360104,2293329.884928396,-0.0797903736860679,0.1452839305544512,0.5032288010451188,121.96555803935458,104,GAT_first_none_perproduct
7227,per_chapter,2233658.409557535,6314522.115954895,0.08149988897332672,0.22553149257079774,0.6004048582995952,135.88155569056457,39,GAT_first_none_perproduct
7228,per_chapter,1135266.1754642243,3778278.0341719617,0.023838111111067928,0.05781193934191242,0.5459499263622973,131.11346375682876,195,GAT_first_none_perproduct
7229,per_chapter,667713.0235854578,1794550.3988977494,-0.7503479387431111,0.4284538705678175,0.7611587573851724,109.63434691201574,54,GAT_first_none_perproduct
7301,per_chapter,785782.2112090986,2192048.1221008874,-0.0025526576050010075,0.06409253095446832,0.38663139438309396,128.8853778867182,58,GAT_first_none_perproduct
7302,per_chapter,562173.999401779,1611315.3029610547,-0.005191981476003749,0.3463162443821485,0.6443785009664856,119.37020347447329,90,GAT_first_none_perproduct
7303,per_chapter,739452.9428424747,1393157.81561085,-0.2007621542647513,0.19953904183916038,0.36463903743315507,123.70912969748356,33,GAT_first_none_perproduct
7304,per_chapter,950237.5820112211,3543388.2891398934,0.06064390135433617,0.2771611342833733,0.61276167925013,114.68490616998244,378,GAT_first_none_perproduct
7305,per_chapter,452002.3816353496,1094916.288816654,0.06983239226751359,0.2279839358027297,0.5703371389758111,118.8394666367433,137,GAT_first_none_perproduct
7306,per_chapter,836847.4584007881,2177352.306554089,-0.00288654043130121,-0.016266880066320377,0.39960999321958296,122.97398341169195,287,GAT_first_none_perproduct
7307,per_chapter,410270.5006931912,1266029.4979939645,-1.3517328421871904,0.37617569501523807,0.7429074260752477,101.3989248090472,358,GAT_first_none_perproduct
7308,per_chapter,1929765.5808881163,9646166.157257106,0.06029208915752782,0.21089090531005406,0.5118439336266578,104.01680783631492,176,GAT_first_none_perproduct
7309,per_chapter,529517.3840735217,894577.0132843181,0.49805279073166286,0.314068184788023,0.6365853658536587,80.74340983738495,40,GAT_first_none_perproduct
7310,per_chapter,432908.1776019583,814116.0197216686,0.10195432165542584,0.32421137951107293,0.5417274899306859,102.03926099758166,113,GAT_first_none_perproduct
7311,per_chapter,299266.3567036154,466803.59146372764,0.8831551461173416,0.38044414751920275,0.49743279975838117,93.45320292169299,43,GAT_first_none_perproduct
7312,per_chapter,482237.38057651976,1639425.8959028951,0.3818945913600583,0.37336249066671245,0.6600575709565448,106.69359408158738,79,GAT_first_none_perproduct
7313,per_chapter,165751.15312169437,476337.6557100784,0.06903965285415792,0.03146431208850797,0.07379032258064516,114.20729943631471,31,GAT_first_none_perproduct
7314,per_chapter,204985.81699359143,734957.4389395313,0.07561067991736681,0.21969207216564957,0.5099285360287028,107.51278458137764,298,GAT_first_none_perproduct
7315,per_chapter,137549.53908671474,417383.91844475706,0.38919439503368647,0.23634645758248285,0.6838579591773772,108.39238333150587,251,GAT_first_none_perproduct
7316,per_chapter,152761.64677739123,383479.4608819724,-1.980477474048214,0.07943132042803447,0.5794354838709679,114.12618208005073,31,GAT_first_none_perproduct
7317,per_chapter,1120556.9463995928,2776006.9607828744,-0.5587260261797715,0.06591472034323853,0.2161943319838057,116.40433840150273,39,GAT_first_none_perproduct
7318,per_chapter,459939.62183069246,1636136.136378929,0.09863555338333596,0.27683724065092485,0.7047489923078576,118.96253461411996,443,GAT_first_none_perproduct
7319,per_chapter,36459.53194136497,97858.20013343586,0.46135838326240497,0.4801700982111883,0.7951791431762185,103.46849284511133,65,GAT_first_none_perproduct
7320,per_chapter,208719.94238527596,534814.7423586524,-0.15337894921723239,0.41525345441074657,0.7333018252282726,97.17918615338735,109,GAT_first_none_perproduct
7321,per_chapter,365805.1841706096,1211859.795572948,0.24919260733989834,0.20136542034442617,0.5323531570031189,122.22268371776521,221,GAT_first_none_perproduct
7322,per_chapter,288022.51235916134,653703.0197329032,-0.034257321876367985,0.22919440321272766,0.5264244073435597,112.472023827476,77,GAT_first_none_perproduct
7323,per_chapter,420385.35882195283,3047094.870469231,0.2292629935567676,0.35417888624549376,0.6167415486293122,112.8186652052141,224,GAT_first_none_perproduct
7324,per_chapter,241574.24806960812,1174123.737196283,0.20366854514697486,0.3082493777690628,0.5748746782278822,110.45155821043329,121,GAT_first_none_perproduct
7325,per_chapter,405036.29564609734,830133.5190702273,-0.1689906229372331,0.21935934379660205,0.5467309241741517,106.1983705915553,93,GAT_first_none_perproduct
7326,per_chapter,1638831.305134096,5999762.038936304,0.35106111001759144,0.32964931079566295,0.6530450950170397,122.0592512802391,148,GAT_first_none_perproduct
7403,per_chapter,23608497.024304226,99178261.77640165,-0.05610935865958644,0.11767802713287145,0.45456030653295054,135.8582193174612,145,GAT_first_none_perproduct
7404,per_chapter,12476009.033187095,30010488.37143337,0.09039907788716772,0.3707314436648437,0.6922841864018334,85.18306462598105,34,GAT_first_none_perproduct
7406,per_chapter,551997.1251556698,854246.5989779996,-0.8804667064140412,0.09777940683399144,0.5524390243902441,124.53164439037204,41,GAT_first_none_perproduct
7407,per_chapter,1505394.0031297563,3544630.5666796956,-3.0145179571453866,-0.00036765928941062676,0.7421554438987293,128.74858639966743,93,GAT_first_none_perproduct
7408,per_chapter,3097812.044639387,11108770.858291196,-0.051035025187982974,-0.010909276190941286,0.4026042699695285,130.13123958688394,127,GAT_first_none_perproduct
7409,per_chapter,984971.8573072904,3061358.9907970545,0.07522270565242839,0.05318038874200526,0.575981393387783,130.8956990250273,173,GAT_first_none_perproduct
7410,per_chapter,1655048.7954656372,4935213.932067533,0.32573380161016807,0.07818886437700645,0.4642998297547712,134.2042301960545,81,GAT_first_none_perproduct
7411,per_chapter,492751.1754626971,1903467.8160188675,0.029847072946785014,0.30750157194513794,0.5961573651328034,114.89342629000797,113,GAT_first_none_perproduct
7412,per_chapter,569336.709050361,1423507.4200037743,-0.9573626344253525,0.13610010496921976,0.5884890301545804,119.38480981079844,68,GAT_first_none_perproduct
7413,per_chapter,656312.0136439457,1598450.741255531,-25.805249486855516,-0.18459241471961807,0.5402831402831403,108.34165183872643,36,GAT_first_none_perproduct
7415,per_chapter,83318.12529178053,209672.81877435595,-0.8820713089580303,0.2240876728583009,0.6450479526132733,113.60890164432334,156,GAT_first_none_perproduct
7418,per_chapter,141918.21064326656,617151.218443394,0.07959052136065603,0.16873986620997872,0.6216229112672959,105.8218327584507,68,GAT_first_none_perproduct
7419,per_chapter,250556.47931446452,546279.0552748274,0.08663083000106131,0.39648395270963854,0.6970238095238095,105.38112265970874,64,GAT_first_none_perproduct
7502,per_chapter,3533003.6661464414,8579123.855877269,0.05682375806237994,0.25568075886049213,0.5664733559470402,119.27995675294349,38,GAT_first_none_perproduct
7505,per_chapter,853568.3988662891,2214632.3118934873,0.14886127734903842,0.2450458995571152,0.5021827571402561,124.29485575994002,70,GAT_first_none_perproduct
7506,per_chapter,1006776.7048501592,2651186.602036863,0.05898104492012668,0.41777792826761573,0.6885873727978992,104.29030044131322,38,GAT_first_none_perproduct
7507,per_chapter,378615.60254341026,928903.2716155999,-0.020350247053389614,0.37234132524681185,0.5329140760280473,112.41394503903001,56,GAT_first_none_perproduct
7508,per_chapter,528075.6314683012,1308635.6212815389,0.0295804679870878,0.20659794881810023,0.5709183673469388,114.77815697230096,49,GAT_first_none_perproduct
7601,per_chapter,22753002.072088737,55989185.05230846,-0.3401604196993113,0.04253026600761112,0.20327629423082566,143.86645036184495,62,GAT_first_none_perproduct
7602,per_chapter,6754113.199667634,13655080.51836227,0.43787230145069955,0.2694474631454542,0.7275303643724697,82.60977881396636,39,GAT_first_none_perproduct
7603,per_chapter,470787.2064446625,1357693.0234325235,-0.04387937529064967,0.10463018999381812,0.5225007550588946,115.445652594778,43,GAT_first_none_perproduct
7604,per_chapter,1104934.0003819687,2786603.9089658703,0.003133854746975917,0.2593066851618777,0.47595271063681005,114.31621934600398,111,GAT_first_none_perproduct
7605,per_chapter,3259427.459943397,20461604.50660971,-0.023504395722822036,0.050172051038998466,0.34072717347639786,138.0274188564619,88,GAT_first_none_perproduct
7606,per_chapter,1669442.5589732158,4676859.95927527,0.12986943392576544,0.14753041492285346,0.5043697890831349,124.57669866768425,126,GAT_first_none_perproduct
7607,per_chapter,1151196.5922787404,3391527.9659088715,-0.2067328965680788,0.2802607127611275,0.6748298221703617,110.92761796061342,108,GAT_first_none_perproduct
7608,per_chapter,215052.95956529342,473273.3458327116,0.20898634452043685,0.24136610525312896,0.6734740619154863,112.98064331305022,68,GAT_first_none_perproduct
7609,per_chapter,365227.91383505386,1558808.8247558002,-12.36944857007561,0.12730064614473702,0.5486012328117591,117.93275752956691,37,GAT_first_none_perproduct
7610,per_chapter,992097.9012154457,3084215.2557100924,0.356863540374207,0.4792795096658543,0.6792281039517271,94.81573692418334,78,GAT_first_none_perproduct
7611,per_chapter,209445.64590360475,530684.2034021227,0.06818067018661556,0.3098989670791631,0.6957478005865102,115.16538304729373,32,GAT_first_none_perproduct
7612,per_chapter,1309012.0439873708,2330537.3646266093,-0.4124064066967157,-0.016416433822397547,0.3290750915750915,134.63761012684614,64,GAT_first_none_perproduct
7613,per_chapter,172304.3588319332,574076.1282090086,0.126446225871649,0.5914605045309403,0.8225806451612903,79.89740294474453,32,GAT_first_none_perproduct
7614,per_chapter,693810.6128625185,1803615.491757765,-0.1036346715230374,0.08709577865312834,0.24202127659574468,122.77292551765603,47,GAT_first_none_perproduct
7615,per_chapter,475145.8114120719,2478746.667286493,0.23916163207962038,0.2846626653102319,0.5159011145974751,119.52408576713356,73,GAT_first_none_perproduct
7616,per_chapter,798870.2703089139,3160745.6445977264,0.17642664396827223,0.21899311537375676,0.5130647961985553,124.89526185126314,107,GAT_first_none_perproduct
7801,per_chapter,2007122.5187926786,3818969.8597106533,-0.059332123573589524,-0.15664475865622118,0.12015698065410287,111.24464839883126,66,GAT_first_none_perproduct
7804,per_chapter,105993.57848550832,233893.00059363912,0.06860565003605634,0.11186211612701225,0.3671123782020622,125.57780940452035,51,GAT_first_none_perproduct
7901,per_chapter,4259922.899923194,14645832.953369915,-0.06200596897288224,0.024036271754567906,0.38955305663694967,124.04808881853984,65,GAT_first_none_perproduct
7902,per_chapter,751309.8059976521,1549702.499133947,0.1259640011140778,0.16671268673204231,0.5955506117908788,103.07343243154345,30,GAT_first_none_perproduct
7903,per_chapter,384317.67808695324,598549.8619641139,0.023426350709983,-0.11947835885187152,0.4127038333475625,117.33161635712564,52,GAT_first_none_perproduct
7907,per_chapter,217846.02047478536,371785.2395007973,-0.17498355566545687,0.2857375565382062,0.6527670527670528,115.82468837396308,36,GAT_first_none_perproduct
8001,per_chapter,3249121.7869077544,8493134.042195816,-8.020304275101322,0.2897327262743319,0.6509652509652509,131.46804172752917,36,GAT_first_none_perproduct
8101,per_chapter,336345.4210286963,754307.7403404763,0.3116602608640652,0.2512875679327775,0.5188687970551883,113.09683100547012,88,GAT_first_none_perproduct
8102,per_chapter,829098.7571523952,3092712.765656517,-0.044467463463500057,0.2984980024593492,0.5140117786369995,129.08866948944217,75,GAT_first_none_perproduct
8103,per_chapter,1351387.5323371147,2255061.288612784,-0.6727489348361706,-0.11179615779610041,0.4826999432785027,145.82915657435652,42,GAT_first_none_perproduct
8104,per_chapter,4089001.6463270276,12829085.811775561,-9.772755011778797,-0.16977533199314565,0.37768216897796786,149.49177337762276,69,GAT_first_none_perproduct
8105,per_chapter,1060922.6126929766,2254194.4990914133,0.014194395590326314,0.12778811280356028,0.7019927971188475,121.96248117479254,50,GAT_first_none_perproduct
8108,per_chapter,1618702.467812819,4144231.273315268,0.021349888614863977,0.28005520416608864,0.5024392179077102,115.37879297156897,61,GAT_first_none_perproduct
8112,per_chapter,1038287.1440174727,3893625.8557406575,-0.0662608205879982,0.07641062546395871,0.2924865134559762,120.58909594596938,100,GAT_first_none_perproduct
8201,per_chapter,49779.57262284335,162384.49974367116,0.6103317364616455,0.3838852613422492,0.6508222870901362,104.08154036658644,184,GAT_first_none_perproduct
8202,per_chapter,115001.99687791144,390757.7209739422,0.38119845453789003,0.47019222627555823,0.7530750555228345,104.99327027366796,214,GAT_first_none_perproduct
8203,per_chapter,110734.32908778707,471065.2221295591,0.3311584493116646,0.500731183287086,0.7256464167050943,100.73822617994486,140,GAT_first_none_perproduct
8204,per_chapter,94420.50842331599,365403.14872555423,0.6293317555630713,0.639965919313455,0.8374672576085346,81.5260324275578,111,GAT_first_none_perproduct
8205,per_chapter,126228.42914075607,746493.8674109011,0.25185879361332986,0.4229553668345628,0.6787689924156244,101.70283632936594,325,GAT_first_none_perproduct
8206,per_chapter,168282.01894773665,638233.8786137137,0.6706134010046805,0.5386346787440912,0.702063789868668,96.33621744361811,40,GAT_first_none_perproduct
8207,per_chapter,412914.4392736812,1064782.263217492,0.18437496785984986,0.36153621350033216,0.6908061497821775,113.29649443274523,332,GAT_first_none_perproduct
8208,per_chapter,115618.32831393975,289319.3841366764,0.26164566936770184,0.44519965535474326,0.7505178292604635,99.35192217977804,163,GAT_first_none_perproduct
8209,per_chapter,1773270.7117162507,4183605.913110594,0.1594210532223046,0.6102664197398767,0.7663770053475936,123.94712962937795,33,GAT_first_none_perproduct
8210,per_chapter,114608.15029003864,327544.8184035689,0.5122177522695659,0.42421147954174965,0.6514037433155081,86.81255623297606,33,GAT_first_none_perproduct
8211,per_chapter,82770.9008955789,319380.7310285428,0.500749365787954,0.416882221550407,0.7583247362144937,109.59842675612596,200,GAT_first_none_perproduct
8212,per_chapter,563600.2693025109,1404488.2231342986,-0.39886949946689754,0.15495497768916233,0.47050836544368946,129.63044612059505,95,GAT_first_none_perproduct
8213,per_chapter,71804.82837442294,193546.24731090327,0.9475788218471576,0.4793755635178947,0.7544534412955466,108.3093984122114,39,GAT_first_none_perproduct
8214,per_chapter,75191.62608577398,357188.5463447194,0.4254717400214252,0.4715541561973762,0.6695849672546407,108.90439019655321,100,GAT_first_none_perproduct
8215,per_chapter,150791.03081402564,903873.8662530598,0.21261321917233922,0.38223975309912994,0.7001716981161045,103.61631682571715,134,GAT_first_none_perproduct
8301,per_chapter,254311.1075083872,1015261.2769066872,0.39162143506520675,0.442879425668674,0.744247383504891,110.08230016884444,239,GAT_first_none_perproduct
8302,per_chapter,524391.2814233407,2024552.5060644743,0.37682846915748036,0.33270086286303036,0.7156584132247701,109.34583016426913,298,GAT_first_none_perproduct
8303,per_chapter,98289.69949993168,240448.58084044236,0.9047996075360649,0.3156461686145392,0.7278330962541488,100.72935479085918,37,GAT_first_none_perproduct
8304,per_chapter,55118.55026715027,134482.7396618937,0.8154942629144675,0.34384871465300937,0.5625000000000001,100.08512428369869,33,GAT_first_none_perproduct
8305,per_chapter,81863.9401123969,308315.8441869348,0.3082238813461602,0.31389790874151535,0.6339285381282282,110.87598164239134,93,GAT_first_none_perproduct
8306,per_chapter,152468.9012965129,801128.7405668058,0.3142960222861956,0.37259517435750955,0.640997281993697,104.27098981975142,135,GAT_first_none_perproduct
8307,per_chapter,195787.59347216476,552962.0974237347,0.1683686121987772,0.40534183728104334,0.7342638505418769,94.79505769756969,67,GAT_first_none_perproduct
8308,per_chapter,261550.79552502432,804545.4889867526,0.3506310716647445,0.31764182324377543,0.6022855197424188,124.09838925274643,103,GAT_first_none_perproduct
8309,per_chapter,916400.125919984,2163308.7890720633,0.04153137443011323,0.10096491635770222,0.4033216783216783,135.43893436055674,65,GAT_first_none_perproduct
8310,per_chapter,137639.50903956147,298492.9914037721,0.5895190150453558,0.4091603678896999,0.689900426742532,109.16805346783399,38,GAT_first_none_perproduct
8311,per_chapter,471577.7616089879,1110162.3988009149,-1.3484925206453373,0.21827185378643055,0.6173105433125127,121.58027483471561,136,GAT_first_none_perproduct
8401,per_chapter,10667307.374406997,42666922.74251135,-0.06631811543008559,-0.013328196647728774,0.358502024291498,142.1475945132165,39,GAT_first_none_perproduct
8402,per_chapter,499481.8782014117,1403491.4001071185,0.32577412732464295,0.06852032318020385,0.5116365702504149,126.86314163895443,118,GAT_first_none_perproduct
8403,per_chapter,791231.4391718649,1668986.8803491634,-0.1050872795465767,0.09760590284928627,0.5268685746040568,124.15885032332368,60,GAT_first_none_perproduct
8404,per_chapter,234893.73620548594,609204.2558064407,0.20347765809336082,-0.10593322726995358,0.513720844131803,123.98334240771058,74,GAT_first_none_perproduct
8405,per_chapter,168176.91180890342,304649.12654517364,-0.051303341974470174,0.341220583668546,0.5960328979196904,100.4980193437125,53,GAT_first_none_perproduct
8406,per_chapter,2429171.7827385515,9871446.779187731,-0.03976725615147214,0.1579300015260101,0.42655623425005107,148.63027813530417,65,GAT_first_none_perproduct
8407,per_chapter,1941592.181327255,8468672.352289762,-0.0286427232615325,0.1729472415814023,0.49251893343187225,128.5966665708266,222,GAT_first_none_perproduct
8408,per_chapter,1910280.0708600078,6123876.257033359,0.10472222254634134,0.5187357170829527,0.7620797021580779,98.10364383303181,103,GAT_first_none_perproduct
8409,per_chapter,1828549.8237403138,4798060.957752167,0.25686202868698815,0.4065395744747131,0.6567451698298558,115.49063467504892,119,GAT_first_none_perproduct
8410,per_chapter,212281.6611511347,644821.4595454567,-0.07012772021837654,0.2986262147959834,0.5590083675038342,121.70657288298908,69,GAT_first_none_perproduct
8411,per_chapter,10831686.212970752,36414806.81040946,-0.05360719408752246,0.20405897349223345,0.4870060069036046,134.09309575283905,187,GAT_first_none_perproduct
8412,per_chapter,530061.7585237243,1185797.410981257,0.33468197696695423,0.4001577415751161,0.6708322475542525,103.7882535069025,238,GAT_first_none_perproduct
8413,per_chapter,660790.403489035,1938211.9590040082,0.30981412613680304,0.30239481517189215,0.6299169219760599,108.82694973087696,436,GAT_first_none_perproduct
8414,per_chapter,1070405.232673861,3489541.882811889,0.3773583772658774,0.4266053182242323,0.6858403086154677,109.57607873769193,343,GAT_first_none_perproduct
8415,per_chapter,1378159.4993002235,5765332.823330199,0.22896576614999564,0.30187239246753694,0.6096958736439141,115.50778338154693,214,GAT_first_none_perproduct
8416,per_chapter,140551.34926346273,290724.0593109906,0.12818255791559752,0.40956797521465704,0.6724596456441396,109.86045541166678,113,GAT_first_none_perproduct
8417,per_chapter,371187.0986454548,946076.0415831972,0.4517631792824043,0.4448395508313723,0.7328257007494527,105.16406998855842,124,GAT_first_none_perproduct
8418,per_chapter,701229.1965544517,1977503.9517220673,0.4401769019008984,0.2631657009863748,0.5563491541090669,117.40283307269152,345,GAT_first_none_perproduct
8419,per_chapter,684385.4948554873,1540654.7601490263,0.2428389755413778,0.29616331665580065,0.6949499926617996,111.32862569598592,363,GAT_first_none_perproduct
8420,per_chapter,369074.81667915144,2296248.2680315743,0.0043608905080521065,0.3539763413217696,0.636712823113079,108.97047249728564,87,GAT_first_none_perproduct
8421,per_chapter,780888.3159908646,2359468.421516368,0.28033157135409104,0.381620892387712,0.6687864473812402,114.18986073575128,393,GAT_first_none_perproduct
8422,per_chapter,809719.7788162462,2360729.2377191284,0.07852543624508734,0.4088144767391957,0.6749428163124573,112.27261338285155,208,GAT_first_none_perproduct
8423,per_chapter,116309.39282802641,388529.89746814757,0.41016247070916556,0.3817509581241405,0.634424743621422,101.05072197813803,241,GAT_first_none_perproduct
8424,per_chapter,375928.41034180345,985519.4130692245,0.20050120851317255,0.4705872018067857,0.7411769156710127,104.96031585122975,286,GAT_first_none_perproduct
8425,per_chapter,190360.82287548398,520009.52971789404,0.44357055083059804,0.4993309865138731,0.7164207836579993,94.70217544127239,239,GAT_first_none_perproduct
8426,per_chapter,1185273.0706164243,3334926.195635016,-0.012279532845240526,0.21717079198766764,0.4873783566461259,107.05440003110512,235,GAT_first_none_perproduct
8427,per_chapter,1324939.5425518902,3023529.847935012,0.3415328507484924,0.45095002764403436,0.6592955762605285,98.2166556407638,110,GAT_first_none_perproduct
8428,per_chapter,804547.5976509897,1960453.7671322133,0.16930507158907926,0.2774510345963994,0.5959717170247657,113.47230141522688,252,GAT_first_none_perproduct
8429,per_chapter,1960206.317554081,8601815.785403786,0.05083123242081333,0.20938793274194145,0.4503433048908721,95.92541104334431,240,GAT_first_none_perproduct
8430,per_chapter,814957.2953386372,3239669.10907508,-0.010277681162556673,0.23232024769389603,0.5727459658143325,100.97453426926417,239,GAT_first_none_perproduct
8431,per_chapter,1227504.4785726971,3599117.703745231,0.26157192326804046,0.30652069096634416,0.6457004158617309,113.10749497385855,291,GAT_first_none_perproduct
8432,per_chapter,315179.1333388567,606131.2041475972,0.0037428871424523003,0.17154619579065855,0.5296141428674748,110.4234611199405,237,GAT_first_none_perproduct
8433,per_chapter,712407.2905286594,1705099.8283737008,0.0793963378933199,0.4187466760454983,0.6665999580956258,111.45013770907875,296,GAT_first_none_perproduct
8434,per_chapter,419490.77992726717,792846.8499049084,-0.054204234538591356,0.09822503816914008,0.30959110251824923,112.91148245696338,78,GAT_first_none_perproduct
8435,per_chapter,58568.799823632886,130349.05365723875,-0.016917663625596546,0.2432026365965555,0.5959595959595959,106.32696542888593,54,GAT_first_none_perproduct
8436,per_chapter,299290.9111518691,596636.5425874774,0.06811328002081962,0.3323421257409772,0.6026935932855024,114.38457087588596,175,GAT_first_none_perproduct
8437,per_chapter,158296.58136190314,373881.16368793324,0.08345123802943333,0.29412569223531304,0.618875478150127,92.26866977377412,95,GAT_first_none_perproduct
8438,per_chapter,420128.3544422586,910293.287712184,0.035992387699259165,0.31636831026696344,0.587613046804015,105.05852980451687,255,GAT_first_none_perproduct
8439,per_chapter,359200.93142612104,816230.8855214047,-0.04854647729751771,0.28796017250275074,0.6377450076804914,115.63359276796214,125,GAT_first_none_perproduct
8440,per_chapter,86700.1382261566,139676.18204960274,0.28850048143459806,0.1795031300338732,0.6513708513708514,96.52771658482078,55,GAT_first_none_perproduct
8441,per_chapter,581785.4216540958,1496242.0264450777,-0.3069885901221985,0.23270493787131863,0.6545473508622681,116.23539099060778,173,GAT_first_none_perproduct
8442,per_chapter,88424.75612807044,172083.87695433476,0.11721769622286315,0.32338386016852716,0.5939332448699803,93.90271314508287,93,GAT_first_none_perproduct
8443,per_chapter,1524430.9211775486,6614225.174648404,0.03251172948173686,0.34744383182897465,0.6105248261589367,118.12370880188861,379,GAT_first_none_perproduct
8445,per_chapter,716669.2370672311,3878254.571580876,-0.006487064444304691,0.3198363069028306,0.6509544806141535,108.23009635375334,137,GAT_first_none_perproduct
8446,per_chapter,821282.8391075857,3253437.1176303173,0.0016663542936720122,0.29725064347784125,0.5578332573922468,122.70959420468834,68,GAT_first_none_perproduct
8447,per_chapter,294404.8096860644,665887.7779612864,0.44200916089342446,0.049768398622188625,0.4580222786789135,113.61912820066999,85,GAT_first_none_perproduct
8448,per_chapter,223844.39560709338,997744.7205502765,0.002228194245451509,0.21855498670642737,0.5456873847432276,110.90571064939488,249,GAT_first_none_perproduct
8450,per_chapter,547275.8172758808,2118080.096707148,0.1247346711316728,0.25610248725297624,0.5258666302865833,125.38720884229475,161,GAT_first_none_perproduct
8451,per_chapter,205831.9573465279,597266.797599036,0.03210683409536075,0.33930934965152426,0.6591681303173607,103.91451269904132,242,GAT_first_none_perproduct
8452,per_chapter,189991.93889480218,536062.0617875631,0.455703170085738,0.22921079353774987,0.5619719799567471,117.12373689654396,158,GAT_first_none_perproduct
8453,per_chapter,137631.922217738,396804.46067616565,0.096758164309653,-0.005704839474156342,0.4932227379373661,120.93634005060647,98,GAT_first_none_perproduct
8454,per_chapter,621489.5625933632,1717031.5204820614,-0.10044606803322909,0.15720649586373625,0.5046466641972259,128.87869964574335,90,GAT_first_none_perproduct
8455,per_chapter,663446.6801660899,1321303.1436698625,0.2604358259517574,0.30518375172405865,0.571061251086071,122.05399069173049,104,GAT_first_none_perproduct
8456,per_chapter,727067.5857504255,3120077.597622619,0.020266556351025256,0.2167431034733448,0.49720666054640034,117.44917407385613,162,GAT_first_none_perproduct
8457,per_chapter,2039871.5192323,8394217.99914285,0.15081180191578836,0.07327751083872203,0.3912415255569326,126.14342723288294,60,GAT_first_none_perproduct
8458,per_chapter,920989.9409886331,3386336.666802701,0.0994332447165368,0.2557522629509419,0.5619960657184169,110.74242556771132,105,GAT_first_none_perproduct
8459,per_chapter,170264.91441775183,692821.3717947652,0.01210862706232918,0.2602495311635753,0.6013921160656166,106.52743487313008,267,GAT_first_none_perproduct
8460,per_chapter,311263.3340038009,1025923.2154404895,0.02936746354686337,0.3555165599380148,0.6789594074162827,111.56308355599664,222,GAT_first_none_perproduct
8461,per_chapter,216879.7303393975,777964.5710905138,0.23305536407561478,0.2698156380020106,0.6600634425640608,113.32459492427648,126,GAT_first_none_perproduct
8462,per_chapter,424901.8936016045,1074969.4985999654,0.3443051043540286,0.272234324357732,0.6810353037171103,113.59955059635655,220,GAT_first_none_perproduct
8463,per_chapter,372949.042380097,757793.0956349875,-0.27371866176002624,0.31451838095846896,0.6312723543025457,107.63558903528643,97,GAT_first_none_perproduct
8464,per_chapter,220943.65691015552,505648.13651114923,0.25022461462943557,0.525066208397502,0.7735444029629497,104.73980345518999,96,GAT_first_none_perproduct
8465,per_chapter,232965.37667660526,655164.2828141201,0.1875596950041316,0.3931415836403145,0.6856229207158551,104.52784871809206,260,GAT_first_none_perproduct
8466,per_chapter,383476.4610840767,837959.8268467484,0.4695661135014244,0.42657676550386125,0.7397221387355922,105.986190111269,235,GAT_first_none_perproduct
8467,per_chapter,371258.83251698123,1701401.8090733152,0.3630384976551464,0.5074727189506172,0.7420916356698211,101.29466340372795,341,GAT_first_none_perproduct
8468,per_chapter,59889.81594853156,149899.01078043046,0.3709763440075913,0.4652823039554784,0.729254563705222,102.62705728527446,120,GAT_first_none_perproduct
8470,per_chapter,348408.8017228981,1546967.208554138,0.06513735657673092,0.13056111280326999,0.4585300651208071,122.91345650737951,166,GAT_first_none_perproduct
8471,per_chapter,5947676.460036495,43314033.021093965,0.17068493848193722,0.6144839887862659,0.8241325421388792,103.37891029495343,328,GAT_first_none_perproduct
8472,per_chapter,342174.4368936229,1062188.72178809,0.02510329024267155,0.09187196661521757,0.36126760563380284,116.66430975632431,71,GAT_first_none_perproduct
8473,per_chapter,4109010.2907622047,22304836.74605964,0.08243887549302797,0.342862942151838,0.6581744907128162,121.96657093865784,178,GAT_first_none_perproduct
8474,per_chapter,449036.71831294923,1237999.7003474473,0.3379060400922236,0.3232954689025417,0.6079121565002762,102.81771336884759,235,GAT_first_none_perproduct
8475,per_chapter,1799850.2225002435,5802583.136383226,-0.07511215130429116,0.11883380502399932,0.39700108758036123,130.76149604832642,73,GAT_first_none_perproduct
8476,per_chapter,259337.06905000098,693607.1335983891,-0.033931690551900484,0.23640721634933703,0.5390853683607496,109.1605709510145,108,GAT_first_none_perproduct
8477,per_chapter,1122254.0047490094,3291636.333679185,0.021693592982259702,0.3246979206509967,0.6573277328880407,113.01434167634368,237,GAT_first_none_perproduct
8478,per_chapter,384934.0251790805,922011.8569176489,-0.05912470126057734,0.12538803799070442,0.3898989898989899,132.51628056432384,55,GAT_first_none_perproduct
8479,per_chapter,1394521.5304761997,5476889.28028379,0.07293725860217082,0.27552161059649394,0.5559447227513181,113.9739717761596,354,GAT_first_none_perproduct
8480,per_chapter,472898.2552905935,1924838.9199082784,0.18758131405223677,0.23689860258325712,0.5714049674246234,110.3804067274608,260,GAT_first_none_perproduct
8481,per_chapter,1902744.9884770063,7169899.407115233,0.24002969027848775,0.49379722365673084,0.7774095863301006,108.02577881217552,241,GAT_first_none_perproduct
8482,per_chapter,658283.0304837432,1841634.1029032844,0.17063103455245465,0.35200243013825816,0.7024271504133134,116.17091017385242,283,GAT_first_none_perproduct
8483,per_chapter,899197.8602884525,3050337.7410775335,-0.27668133552554264,0.5239988862551521,0.7879448625923077,99.32397406140598,273,GAT_first_none_perproduct
8484,per_chapter,440369.74556241656,1604431.3606253632,-3.273902500688232,0.40920612059928463,0.7795315849844744,97.00580917943354,118,GAT_first_none_perproduct
8486,per_chapter,33987593.06394182,118231151.6353253,0.028991900343290244,0.3040053739307502,0.6220366525955283,133.5876888701491,105,GAT_first_none_perproduct
8487,per_chapter,548037.0576943104,1263931.8244015614,0.5580895218687303,0.41342771047010074,0.6821931589537222,99.18838761460151,71,GAT_first_none_perproduct
8501,per_chapter,662395.9033904875,1990861.9438476714,0.28473230257719895,0.3924446260854906,0.673429731384556,109.75646770937043,480,GAT_first_none_perproduct
8502,per_chapter,835235.4203266965,3036911.7640065993,0.07641904726295734,0.2225354628892725,0.5180332279955422,107.2479113332252,224,GAT_first_none_perproduct
8503,per_chapter,2229007.3267678847,7282239.23519329,0.21780105443910147,0.449725741350565,0.7804878048780488,111.89688843573451,40,GAT_first_none_perproduct
8504,per_chapter,2366977.849860052,11962194.817165894,0.08085132560479469,0.3595722166825047,0.6281591712105857,119.67398436501414,385,GAT_first_none_perproduct
8505,per_chapter,983775.9983118467,3429253.2942471313,-0.2998660581942576,0.3303426645019143,0.7576447033457105,122.16942771773935,137,GAT_first_none_perproduct
8506,per_chapter,542695.4959354074,1330854.9531424893,0.1752289898762328,0.19582095825070234,0.607823812592396,124.79734827419473,185,GAT_first_none_perproduct
8507,per_chapter,3671144.257618968,26364967.833080675,0.10555574272775181,0.2704838307148749,0.6557680796293186,123.12670094141107,243,GAT_first_none_perproduct
8508,per_chapter,576265.7553065665,2944512.896180811,0.15621493987761736,0.38511369678589547,0.6927556195698834,114.7021920585431,132,GAT_first_none_perproduct
8509,per_chapter,883745.5445682263,4424549.088294884,0.37292124297599405,0.4973467190769689,0.7818542389687654,109.7192207407328,109,GAT_first_none_perproduct
8510,per_chapter,344071.91474692523,1004093.7439052239,0.2573302988196936,0.576576127881516,0.797306588899163,112.44616764790129,121,GAT_first_none_perproduct
8511,per_chapter,372920.2324854196,1066191.2252619609,0.23408589275221348,0.35798872939017656,0.6817007981835411,110.10887505479776,251,GAT_first_none_perproduct
8512,per_chapter,854057.5554436939,2877259.997524508,-0.5718454416610426,0.3363839362871205,0.7424814421060626,128.07826710646574,171,GAT_first_none_perproduct
8513,per_chapter,391511.4953860992,2289196.9297937322,0.12365302307593629,0.39336408454982985,0.6315018315018314,116.9315738997847,64,GAT_first_none_perproduct
8514,per_chapter,330648.7919028661,1071550.630487527,0.1965419021999132,0.47184560759546834,0.7249738880324083,101.45273437949083,160,GAT_first_none_perproduct
8515,per_chapter,278204.67854725645,690061.0483782851,0.33217792388206246,0.32965399343155954,0.6879078104355262,110.42019221322758,266,GAT_first_none_perproduct
8516,per_chapter,595106.3219604273,2711345.7327586673,0.3972130001643567,0.42546325247903183,0.6915620574614586,114.60556679800477,486,GAT_first_none_perproduct
8517,per_chapter,13834897.106393086,90469099.8228492,0.09119502920737055,0.42114510622036083,0.68229485200302,118.36985285679556,269,GAT_first_none_perproduct
8518,per_chapter,598585.8061929316,1864457.5477670294,0.7108834634652571,0.564301131723677,0.7837797220464218,103.97174859617793,294,GAT_first_none_perproduct
8519,per_chapter,199821.47469761767,805098.7945857836,0.3037590875340306,0.2415957350983512,0.5574692230393361,117.42971235511308,106,GAT_first_none_perproduct
8521,per_chapter,650734.7963337821,2218847.5751108504,0.08277087620522483,0.27575643614805523,0.6825091575091574,133.01950170957076,64,GAT_first_none_perproduct
8522,per_chapter,549069.9349211892,1723665.5037085633,0.025459486943419818,0.32527011776587544,0.5823677173648814,112.63558432971558,42,GAT_first_none_perproduct
8523,per_chapter,1382187.0229143975,5722012.059655058,0.003304431915307715,0.39588875575872917,0.6870706573152798,124.79326932424178,288,GAT_first_none_perproduct
8525,per_chapter,1968903.8742349285,8948645.428248731,0.08391974428765148,0.45794626722464327,0.7304728204493279,113.85852478762517,111,GAT_first_none_perproduct
8526,per_chapter,1556354.310256656,4797942.183644844,-0.8252115937356874,0.550331755706943,0.8293813047505884,108.9317320471904,114,GAT_first_none_perproduct
8527,per_chapter,237072.07899656435,1211655.7590428563,0.13939375745092286,0.40480561820490546,0.670647409798966,111.724336355039,227,GAT_first_none_perproduct
8528,per_chapter,1462076.9686735526,7502500.115607063,0.1110320876622366,0.2621827948639698,0.5830012925158908,124.2249279806586,309,GAT_first_none_perproduct
8529,per_chapter,3812685.3829959263,16477131.319714349,0.19065691636066273,0.4989535844889039,0.8129177958446251,98.86821271489511,81,GAT_first_none_perproduct
8530,per_chapter,199433.01412968122,375133.1146745855,0.1754644578441873,0.32271936914626476,0.673214756933319,97.63350864558765,80,GAT_first_none_perproduct
8531,per_chapter,985364.3443656937,3200413.638474955,-1.9416255520486732,0.5201018010590568,0.7989396146780324,104.04720252206793,142,GAT_first_none_perproduct
8532,per_chapter,2710468.479376253,12312759.71964342,0.026099702056834317,0.19479411331012086,0.5476686587350139,131.60116249866172,236,GAT_first_none_perproduct
8533,per_chapter,668993.6114825528,2285548.7790217497,0.06121900308958583,0.3047183588719107,0.7073833606061558,130.02774220713468,196,GAT_first_none_perproduct
8534,per_chapter,8920441.942189155,29675618.781570025,0.03595777119412735,0.5935007877330643,0.8170731707317074,122.93763106843886,41,GAT_first_none_perproduct
8535,per_chapter,292091.40282703814,737468.5513516624,0.15089351670163242,0.24681929885759823,0.6227028957435196,115.51657882474515,198,GAT_first_none_perproduct
8536,per_chapter,1368557.5857328754,5307556.572921138,0.16596111415373804,0.42853611619415666,0.754853572247657,114.91852565062395,395,GAT_first_none_perproduct
8537,per_chapter,2531488.6231364864,6041443.2326351125,0.590888485577146,0.4368061308875184,0.7461960174289229,103.21431682869992,81,GAT_first_none_perproduct
8538,per_chapter,1841142.823560388,5145721.4107628185,0.20138517509006948,0.5395407556302023,0.768221939247505,106.03821387987192,82,GAT_first_none_perproduct
8539,per_chapter,281518.6394412421,1699941.2755837976,0.17799342553157915,0.4486087306673717,0.7411334587316849,111.64060295606784,372,GAT_first_none_perproduct
8540,per_chapter,245923.29634042308,708993.2843014826,0.007678934976707463,0.20525731509970158,0.5194980059555322,120.67839998237943,186,GAT_first_none_perproduct
8541,per_chapter,7340798.494956841,24754930.543649297,0.17115957208786003,0.3573094182781884,0.6773841386361632,125.90720706332252,210,GAT_first_none_perproduct
8542,per_chapter,57100987.077101685,196598063.50754824,-0.0408441997387039,0.5523179214752997,0.8065480128672958,125.70517927617371,168,GAT_first_none_perproduct
8543,per_chapter,1853415.5822698022,7785959.22403638,0.15819010561441282,0.3983364115390544,0.676568811662975,115.17381824078794,169,GAT_first_none_perproduct
8544,per_chapter,2483132.5758516206,8332497.323007157,0.0725253767428804,0.28992212584089516,0.6391221472375279,117.12256094254481,312,GAT_first_none_perproduct
8545,per_chapter,988657.6753376074,3339504.5216242233,0.2633788259169606,0.3072318572666527,0.6114170496606265,123.44385979425479,116,GAT_first_none_perproduct
8546,per_chapter,195416.75125082646,423292.11559203797,0.17800707347194444,0.2726357369217721,0.6494071204255756,107.50477821593498,85,GAT_first_none_perproduct
8547,per_chapter,399161.15685264877,931599.0578252053,0.501252679281943,0.31218951643519965,0.6615933993303077,110.74340079548305,96,GAT_first_none_perproduct
8548,per_chapter,1856102.4156240162,4721629.95698419,0.16918761237411495,0.12679598153444482,0.4604056682411782,122.95713520087033,60,GAT_first_none_perproduct
8606,per_chapter,5092221.8909999365,13985385.184277836,-0.06487795782408479,0.08266662805983493,0.46748943580603036,137.93920257289295,50,GAT_first_none_perproduct
8607,per_chapter,841564.8657511324,2768377.9571426534,-0.036088861545802375,0.23025849799887343,0.5591924438296316,122.8257856957758,164,GAT_first_none_perproduct
8609,per_chapter,1203999.9146653127,4733782.04770063,0.8544064034683365,0.3703475772848803,0.600871080139373,93.8628583832308,41,GAT_first_none_perproduct
8701,per_chapter,2092975.6774690584,7346895.4492846085,-0.009853820158330029,0.09521195434973262,0.4324959144087287,115.744003164578,206,GAT_first_none_perproduct
8702,per_chapter,1986215.262816711,4349001.791833415,0.09159984829634993,-0.04699126366856743,0.2249973327643231,123.31372411926664,104,GAT_first_none_perproduct
8703,per_chapter,7824199.293775739,27456156.34080771,0.03395923290822911,0.3299811417376344,0.6325843429183657,117.92311575269538,427,GAT_first_none_perproduct
8704,per_chapter,3988301.4310330623,17648577.97135114,-0.008223780178786999,0.2853937068689907,0.5780765791128565,109.7370499571468,210,GAT_first_none_perproduct
8705,per_chapter,856074.91638145,1870511.0297037696,0.12957361574746573,0.17296295169079623,0.5078199489572499,92.53158931439604,121,GAT_first_none_perproduct
8706,per_chapter,638358.593505843,1438238.6660436362,0.07210897363070223,0.09301495160350437,0.4,111.15680183030265,31,GAT_first_none_perproduct
8707,per_chapter,3893290.410641679,15208299.852773217,-0.03332229414093546,0.015319740439363128,0.5515420950263963,132.22306594543676,60,GAT_first_none_perproduct
8708,per_chapter,2294218.097417431,8026778.525960513,0.025585556752104388,0.3333171949967598,0.7012682461996024,117.70374232058987,538,GAT_first_none_perproduct
8709,per_chapter,196781.1805130423,382766.69245333696,0.180776483474681,0.20532740039826114,0.6203229938933028,99.17452828535845,74,GAT_first_none_perproduct
8711,per_chapter,1112742.734016374,3636045.3518227646,0.1902881375201022,0.34895492423515784,0.6026998170886966,115.62273278664333,205,GAT_first_none_perproduct
8712,per_chapter,752198.5556113396,1595443.639641821,0.8067913065439629,0.34647035736844134,0.6183389867600394,101.82573567309834,38,GAT_first_none_perproduct
8713,per_chapter,186628.3196045581,517004.262430993,0.6775391083928539,0.36998464951996224,0.722930140396474,109.99151686672728,52,GAT_first_none_perproduct
8714,per_chapter,764965.5312258877,2805704.621770481,0.09513507848182534,0.2962838264149058,0.6695596703989763,116.53106263745283,265,GAT_first_none_perproduct
8715,per_chapter,491523.1307578143,1768093.9460664135,0.2606415497862682,0.4821946759361624,0.6815889992360581,121.56319867093937,34,GAT_first_none_perproduct
8716,per_chapter,784416.6828827768,2086911.6484164018,0.09314299186049024,0.22914469890991684,0.5705462009796488,108.54973813518092,227,GAT_first_none_perproduct
8802,per_chapter,17833936.810279492,67373167.12998459,-0.04756948829562857,0.17399134490882417,0.3856213778468627,133.31149432030068,124,GAT_first_none_perproduct
8803,per_chapter,3339780.2352494206,9768920.27372264,0.005385338684770202,0.29723422495584095,0.5906875642487377,115.50152789363419,137,GAT_first_none_perproduct
8805,per_chapter,390547.19405701593,821437.2591987487,0.1596297602649701,0.16759348787420802,0.3381712626995646,115.25730623562407,52,GAT_first_none_perproduct
8901,per_chapter,40248325.89587593,127636867.48253283,0.007486762151721615,0.04382245954519304,0.3205182443151771,136.3834779525539,61,GAT_first_none_perproduct
8903,per_chapter,1429792.2101049845,5561404.235271727,-0.022719199141874258,0.14936476023787137,0.5740154365500677,116.54043571714759,99,GAT_first_none_perproduct
8905,per_chapter,16667278.758425398,64466397.84144282,-0.07431334416630664,-0.00022374395619118026,0.23280632411067192,131.9623780895429,45,GAT_first_none_perproduct
8907,per_chapter,252709.59299086663,537607.6586918844,0.056933159232382846,0.07575055516395923,0.5419871794871794,120.87081113507293,64,GAT_first_none_perproduct
9001,per_chapter,2506409.1116603236,8583163.454711037,-0.02900228204226707,0.23743136156181566,0.6373322669960165,135.07208635964975,168,GAT_first_none_perproduct
9002,per_chapter,1390353.52460453,3701327.9453646573,-0.20210072149143055,0.4358636921209226,0.7834056133235188,123.31525270321309,124,GAT_first_none_perproduct
9003,per_chapter,732244.048455913,1824632.7429026621,0.12773207149364108,0.37521963765767563,0.6455389334627679,113.58522095362704,99,GAT_first_none_perproduct
9004,per_chapter,879240.7571484783,3490223.8362231483,0.2662311428570676,0.5774371326674173,0.7636588959224963,102.36349339729507,78,GAT_first_none_perproduct
9005,per_chapter,236160.2606796569,551694.3875336652,-0.27937007867294095,0.3953650906147599,0.6507644021464007,106.0946094944704,84,GAT_first_none_perproduct
9006,per_chapter,307058.67758255947,1716961.9537998692,-0.0018423384461654368,0.36819551362277547,0.688444491117917,114.66601241738567,208,GAT_first_none_perproduct
9007,per_chapter,105197.25068129272,370512.1366715634,0.08630598871029149,0.28853931380345366,0.5957081430211172,102.54923173643114,121,GAT_first_none_perproduct
9008,per_chapter,68644.71704608727,126954.09292134583,0.2852913162548306,0.3606164335139569,0.5774745605920445,103.79302747968144,47,GAT_first_none_perproduct
9010,per_chapter,145922.34026951442,814469.1420193074,0.02726064575967413,0.37810622132436456,0.6669153412312373,101.8358398355311,93,GAT_first_none_perproduct
9011,per_chapter,529786.5751075082,1856289.579011013,0.034677822669912595,0.2862330499935881,0.608505158306512,105.60880974956532,95,GAT_first_none_perproduct
9012,per_chapter,1787981.8398175829,6311717.044983576,-0.05595033867197707,0.4737579545543147,0.7443339500462536,104.39969386570831,47,GAT_first_none_perproduct
9013,per_chapter,1015485.0669411222,2481041.804810201,0.15411904324880266,0.4511065395902697,0.6780480731635641,109.68240952133404,127,GAT_first_none_perproduct
9014,per_chapter,357662.2830491864,739140.3794807261,0.30920975689088603,0.3838929042638364,0.7474807556008558,103.92796017107064,122,GAT_first_none_perproduct
9015,per_chapter,435212.86122228403,1187946.2204934922,0.11490041577982868,0.26764719116803926,0.622351292459488,114.9470572681934,198,GAT_first_none_perproduct
9016,per_chapter,108259.99199588371,245281.76314950438,0.11716162760673288,0.3407502920180623,0.6088709677419355,111.91611933467924,32,GAT_first_none_perproduct
9017,per_chapter,89380.63085381778,379190.54054607596,0.3117855033741943,0.37704501653330424,0.7203070558887431,101.66496999361985,165,GAT_first_none_perproduct
9018,per_chapter,2111044.7096345904,9003750.528186128,0.0662845094317529,0.4467876754722192,0.7053965481275787,111.5070420224667,428,GAT_first_none_perproduct
9019,per_chapter,1376432.1731081826,5230564.184498118,0.1480269635211583,0.4732730023800993,0.6987486198012514,111.72853287212095,77,GAT_first_none_perproduct
9020,per_chapter,200580.61156791192,348733.2295537947,0.6242344198829657,0.2571374805024327,0.7428571428571429,102.99486118999262,36,GAT_first_none_perproduct
9021,per_chapter,2775000.4108581697,8388936.546827573,0.08247661445708343,0.35541138826722585,0.6428819108448888,119.45778381386845,261,GAT_first_none_perproduct
9022,per_chapter,879575.2704193473,2009525.3812482853,0.15100727171892636,0.2873601874555467,0.6358279714192703,110.12611044833449,220,GAT_first_none_perproduct
9023,per_chapter,396347.8662386381,1125757.3799791548,0.3673945782642133,0.5540972058959437,0.7319838056680161,78.48104402773353,39,GAT_first_none_perproduct
9024,per_chapter,159608.62603391617,469059.8044818603,0.2642810194500187,0.37568648212511313,0.7275876791029203,94.07999947961821,95,GAT_first_none_perproduct
9025,per_chapter,211822.1574264784,594287.3672805665,0.4296700923542559,0.49377307117214997,0.7536447103236628,99.52918630742276,144,GAT_first_none_perproduct
9026,per_chapter,493327.0286944688,1426772.9300226772,0.0923638894624097,0.5208779067616289,0.7863333785309264,94.19013387086008,164,GAT_first_none_perproduct
9027,per_chapter,1322544.5497136244,3982410.53574792,0.17775869929653876,0.6823892436812441,0.8537540259806647,92.79393497821296,222,GAT_first_none_perproduct
9028,per_chapter,376946.1726534789,886766.8060924907,0.4223875596439358,0.20830046333005459,0.6448587180153674,112.28448226024949,127,GAT_first_none_perproduct
9029,per_chapter,478383.9568127787,1412194.1221244326,-0.20032273821071844,0.4160232509904499,0.793948033238283,116.82486332654571,99,GAT_first_none_perproduct
9030,per_chapter,906997.7103120313,3942802.7268615537,0.07275816606541297,0.41737380465072094,0.7174562804712304,109.88006862315656,379,GAT_first_none_perproduct
9031,per_chapter,2544849.6940160454,11360483.508423436,0.09480580409005068,0.3825998386585592,0.7009362411202428,110.68230157446028,215,GAT_first_none_perproduct
9032,per_chapter,822126.6997797461,3235651.3078166456,0.1460789674631866,0.42918544257266,0.7312876296858073,112.09035972919904,181,GAT_first_none_perproduct
9033,per_chapter,444464.0363779972,1275928.4560761612,-1.4195559993114966,0.3960195659702439,0.8121951219512198,98.94632560181714,41,GAT_first_none_perproduct
9101,per_chapter,961542.1051196143,3158148.5925462767,-0.034786480703443035,0.32663413939465835,0.5949704603687759,123.9426193674586,174,GAT_first_none_perproduct
9102,per_chapter,564810.9542514916,1811183.36165008,0.014237543484908022,0.4206295764400265,0.6562616011725557,112.69888301662631,218,GAT_first_none_perproduct
9103,per_chapter,16249.614448945209,30681.80268632492,-1.4561789319595948,0.12409108956552717,0.5526133209990749,112.38748559701249,47,GAT_first_none_perproduct
9105,per_chapter,57861.353191455026,301723.8342673215,0.2666247581809287,0.440148202026052,0.7149668967353385,103.58476255671529,160,GAT_first_none_perproduct
9106,per_chapter,46462.77318975485,102366.96635144182,0.5812355473004035,0.3186486135501544,0.6501166709878144,105.85776939187352,57,GAT_first_none_perproduct
9107,per_chapter,67084.7786338425,159867.96640108305,0.3383212732958655,0.41855576646418935,0.753225806451613,87.06447980707452,31,GAT_first_none_perproduct
9108,per_chapter,674743.1138580585,3764697.273798507,-0.027777959340445024,0.36678700143600684,0.5700681986197076,118.06722693541852,74,GAT_first_none_perproduct
9109,per_chapter,16793.95011626544,32916.00537854189,0.542054972217414,0.3776151673639825,0.6475385080036242,109.51267518939645,43,GAT_first_none_perproduct
9110,per_chapter,794075.8339807427,2269438.8107484663,-0.09404131292709761,0.06458486335037728,0.38947463726014947,151.5063894068031,51,GAT_first_none_perproduct
9111,per_chapter,240928.93385718353,679395.3310650011,0.21387998801280883,0.23006360258629333,0.5470473718364698,120.50273503451035,68,GAT_first_none_perproduct
9112,per_chapter,58209.30925053158,115221.914050421,-2.1115704245433466,-0.10254739644790778,0.6198680351906157,123.6859345811256,32,GAT_first_none_perproduct
9113,per_chapter,182810.0896408175,399543.84754647425,0.5685443305868518,0.34684781553026267,0.6932395409107736,108.28885300261885,74,GAT_first_none_perproduct
9114,per_chapter,319789.3991736889,1116921.2859192858,-0.027133181807908135,0.47209800079179964,0.7944508448540707,119.03944264561976,63,GAT_first_none_perproduct
9201,per_chapter,159493.41123790178,495176.3982663843,0.026868347450564656,0.4051424987986918,0.6687947286193735,120.91458143021212,76,GAT_first_none_perproduct
9202,per_chapter,108003.33606100253,337564.9443878915,0.4385124387078514,0.4152235500474868,0.7258064516129032,110.85753451879646,63,GAT_first_none_perproduct
9205,per_chapter,141406.80638368422,384323.3861727096,0.24990874226378668,0.48100277687161874,0.7354066985645933,106.5018966773405,56,GAT_first_none_perproduct
9206,per_chapter,91109.36864081693,227275.2554854311,0.4568071071561778,0.3297860731125315,0.619607843137255,111.40747766522732,35,GAT_first_none_perproduct
9207,per_chapter,216941.00012094228,560357.1360611859,0.41466255194135115,0.5076000979331236,0.7292680980126108,111.85438922690327,67,GAT_first_none_perproduct
9208,per_chapter,43500.97617634689,180684.45514542444,-3.190407656202879,0.5092856583278212,0.7761904761904763,91.26186260422256,55,GAT_first_none_perproduct
9209,per_chapter,153517.70230055237,413199.65407717036,-0.392370333348794,0.3149828248872515,0.6524557447308119,113.15301627166268,129,GAT_first_none_perproduct
9303,per_chapter,624168.8266913785,1516628.4050504374,-0.10526310090727575,-0.04027021878312298,0.16262639357013223,135.66011696710757,57,GAT_first_none_perproduct
9305,per_chapter,756331.0556286818,2224808.386255301,-0.11728226587185886,0.34447242296532554,0.5331139069180842,127.30980794825919,58,GAT_first_none_perproduct
9306,per_chapter,5574353.928795863,32339838.356381517,-0.014868739669459563,-0.04079220830283736,0.3832407840174174,139.52674378113005,66,GAT_first_none_perproduct
9401,per_chapter,843076.9661116045,3883998.3651283206,0.277877086451373,0.2356899258448817,0.5206183744089866,117.32028192970405,433,GAT_first_none_perproduct
9402,per_chapter,234693.18268374974,571646.0824118869,0.6453769254112006,0.4084863022820472,0.7234034431423446,107.44768088072931,68,GAT_first_none_perproduct
9403,per_chapter,930305.6456548105,4473619.576721533,0.3031021215797731,0.2991494033335155,0.5555825882364468,107.48144153335217,423,GAT_first_none_perproduct
9404,per_chapter,733957.9330562077,3913550.412442574,0.23734219946631696,0.2254305492004689,0.4821697965425768,117.86778889845198,179,GAT_first_none_perproduct
9405,per_chapter,1009268.9617371799,8069389.880296194,0.18361028230162846,0.4017723186691723,0.6418672630590216,109.27576234630452,325,GAT_first_none_perproduct
9406,per_chapter,1807336.16962163,6189299.312169059,-0.027314304303841963,0.19974540173213784,0.549412738881498,111.12801337262957,72,GAT_first_none_perproduct
9503,per_chapter,3282931.048455448,15127437.14831112,0.8725813872258934,0.5456186516593273,0.7535045782351512,98.10797376550188,42,GAT_first_none_perproduct
9504,per_chapter,1832887.8291287469,12953910.843985023,0.06681604026411225,0.5750195920939787,0.8062116243844556,102.68169982349727,177,GAT_first_none_perproduct
9505,per_chapter,568131.8226478787,2907784.7894899654,0.7759679042003391,0.5920070101897453,0.7094705664568677,100.66928211936094,74,GAT_first_none_perproduct
9506,per_chapter,436118.1896879697,2454437.398596825,0.20079053122299817,0.3510018031869654,0.6568381775468022,120.09429165112,514,GAT_first_none_perproduct
9507,per_chapter,408302.63218888734,1186563.50931143,-0.3432548712214849,0.29306526253619214,0.5713289648164058,121.21587888249871,122,GAT_first_none_perproduct
9508,per_chapter,296658.7054072064,644660.9660739321,0.19655796607354148,0.32778533500365414,0.6739967858516064,108.03143929662315,49,GAT_first_none_perproduct
9601,per_chapter,61103.037527871915,178996.98548778472,-4.342456629014348,0.3313039444075607,0.5969696969696969,111.71203037588629,45,GAT_first_none_perproduct
9602,per_chapter,317825.0203185008,814951.9909978686,0.10532819364331325,0.4407780930616555,0.69391495601173,114.11234671329125,32,GAT_first_none_perproduct
9603,per_chapter,220874.80300983717,1109510.320455322,0.48046952197280557,0.41312177439105346,0.6498781169966272,109.99502211358434,259,GAT_first_none_perproduct
9604,per_chapter,6137.907910330128,10451.358570690887,0.34966701634610275,0.4558474094722881,0.6862170087976539,86.84273014479149,32,GAT_first_none_perproduct
9605,per_chapter,94772.51862934385,300839.0453681225,0.3393799039656067,0.2142639208142081,0.4947232947232947,103.32348341607367,36,GAT_first_none_perproduct
9606,per_chapter,115800.44943663174,310530.5393563878,0.3466745383382571,0.26341023250527573,0.7037670846477223,117.36981979035481,148,GAT_first_none_perproduct
9607,per_chapter,372123.0964632065,1139866.1420844116,-0.626160569559564,0.24808490078086975,0.5759917834574506,113.1477723528319,91,GAT_first_none_perproduct
9608,per_chapter,207550.62859961088,694196.381310029,0.24578119289570355,0.2608011059657275,0.6584018257942069,123.34675562178712,246,GAT_first_none_perproduct
9609,per_chapter,106438.81938796486,346171.78208814666,0.5081258161404254,0.3578388899038706,0.6586651150135364,116.70834087122199,97,GAT_first_none_perproduct
9610,per_chapter,78620.90086244025,238570.5075384153,0.8943671816983667,0.33986419221562947,0.5492742551566081,116.69759159981434,34,GAT_first_none_perproduct
9611,per_chapter,75357.01370034672,151108.73021232669,0.21879661671858752,0.478809691980698,0.786764705882353,113.16024716278483,33,GAT_first_none_perproduct
9612,per_chapter,229445.16243145164,683248.972319469,0.034879538866309456,0.3062502318930783,0.6240954312977169,128.8837146077085,63,GAT_first_none_perproduct
9613,per_chapter,239831.87724299383,815236.1507387701,-0.6611777818767701,0.3498476923141879,0.6352817065346313,129.3604226614504,112,GAT_first_none_perproduct
9615,per_chapter,140464.79150411594,640071.0739784148,0.6578474541959438,0.5843983537012472,0.7644160119437956,103.32544702438875,108,GAT_first_none_perproduct
9616,per_chapter,181749.98922562564,551963.3102542287,0.5184062800295188,0.4756902538048883,0.716393855679182,101.68999669844621,62,GAT_first_none_perproduct
9617,per_chapter,730752.6740214045,3408110.3908962845,0.6076107904784205,0.5859654318937845,0.8034412955465589,86.70776170994043,39,GAT_first_none_perproduct
9618,per_chapter,97202.98767793925,184391.4879560557,0.7829270835347426,0.32418976496536644,0.5835430572272676,119.45091863795287,38,GAT_first_none_perproduct
9619,per_chapter,1923289.8152465643,3583995.1918525645,0.5423106126158341,0.2753934895324963,0.6373065391783487,107.97255970930632,42,GAT_first_none_perproduct
9620,per_chapter,127449.81844938392,444519.50567282917,0.5598503393513724,0.4762636194044433,0.8191085822664769,111.14751986187497,37,GAT_first_none_perproduct
9701,per_chapter,3419905.0391551643,16564605.062696943,-0.0004969358086341913,0.6249003961028297,0.7990262901655307,110.28317134581864,79,GAT_first_none_perproduct
9703,per_chapter,837166.3036505228,2079880.4147729073,0.2651660542459412,0.5623873332697247,0.7688259109311741,97.03710633400735,39,GAT_first_none_perproduct
9705,per_chapter,514179.80958156276,1099344.2848104045,0.10771089194398897,0.45632347372801096,0.6705645161290322,100.0875524063218,31,GAT_first_none_perproduct
-1,overall,1808616.6361229362,32941216.00719898,-0.2871357791445177,0.3197524107481615,0.59335921077294,118.15334514547568,123777,GAT_first_topk_perproduct
1001,per_chapter,6330638.028915147,20061129.61604693,-0.07287844966361612,0.12998685180976355,0.549719316594975,141.47596685461613,85,GAT_first_topk_perproduct
1003,per_chapter,17941913.98723944,95385040.40995741,-0.03468135376038828,-0.027691803783157498,0.23662714097496704,143.5222869131164,45,GAT_first_topk_perproduct
1004,per_chapter,230042.993734601,482018.9523939893,-0.1837310528799685,0.006567972914899078,0.2374564459930314,131.2411463774753,41,GAT_first_topk_perproduct
1005,per_chapter,5896894.042406253,17229162.60904354,0.14173066773361542,0.22482010932294527,0.5117216117216117,134.87572664591045,64,GAT_first_topk_perproduct
1006,per_chapter,1639290.2789040485,4840967.65527983,-0.022153221495525344,0.1835162601499768,0.4302036667254212,142.8323191549854,124,GAT_first_topk_perproduct
1007,per_chapter,8362641.047952779,36330303.304087244,0.004794653057879517,0.16809573600663408,0.37432979538242694,132.827221869448,38,GAT_first_topk_perproduct
1008,per_chapter,229999.52465688085,1133107.0891274223,-0.03262869827228099,0.09647478703598589,0.29664700617908035,127.47705950638559,152,GAT_first_topk_perproduct
1101,per_chapter,1996584.7309920557,4713800.8738132175,-0.047000786266892636,0.17457015535701093,0.4673545966228894,112.38300779182858,40,GAT_first_topk_perproduct
1102,per_chapter,273634.2926209279,1103176.4382428178,-0.048237250128791986,0.22322131705880988,0.6228350227472265,110.6535874853865,67,GAT_first_topk_perproduct
1103,per_chapter,173310.78923186552,352229.2374903096,-0.015355479587300325,0.1259735352690592,0.3441995376347717,126.64581942392716,99,GAT_first_topk_perproduct
1104,per_chapter,312998.36446811364,1634927.011237448,-0.03064304914739857,0.1068150278872243,0.3996873738207246,121.74294566871977,156,GAT_first_topk_perproduct
1105,per_chapter,322179.2876766516,718173.4418510542,-0.4378231910718484,0.1453804249027446,0.5296998799519808,130.3780924211685,50,GAT_first_topk_perproduct
1106,per_chapter,125033.28959089746,372269.2621645676,-0.07335746163316115,0.24587350159645405,0.5455017492488018,119.50524037618644,89,GAT_first_topk_perproduct
1107,per_chapter,2076226.1627649146,5806271.055552612,-0.12535983502983816,0.06966464668740513,0.36049839568705355,136.11783961560369,47,GAT_first_topk_perproduct
1108,per_chapter,477909.55266350054,1846605.0003821196,-0.06950362938572519,0.17627898861797742,0.4474069708708084,122.74518071266375,147,GAT_first_topk_perproduct
1201,per_chapter,27220669.86778717,108258956.52821985,-0.036266238360176395,0.07487661352590458,0.25013574660633486,146.01708860581786,51,GAT_first_topk_perproduct
1202,per_chapter,854962.0999608634,3075560.6973340255,-0.04360736504398077,-0.11797418126509718,0.308246492519617,140.02264722991876,73,GAT_first_topk_perproduct
1204,per_chapter,746015.6105021184,3146274.661817528,-0.0467326622066746,0.09067068615051765,0.4700778642936596,128.62302603189434,30,GAT_first_topk_perproduct
1205,per_chapter,1852670.7040329163,3880272.8705360102,-0.15320692715898976,-0.012006674778143767,0.11882591093117409,135.36548035480104,39,GAT_first_topk_perproduct
1206,per_chapter,1394732.4381992328,3715753.2264339505,0.04618303879664876,0.27081567595098777,0.5875417130144606,142.43467338563488,30,GAT_first_topk_perproduct
1207,per_chapter,391384.0441244657,1501174.0333881362,-0.05257666792123117,0.03847255218870105,0.23440748115824073,133.2685815656555,216,GAT_first_topk_perproduct
1208,per_chapter,1371365.504553854,6993136.051594016,-0.009907358161196367,0.23153752903322966,0.5225462168858395,144.67652421527245,54,GAT_first_topk_perproduct
1209,per_chapter,517655.319863918,1402818.6320231883,-0.05250329466768244,0.19226101923559158,0.44868066475343776,111.84178840072488,211,GAT_first_topk_perproduct
1211,per_chapter,472504.52158919827,1433349.156138383,0.13007622923316242,0.2534251187660779,0.49059390304249,133.02774677532204,80,GAT_first_topk_perproduct
1212,per_chapter,283076.33649334044,1287271.3526002446,-0.012105067844510708,0.14058396569212828,0.43138075280707866,116.59182235124568,146,GAT_first_topk_perproduct
1214,per_chapter,1944800.7107521582,7216937.128999412,0.02168524892547674,0.10595492252204364,0.3708163265306122,141.0125041010276,49,GAT_first_topk_perproduct
1301,per_chapter,326207.2275483679,1546941.7781280829,-0.03505460668535676,0.16122572857465234,0.5172622195361487,104.9581707461611,62,GAT_first_topk_perproduct
1302,per_chapter,404718.7553436276,1272211.2781273394,0.10163336367180509,0.04542231860103696,0.3592731101709049,119.36269676651771,198,GAT_first_topk_perproduct
1401,per_chapter,58448.523794136476,152049.21603295024,0.07515088752870924,0.05834642489738662,0.3800053441233729,109.97264108275924,68,GAT_first_topk_perproduct
1404,per_chapter,197593.3076254295,460844.7673806949,0.2061933940184978,0.1061056811606077,0.23268578476719085,126.73463836233138,46,GAT_first_topk_perproduct
1501,per_chapter,1086879.2256893495,2237157.124295289,-0.34511522413991513,0.12409310753628322,0.47911634614762205,158.21336579290602,48,GAT_first_topk_perproduct
1502,per_chapter,1321583.9621831903,2997049.3298745602,-0.026760451057072476,0.3046330341325393,0.5838421214924453,103.76895091381483,46,GAT_first_topk_perproduct
1504,per_chapter,1062795.609960192,2692915.7309107366,-0.15847695314112764,0.06042313193507576,0.24456793553764938,139.02087073094143,60,GAT_first_topk_perproduct
1507,per_chapter,8321231.514157272,38941498.24085287,-0.03430078734702291,0.08617318289501619,0.44347938812548615,128.07851087752815,57,GAT_first_topk_perproduct
1508,per_chapter,1405272.945913554,5928559.466653501,-0.03778109581619038,0.27450192870207324,0.5341394025604551,141.22662064460707,37,GAT_first_topk_perproduct
1509,per_chapter,723151.1120898492,2747499.609720208,-0.06282171893403565,-0.16692593987941473,0.20386039132734002,124.36026058646988,61,GAT_first_topk_perproduct
1511,per_chapter,3972002.020651143,12046910.673326021,-0.08520619780842531,-0.017521182651266454,0.10434573829531814,143.5435911453114,50,GAT_first_topk_perproduct
1512,per_chapter,2859426.4474562784,11502188.077388704,-0.06189139046930103,0.03123440821962109,0.1436312478523395,149.128105582276,78,GAT_first_topk_perproduct
1513,per_chapter,819128.1296517886,3614889.2232347354,-0.025295385136416382,0.06571215673226938,0.3859005706305097,118.4839225038163,77,GAT_first_topk_perproduct
1514,per_chapter,1859781.5532931539,5741649.268954909,-0.09370085682685048,0.18918583423065705,0.46064610197293476,138.8592078095115,87,GAT_first_topk_perproduct
1515,per_chapter,366840.8397344785,1187414.3618576226,0.005777038155851066,0.2127632545953413,0.48059729961622766,120.55507073513938,184,GAT_first_topk_perproduct
1516,per_chapter,1117439.070039866,3021028.900208837,-0.07598902532752838,0.051141276088349064,0.42882072977260705,122.08673350150418,61,GAT_first_topk_perproduct
1517,per_chapter,968260.2214557308,1941802.532481743,-0.11747877375094506,0.11879167471339946,0.4737356534616808,112.29685153374483,74,GAT_first_topk_perproduct
1518,per_chapter,3714245.512951529,6532864.452810233,0.33288371388341675,-0.07330704031179236,0.5323886639676113,104.55420638275486,39,GAT_first_topk_perproduct
1521,per_chapter,86545.15478266591,226846.49413593515,-0.08829400656459785,0.27836179683659235,0.5173755656108597,119.3705862318092,51,GAT_first_topk_perproduct
1601,per_chapter,1108721.4536703976,1992116.6164292092,-0.07246012980092109,0.09370989574061717,0.3686679174484053,102.32200146476875,40,GAT_first_topk_perproduct
1602,per_chapter,1191193.079133679,3482385.5441368865,-0.032252377260729936,0.1924943277602542,0.4379719827095949,127.49284853726172,277,GAT_first_topk_perproduct
1604,per_chapter,669838.5640476167,2001200.4922326494,0.04537823621017312,0.08981558938693002,0.2941348309614202,127.56655656141318,274,GAT_first_topk_perproduct
1605,per_chapter,866880.4279094298,3187647.6896330505,-0.016091566660801693,0.1722846954182362,0.38917032267919605,130.625121333118,322,GAT_first_topk_perproduct
1701,per_chapter,1671005.4660642382,4108383.156528246,-0.17789729748603467,0.010683504486106554,0.27612777540370154,138.8249678917509,149,GAT_first_topk_perproduct
1702,per_chapter,457087.9672964036,1309590.7835456352,-0.009367481344586093,0.15642052355892677,0.4487675438278048,129.04593175379233,220,GAT_first_topk_perproduct
1703,per_chapter,1012888.1853706299,3187807.591337362,-0.10441611362488024,0.004934191653118258,0.30129870129870134,141.5682670924288,56,GAT_first_topk_perproduct
1704,per_chapter,1027363.524199307,2175015.8226652625,-0.13108991154397853,0.26755215523797105,0.5587910383678824,116.02422075841775,82,GAT_first_topk_perproduct
1801,per_chapter,1566088.9627156118,7069342.220080723,-0.04083666483089066,0.008218440843624997,0.28809788654060065,137.91991152842593,30,GAT_first_topk_perproduct
1803,per_chapter,908489.3774312249,2269470.451487266,-0.13049837596624214,0.2105921945176833,0.5367680557509427,138.178020481649,39,GAT_first_topk_perproduct
1805,per_chapter,977515.000856632,2550934.6695158063,-1.92446172055163,-0.24184042726013222,0.3881168618010723,128.85349276779854,38,GAT_first_topk_perproduct
1806,per_chapter,1037004.4413903314,2243297.454368609,-0.18894353806827002,0.24704660881610496,0.5310525578624535,121.79717611619365,197,GAT_first_topk_perproduct
1901,per_chapter,2409714.0441602184,6465280.452598404,-0.09172425912287907,0.3204560663597944,0.6758556094684302,119.71889559996644,117,GAT_first_topk_perproduct
1902,per_chapter,628044.0585041852,1753720.4803423283,-0.01419343718708177,0.13928144626732208,0.4343271475823373,129.03866304382635,176,GAT_first_topk_perproduct
1904,per_chapter,432294.444944831,1028884.49866574,-0.39540328956757964,0.15227834174569543,0.480838131955913,120.48239644380672,136,GAT_first_topk_perproduct
1905,per_chapter,1206762.1988820462,2783999.038873053,-0.10258999039259398,0.1062278202122171,0.3189123093562312,134.05836766891454,219,GAT_first_topk_perproduct
2001,per_chapter,193026.0740214496,364983.23153271026,0.3258286760442223,0.08338811777886002,0.39340390167089495,115.86135681138083,70,GAT_first_topk_perproduct
2002,per_chapter,901086.9392612549,2142043.00751141,-0.10997792469765089,0.08746657581639194,0.38846411804158276,128.55970449346714,71,GAT_first_topk_perproduct
2003,per_chapter,689296.7656672539,3005888.465186008,-0.0066121833130521335,0.16015346398957497,0.4599435518888407,119.48771082374596,48,GAT_first_topk_perproduct
2004,per_chapter,1781392.629559847,4664448.0086120535,0.06315124550906681,0.18722483700521342,0.47990227888689535,125.80111771338551,68,GAT_first_topk_perproduct
2005,per_chapter,379756.00997401436,1188418.8666233104,-0.005813144541052528,0.15599544294872425,0.41825604621428025,128.69324237612446,302,GAT_first_topk_perproduct
2006,per_chapter,220781.3496369319,581401.7087508219,0.27185995097479354,-0.24415888914223016,0.34079794079794085,114.32038385639784,36,GAT_first_topk_perproduct
2007,per_chapter,366665.72524780786,819994.8401447255,0.12164627963766361,0.165889278313751,0.5308603849751815,121.80409760827948,110,GAT_first_topk_perproduct
2008,per_chapter,392222.6920033599,1168233.8362539976,0.034072142641447756,0.19704537918887977,0.44686327488637223,121.42938963177568,377,GAT_first_topk_perproduct
2009,per_chapter,493988.38232487894,1587707.8173500446,-0.04053411282476049,0.02495380581905393,0.34719302804802576,124.20392559751765,503,GAT_first_topk_perproduct
2101,per_chapter,474953.96414669097,1031049.7071552149,-0.16852551611601352,0.17517827720113777,0.4516615467084544,119.9579071331329,132,GAT_first_topk_perproduct
2102,per_chapter,267008.57125820144,641889.8155952357,-0.1088998197811375,0.09459229293713856,0.4146651841844327,117.73150660373663,105,GAT_first_topk_perproduct
2103,per_chapter,883533.4518027623,2238227.5611718358,-0.10954595140189882,0.2233911806005331,0.5664370015777742,127.6108958650894,152,GAT_first_topk_perproduct
2104,per_chapter,751102.5186611448,1760390.7469748294,-0.3968374656868472,0.16664268995204357,0.5545828287745866,120.36900599091926,73,GAT_first_topk_perproduct
2105,per_chapter,1958229.7853858238,3528129.107153116,-0.9056981443850469,-0.15142781026745755,0.38400809716599194,109.94224337499365,39,GAT_first_topk_perproduct
2106,per_chapter,4504816.201297899,12174226.682907887,-0.5169104086758884,0.35258125741490864,0.6100773485637668,119.1287204589031,83,GAT_first_topk_perproduct
2201,per_chapter,936644.9080109512,3828797.828060616,-0.025390699158522434,0.18484827957749916,0.4163015647226173,120.79351114698804,75,GAT_first_topk_perproduct
2202,per_chapter,1266018.5520933208,2618415.36188159,-0.1075966037071392,0.20690218584209008,0.5109060816432289,111.91235547699247,115,GAT_first_topk_perproduct
2203,per_chapter,1654705.8729020474,4178030.8896186766,0.052951262715441816,0.47313693659026534,0.771007211733247,104.95371655428325,42,GAT_first_topk_perproduct
2204,per_chapter,1854072.7729099193,6447480.075958734,-0.08099202011112339,-0.12629317872264845,0.34904078214882933,131.85562644895995,141,GAT_first_topk_perproduct
2205,per_chapter,147752.80242435998,365149.77060497296,-0.17047493620005905,0.0022749854247827717,0.35708502024291494,134.50989996162775,39,GAT_first_topk_perproduct
2206,per_chapter,506937.2106929096,1201760.0254078836,-0.16482441168284567,0.18773996126163806,0.6094728800611153,135.53529744738222,34,GAT_first_topk_perproduct
2207,per_chapter,3342155.2804530887,8321501.360021397,0.00334533813238469,0.22732742010117213,0.4806174957118353,135.0470134434572,54,GAT_first_topk_perproduct
2208,per_chapter,1169860.202525135,4091426.0557388756,-0.051683994965114,0.18400817627410448,0.5504059164346382,113.21474162356542,243,GAT_first_topk_perproduct
2209,per_chapter,143874.1584567119,413984.8388506402,-0.01784196547478878,0.2979111782583289,0.7308239413502571,101.85330410934131,38,GAT_first_topk_perproduct
2301,per_chapter,3215286.0481890114,6727086.744530183,-0.1010222595830339,-0.0946303092805163,0.2929292929292929,124.95388548993364,54,GAT_first_topk_perproduct
2302,per_chapter,1157414.8805346,3978559.00559128,-0.0661798989869653,0.07226802255602405,0.3914810669130916,116.01312699180512,89,GAT_first_topk_perproduct
2303,per_chapter,2513733.9913409874,6321452.104439973,0.22095335997337606,0.1427170917546774,0.5243335611756664,121.67024765132315,56,GAT_first_topk_perproduct
2306,per_chapter,1905994.962983791,6540246.431908923,-0.06839948080243174,0.12321891058725909,0.3311081324773948,131.9509383233507,111,GAT_first_topk_perproduct
2309,per_chapter,2455260.4009062788,4058198.9129630304,0.34755914094684515,0.40677834869301155,0.6741276073909545,96.1868565056219,78,GAT_first_topk_perproduct
2401,per_chapter,2329827.612499266,5543241.198002144,-0.08588602859816619,0.1604697507061853,0.3791986986537632,123.74847502788155,83,GAT_first_topk_perproduct
2402,per_chapter,2718661.2766815657,7618641.71703116,-0.12981856171032935,0.04511014153364257,0.35580524344569286,133.17213052842592,90,GAT_first_topk_perproduct
2403,per_chapter,1899111.779437228,6102170.259923641,-0.07404564644457512,-0.010969344102849554,0.13570220064763608,139.06697497306723,101,GAT_first_topk_perproduct
2501,per_chapter,705587.47774716,1608511.1054653071,-0.15564648783544577,0.05539125532104683,0.42451989303946197,108.43807336787503,42,GAT_first_topk_perproduct
2504,per_chapter,204913.47145873937,844178.0116173872,0.020485392129037994,0.3143102276740821,0.6846153846153846,119.42280497934843,40,GAT_first_topk_perproduct
2505,per_chapter,332774.84225442325,977164.5599945295,0.09639093945265187,0.060027493848581526,0.5455016660496111,126.74178118020494,74,GAT_first_topk_perproduct
2506,per_chapter,176804.08321993455,376312.3994585272,0.14782500107766527,0.35430430943143765,0.6364722957397764,114.85482619613914,52,GAT_first_topk_perproduct
2507,per_chapter,385606.96974234574,1045130.4380848141,0.1757139990875537,0.1127185074730499,0.36290322580645157,103.53674000911937,32,GAT_first_topk_perproduct
2508,per_chapter,172386.35065237113,483155.540197672,0.20459169950695744,0.1337550661452811,0.41444050413631617,118.406964092314,121,GAT_first_topk_perproduct
2510,per_chapter,6303457.315242497,19605474.23011144,-0.10987366444070545,0.14567546491652206,0.5207282913165266,128.5582266802473,35,GAT_first_topk_perproduct
2513,per_chapter,88663.69288087742,268379.2684441625,-0.06091335422818589,0.27160555410417153,0.5128506787330317,112.08763441860773,51,GAT_first_topk_perproduct
2515,per_chapter,282261.5123319428,797457.6561448553,-0.10827562197097129,0.1456070627056657,0.34085793298604417,130.39226124591653,72,GAT_first_topk_perproduct
2516,per_chapter,142179.63394746694,403799.5249397544,-0.06669094892523186,0.11409433397161817,0.408801511447568,124.27387324507859,99,GAT_first_topk_perproduct
2517,per_chapter,812687.0178306078,3864091.743471961,-0.04373584271514508,0.08188812755371444,0.33625624209775273,131.35873308903666,116,GAT_first_topk_perproduct
2518,per_chapter,623224.6361319799,1675564.882965529,-0.11599156292803858,-0.016703762515252185,0.19435215946843853,143.58703388512194,43,GAT_first_topk_perproduct
2519,per_chapter,569624.5339373722,1691357.430352708,0.06376646180786782,0.3130496406927117,0.5211224489795918,110.18318240005793,49,GAT_first_topk_perproduct
2520,per_chapter,331339.44752047013,1044639.5063573845,-0.104485777050358,-0.038252528097893146,0.1556848228450555,128.66099235143437,61,GAT_first_topk_perproduct
2522,per_chapter,987220.4018449587,4084641.830525855,-0.05123631797258499,-0.14240848707928166,0.02564780539397144,135.30174285815454,61,GAT_first_topk_perproduct
2523,per_chapter,2562439.0100568924,7015375.20844705,-0.13255345740831914,0.06169542149736995,0.2401377600078874,140.33137183886376,130,GAT_first_topk_perproduct
2525,per_chapter,100624.53816021832,253669.02893897117,-0.11021915949897099,0.194098150600848,0.4326454033771107,120.02651149714131,40,GAT_first_topk_perproduct
2526,per_chapter,251260.17968490606,523442.51402721583,0.16081488039259406,0.2135104915466769,0.5452488687782805,130.1311562315181,51,GAT_first_topk_perproduct
2529,per_chapter,465539.76929490414,1195230.94487857,-0.018888292759808856,0.06025645683043346,0.23723280542631306,133.359465779898,63,GAT_first_topk_perproduct
2530,per_chapter,1302875.9072967165,9452964.483287478,-0.016832908305464578,0.18380597205689608,0.4469084712755599,138.0273288038924,79,GAT_first_topk_perproduct
2601,per_chapter,38928818.01185609,82506564.92463323,-0.18201039322673251,0.23271351425894893,0.4940642603625866,149.4520606641786,42,GAT_first_topk_perproduct
2615,per_chapter,1986226.7098833148,4090590.0454422687,-0.21719032476193445,0.007563273291468331,0.4046718576195773,150.56266312525125,30,GAT_first_topk_perproduct
2617,per_chapter,981729.2286489159,3147650.68042028,-0.09279019834118363,0.12862262084939446,0.31417112299465244,137.438812288891,33,GAT_first_topk_perproduct
2620,per_chapter,889220.5326952379,2405622.298856459,-0.11774072306266703,0.0044086752248894134,0.21589354082848614,125.35134255383211,132,GAT_first_topk_perproduct
2621,per_chapter,387001.87501292094,723423.003793952,-0.2501753587208606,0.03973808902002651,0.33394428152492667,122.20826326851825,32,GAT_first_topk_perproduct
2701,per_chapter,11676158.760017527,52994483.0708219,-0.03750096382461643,0.20923799011004618,0.4680594197396317,149.61179560273166,70,GAT_first_topk_perproduct
2707,per_chapter,8016672.595367756,22752126.08679435,-0.12942175870299,0.06928665118119481,0.3111703830150433,158.69694079518425,104,GAT_first_topk_perproduct
2710,per_chapter,28926968.123331703,74789675.41296953,-0.06386230798037595,0.07313660946486344,0.29687339413761754,164.96533182529095,139,GAT_first_topk_perproduct
2711,per_chapter,104812942.1628963,474550298.4643855,-0.047601469491204806,0.01360765820390053,0.17931637175565496,150.4401597021961,145,GAT_first_topk_perproduct
2712,per_chapter,482693.2216104236,1776940.289576178,-0.04058980151841074,0.20999905793601514,0.44366172378570684,122.01436863023399,88,GAT_first_topk_perproduct
2713,per_chapter,5416285.180509432,13281123.515604662,-0.0032433691627618,0.10099060559790918,0.30372216420036485,137.23721327297574,72,GAT_first_topk_perproduct
2714,per_chapter,184948.81992273295,350081.8164470258,-0.08597836823794114,-0.09592420818088176,0.0011123470522803117,133.3153307752153,30,GAT_first_topk_perproduct
2715,per_chapter,698845.534453099,2352974.586668357,-0.01745050960440242,-0.09604344635036499,0.40967741935483876,108.57281320628222,31,GAT_first_topk_perproduct
2801,per_chapter,2154144.4546536133,10460005.326208362,-0.028015762225028107,0.06930410556198363,0.4466147835983882,133.42204035955564,58,GAT_first_topk_perproduct
2803,per_chapter,1725040.758313679,3775466.1495402316,0.11033271786717946,0.12993568790748422,0.5411290322580646,129.77602540092354,31,GAT_first_topk_perproduct
2804,per_chapter,996460.4007885917,4228125.266243991,-0.043102868643808856,0.0819224950520685,0.3400492463412474,122.38057479282054,233,GAT_first_topk_perproduct
2805,per_chapter,433979.0817296227,1520114.8391832714,0.26793212995949844,0.3678209669014073,0.5880281690140845,125.3085592079197,71,GAT_first_topk_perproduct
2806,per_chapter,153512.17684766772,460980.8648809293,-0.08163793750623305,0.15247585166374822,0.32346723044397463,130.73717116378185,44,GAT_first_topk_perproduct
2809,per_chapter,3618523.474866205,10855681.242830032,-0.09073253141960458,0.041236159755565716,0.46047430830039526,150.19261750809358,45,GAT_first_topk_perproduct
2811,per_chapter,565786.1763547597,1543287.838034297,0.22625376669202935,0.14541824152357707,0.3731038650311896,119.86875769876966,145,GAT_first_topk_perproduct
2812,per_chapter,501187.2092442063,1312290.947234681,-0.3989939625665275,-0.008062994614762786,0.39631226179893525,131.87260994619407,67,GAT_first_topk_perproduct
2814,per_chapter,1637432.557398153,3761910.101580839,-0.05066865119513486,-0.08776369692901143,0.35719457013574657,133.17273956468486,51,GAT_first_topk_perproduct
2815,per_chapter,829644.877856602,2407345.456018091,0.0038782605111117308,0.11461842771538433,0.44334774307710284,129.43768430934392,99,GAT_first_topk_perproduct
2816,per_chapter,230574.62527329053,559747.4032592209,-0.10883677674036907,0.29950546894814967,0.5436225699383593,127.45508164017065,37,GAT_first_topk_perproduct
2817,per_chapter,470169.76478432975,763150.9326473172,-0.49691626279404777,0.18734053066392442,0.732146829810901,101.42126812282623,30,GAT_first_topk_perproduct
2818,per_chapter,7156692.086524326,38215652.00853772,-0.036082215418656194,0.13530354062893413,0.4258884605107454,130.94545639236532,68,GAT_first_topk_perproduct
2820,per_chapter,349209.48211898614,698320.9762635337,-0.08930209686354629,0.3290193797384229,0.7058823529411765,124.37922933725855,33,GAT_first_topk_perproduct
2821,per_chapter,194730.68521446156,485646.7131545717,0.039215422586164284,0.22587197278141413,0.4404038211029092,111.04799650539184,48,GAT_first_topk_perproduct
2823,per_chapter,550917.5667626621,1653482.364336278,-7.243865929114655,-0.128390430667926,0.4887652947719689,123.33259835922729,30,GAT_first_topk_perproduct
2825,per_chapter,3711771.138864567,20309304.78281381,0.0119587507997172,0.26152578156581274,0.5361158669206207,126.08459456159189,146,GAT_first_topk_perproduct
2826,per_chapter,485421.5997329861,1117420.3564002228,0.12053798829956908,0.05241406538377413,0.31610023041474655,128.69793661908534,63,GAT_first_topk_perproduct
2827,per_chapter,410413.98187760066,1438067.0763969983,0.022147455474689437,0.16195786701075043,0.5479468090147673,120.20421749685694,235,GAT_first_topk_perproduct
2828,per_chapter,254168.87084968956,709876.3994102561,-0.05738369888995498,0.14449412576055176,0.2974861342066159,118.67684835795063,50,GAT_first_topk_perproduct
2829,per_chapter,528518.1447875294,2247714.982693809,-0.03956971538116294,0.14391870878900215,0.3367420814479638,140.06701559102027,51,GAT_first_topk_perproduct
2830,per_chapter,873147.3798161361,3293783.8892850885,0.004177970983494261,0.4487720583543544,0.7285425101214575,114.9463713401679,39,GAT_first_topk_perproduct
2831,per_chapter,70159.92370585466,206040.95599743648,0.4529181940757243,0.4163811551378289,0.49097593582887705,118.7039428080674,33,GAT_first_topk_perproduct
2832,per_chapter,77422.19681671451,191913.18706534195,-0.3185428393719003,0.15477135725136248,0.4501173821750154,111.34989735815853,68,GAT_first_topk_perproduct
2833,per_chapter,3577826.886647851,50133041.33307127,-0.0048391464601797995,0.26976400768393904,0.48140595275281584,119.8799754296908,221,GAT_first_topk_perproduct
2834,per_chapter,345119.0551616516,1304105.9581231594,-0.05544431208568401,0.0644809046935596,0.2500355136770175,122.34056625195305,65,GAT_first_topk_perproduct
2835,per_chapter,230375.0375960247,578345.5971529051,0.12675902592618504,0.16261089384589067,0.44323371032425013,105.69627869916532,190,GAT_first_topk_perproduct
2836,per_chapter,6328343.396358318,66517842.348640524,-0.008724515315810866,0.2156752242820308,0.5416172420162918,124.07587771922077,191,GAT_first_topk_perproduct
2837,per_chapter,612070.2403018486,1742625.2992885588,0.21144548963301268,0.17824636930942828,0.5247760347991527,129.7298386602317,39,GAT_first_topk_perproduct
2839,per_chapter,138102.89447780035,339041.2351841162,-0.03164447475566079,0.13682603126643456,0.4829259430810955,121.86004856857795,80,GAT_first_topk_perproduct
2840,per_chapter,253487.58780632072,1086031.250418356,0.254149351903344,0.20928330875401857,0.47594862778611097,130.99347840146308,69,GAT_first_topk_perproduct
2841,per_chapter,1605910.4069313528,12445690.306879926,-0.015509230199749924,0.30973327179948584,0.6484510910838774,130.24487901342744,111,GAT_first_topk_perproduct
2842,per_chapter,2211297.926212167,12774589.067280035,-0.008869629660007927,0.32587230444714455,0.5939366515837103,111.38750929784858,51,GAT_first_topk_perproduct
2843,per_chapter,2504033.851174264,10928686.878441455,-0.03992558180561767,0.2387395694185115,0.6042524118607139,135.15083919193563,90,GAT_first_topk_perproduct
2844,per_chapter,15830580.057125594,74611645.18552546,-0.04692877144033125,0.09413446346734577,0.4171829339567505,135.00283144326082,59,GAT_first_topk_perproduct
2846,per_chapter,1454789.6656803817,3720081.9849684257,0.07733026638796148,0.5464458442190907,0.7322128851540617,132.20300173127654,35,GAT_first_topk_perproduct
2847,per_chapter,528682.5237847843,920968.7862619269,-1.6080991762248207,0.11069736071752179,0.3147942157953281,122.89697627230713,30,GAT_first_topk_perproduct
2849,per_chapter,489399.72381827765,1403830.812937399,0.25703675468023046,0.16843781056440532,0.4978151260504201,124.10550561249329,50,GAT_first_topk_perproduct
2853,per_chapter,2798270.136402568,11055059.69363625,-0.3080274959372622,0.1541845325078094,0.3827541827541828,145.76464392671497,36,GAT_first_topk_perproduct
2901,per_chapter,7075062.361121898,18191133.988284532,-0.03209873997575907,0.08980498671896686,0.5577636663734016,129.9712444028319,98,GAT_first_topk_perproduct
2902,per_chapter,8153324.096323832,40697124.63086833,0.018781813789321644,0.2112728945061142,0.5794290807470702,147.86149252645873,198,GAT_first_topk_perproduct
2903,per_chapter,854354.4013776561,5203620.049917886,-0.013093868832326105,0.2129132660050067,0.48917387970317444,125.66823302916181,312,GAT_first_topk_perproduct
2904,per_chapter,399326.54579039913,1178532.7665956677,0.055962013164705615,0.006185541412627726,0.38648592190047953,139.45583305623924,81,GAT_first_topk_perproduct
2905,per_chapter,820989.6277758414,3832456.5604531355,-0.014185935383912884,0.16552347460261618,0.5648192148956968,125.85391909604068,431,GAT_first_topk_perproduct
2906,per_chapter,401509.1145123125,2569794.2910323692,-0.004891795554869738,0.3294962003671551,0.621721451137782,114.91470029918864,121,GAT_first_topk_perproduct
2907,per_chapter,724530.607859317,2139140.5495762895,-0.04566879254431688,0.1547609866088142,0.5644896519797841,132.1422852289693,143,GAT_first_topk_perproduct
2908,per_chapter,941192.5451451672,2954025.427781235,-7.681680592975024,0.020247187271111078,0.6597787777385895,139.8955821003379,42,GAT_first_topk_perproduct
2909,per_chapter,1347982.4306757161,7523788.727821509,0.01104532493009458,0.14246059416941015,0.516576022436703,124.43949632215127,200,GAT_first_topk_perproduct
2910,per_chapter,1952908.0165163828,6212335.754649569,-0.0599164892102968,0.057688134576251326,0.4420329670329671,137.45419712008294,64,GAT_first_topk_perproduct
2912,per_chapter,160736.5952908019,502272.8597872903,0.10048916866187574,0.28602957613714564,0.5945266454021264,126.29524852556983,172,GAT_first_topk_perproduct
2914,per_chapter,325590.85554294026,996431.9649584867,0.014647193493695587,0.3371502362290355,0.6457581975591797,119.32967452343127,257,GAT_first_topk_perproduct
2915,per_chapter,576746.3478892505,2139097.5247392887,0.0687151465910566,0.16718127501356594,0.5422643513569313,115.91920098677377,327,GAT_first_topk_perproduct
2916,per_chapter,468768.72653423186,1332865.801148684,0.055902334395362296,0.3191287165414758,0.6477378357401371,116.41906863122557,217,GAT_first_topk_perproduct
2917,per_chapter,897727.117509174,5317396.682431406,0.07104369698545354,0.14301466378772398,0.5657203621432598,120.40573983910402,220,GAT_first_topk_perproduct
2918,per_chapter,400022.443848566,2153767.3607384744,0.00250987685977877,0.27886950496984164,0.5728928495385425,116.74054633753519,303,GAT_first_topk_perproduct
2920,per_chapter,340862.1553583851,681638.2114170741,0.11923908277986317,0.09518207678902313,0.33605580197738744,137.88867299642652,74,GAT_first_topk_perproduct
2921,per_chapter,809626.208190566,3590378.6632778947,0.012612075073105578,0.153862381858196,0.4996292585673034,128.2571276026461,271,GAT_first_topk_perproduct
2922,per_chapter,601807.7288372489,2172616.371895849,-0.012247259005068178,0.22236802543479206,0.4586324569102438,129.4361980445236,280,GAT_first_topk_perproduct
2923,per_chapter,390880.6896992804,1378594.5235162834,0.08235933344852486,0.09814617286137073,0.440944942598498,120.0494256497858,92,GAT_first_topk_perproduct
2924,per_chapter,754981.5645404097,2434976.5156321377,0.04360584753703778,0.15946335623621133,0.4802031543411182,132.8226759016193,90,GAT_first_topk_perproduct
2925,per_chapter,300301.47211147676,888197.078853052,0.05177804163475297,0.1902604367039189,0.46452744363870274,122.78822365299087,69,GAT_first_topk_perproduct
2926,per_chapter,1684493.1190306265,4602410.201082933,0.03427437004008427,0.2366726925576631,0.48824358710693205,142.44654500756823,57,GAT_first_topk_perproduct
2929,per_chapter,922707.1928535699,2307186.4874413675,0.19792530852989276,0.3132654888940536,0.5315448658649399,114.58133146973853,46,GAT_first_topk_perproduct
2930,per_chapter,935213.2769854105,2623414.146290085,-0.0036481162943911016,0.15602585026984794,0.4148909061952541,135.916154485188,91,GAT_first_topk_perproduct
2931,per_chapter,930348.780634529,3459263.179913324,-0.020862657489794545,0.1373572671235639,0.2860233723843079,133.41497456270756,96,GAT_first_topk_perproduct
2932,per_chapter,620707.0927725284,1931218.8382392663,-0.002929260109254539,0.25276545844733245,0.546849357499549,125.06446197450398,155,GAT_first_topk_perproduct
2933,per_chapter,4755241.53769093,32502517.137197845,-0.019276532590536632,0.17530273698882404,0.4744059457262003,132.59788346757068,368,GAT_first_topk_perproduct
2934,per_chapter,2750416.9228013316,9824253.59310879,-0.04980842335693736,0.12483966932267743,0.42033890958230247,134.20485183113243,94,GAT_first_topk_perproduct
2935,per_chapter,5211167.295763539,22355596.7344589,-0.04928305977347014,0.0843870341634535,0.2255170149906992,168.49527611467295,38,GAT_first_topk_perproduct
2936,per_chapter,282677.16622208676,744109.3848754973,0.32917873714929446,0.34855099753181107,0.5825923417269878,113.58549940718443,240,GAT_first_topk_perproduct
2937,per_chapter,12832321.132066369,109373151.2143894,-0.011203150403818585,0.3257736056302788,0.5609569133419601,123.86388449362993,156,GAT_first_topk_perproduct
2938,per_chapter,687277.0935280571,2156364.7406145227,0.05233721569291394,0.26304067413253274,0.6405253283302065,113.18252523371098,40,GAT_first_topk_perproduct
2939,per_chapter,208990.4980784058,711706.6487121148,-0.055334418661613816,0.08595248368007247,0.29974066001389255,131.84203521229415,167,GAT_first_topk_perproduct
2941,per_chapter,889566.582532281,2726764.6552342293,0.07637398545536755,0.26156940748199264,0.4457958380202475,124.29469746585431,127,GAT_first_topk_perproduct
3001,per_chapter,2360473.092818213,6505863.012926087,-0.10487062094785116,0.4531562387407091,0.6397355265279794,135.80239055752722,53,GAT_first_topk_perproduct
3002,per_chapter,14106351.38782369,51061168.79998657,0.019743843114406023,0.4052673817585679,0.656257746177819,132.72902275750567,218,GAT_first_topk_perproduct
3003,per_chapter,4607244.982388085,40492346.94056859,-0.012914978618183026,0.11304618400259525,0.39587359438197256,136.84353109330652,150,GAT_first_topk_perproduct
3004,per_chapter,5521088.884726819,22747203.15659346,-0.018097144977036184,0.23469045944378408,0.47736323187966523,125.0390020920791,341,GAT_first_topk_perproduct
3005,per_chapter,725779.7251027471,1915364.8488885672,-0.32509369975804603,0.26582079714470264,0.5749413797359004,106.6748381404105,73,GAT_first_topk_perproduct
3006,per_chapter,796088.8356753166,2398826.8451100723,-0.0192297061995923,0.24613217416685462,0.52567755594127,121.14228141637746,228,GAT_first_topk_perproduct
3101,per_chapter,405577.9659388011,633852.6869573618,0.14254770899852298,0.11950418675793817,0.4783804430863254,128.48634096955993,34,GAT_first_topk_perproduct
3102,per_chapter,2302499.1435015653,8050241.74764425,-0.05420976596446381,0.010096446000709802,0.28318832632715163,130.30059562211454,180,GAT_first_topk_perproduct
3103,per_chapter,83472779.10644855,420776026.3386464,-4525.960870892229,0.16048386381166369,0.5980534448902928,122.41917443254124,52,GAT_first_topk_perproduct
3104,per_chapter,1207898.097879861,4424126.803390881,-0.009599771153864012,0.09352861810931823,0.45134963329580213,109.6272797492516,76,GAT_first_topk_perproduct
3105,per_chapter,1891809.1797739237,6542804.755951135,0.00858061838000912,-0.0025491880024128832,0.3374496655354489,120.15595818828541,194,GAT_first_topk_perproduct
3201,per_chapter,168919.0954649737,589480.0246649461,-0.07234896829034976,-0.4954003827151485,0.2332874159306377,95.05196578115991,42,GAT_first_topk_perproduct
3202,per_chapter,391223.966910718,1565461.9720077417,-34.82333430867934,0.2533650170374313,0.6806112866046273,116.2208745677758,52,GAT_first_topk_perproduct
3203,per_chapter,3879009.983004869,20759018.559126478,-492.3872540419866,0.2279659080981189,0.67001287001287,116.04175304070945,36,GAT_first_topk_perproduct
3204,per_chapter,283371.5229874704,801018.6830909909,0.23591135223908966,0.277453773418293,0.5912333606197084,112.65541528028791,291,GAT_first_topk_perproduct
3206,per_chapter,601436.7150931162,2568282.5363465482,-0.003378118312293843,0.1862746686554423,0.44451292109648693,112.3302980926889,180,GAT_first_topk_perproduct
3207,per_chapter,457875.98627852136,1652986.6260065164,-0.01962810976221263,0.020325906562611684,0.569638530193415,117.16958420944468,119,GAT_first_topk_perproduct
3208,per_chapter,864174.868030593,2291959.4872341733,-0.017848139537309793,0.17830396644522628,0.6054851167164088,97.94761644954245,114,GAT_first_topk_perproduct
3209,per_chapter,505776.6717525558,989255.1024767241,-0.0657532391897393,0.2846933604344746,0.5797224926971762,98.8254179412428,79,GAT_first_topk_perproduct
3210,per_chapter,145216.0996960962,272025.65693125705,0.13803288973419403,0.33837555017748355,0.6730769230769231,103.57890794515039,39,GAT_first_topk_perproduct
3212,per_chapter,259146.74692456372,639479.1392833322,-0.3052644062375107,0.19445366072035997,0.6403609831029187,96.81908928014529,63,GAT_first_topk_perproduct
3213,per_chapter,87278.25649286757,191959.81567070307,0.5353134201919155,0.29435238268685615,0.5520696995418947,105.31598140917147,61,GAT_first_topk_perproduct
3214,per_chapter,673435.9759186808,1540602.8980629728,-1.326304151629936,0.3473152739648251,0.6439521800281295,105.79310850763773,80,GAT_first_topk_perproduct
3215,per_chapter,726383.6213241003,1446198.0589244312,-0.5113588254477273,0.26282712121635776,0.511620291395236,114.304709227332,115,GAT_first_topk_perproduct
3301,per_chapter,316046.93030514027,1729051.2556593772,-0.012985044073249519,0.1969862728426781,0.4110058340057952,119.49155176127384,242,GAT_first_topk_perproduct
3302,per_chapter,2807292.228848113,11195482.126304645,-0.02551869323759126,0.3513314168764866,0.6658696671354899,114.73053661187585,80,GAT_first_topk_perproduct
3303,per_chapter,4165844.1998773175,9897524.08584805,-0.19755898329182275,0.33535292245128234,0.5716701902748413,113.83371334923231,44,GAT_first_topk_perproduct
3304,per_chapter,2988342.299700305,10584001.113477224,-0.11409576665998333,0.29446267554583194,0.662871054216672,125.41532307053969,197,GAT_first_topk_perproduct
3305,per_chapter,641167.3621339714,1430068.814391776,-0.07782720103249163,0.1606704068814725,0.4682300636951533,119.0304222450142,149,GAT_first_topk_perproduct
3306,per_chapter,429769.2555370579,1066603.6499642653,-0.11293213879003727,0.2713730249246582,0.5624559906113304,119.42511977889158,104,GAT_first_topk_perproduct
3307,per_chapter,438047.07146191754,1020523.7821248957,-0.014059751723303204,0.20916189503725624,0.5781241100243946,114.77463855577807,230,GAT_first_topk_perproduct
3401,per_chapter,675764.806335821,1655492.1180409295,-0.1343236564129564,0.3059967272404486,0.4755346731844512,109.25474726655071,164,GAT_first_topk_perproduct
3402,per_chapter,925061.2205333455,2114604.418171662,0.020957612900432854,0.22371299312243642,0.48066510827162545,110.16963599376015,215,GAT_first_topk_perproduct
3403,per_chapter,627288.0213214683,1944317.2502023668,0.07176649640465282,0.3963337993753141,0.6390205833577213,110.24022694614419,135,GAT_first_topk_perproduct
3404,per_chapter,330503.5570663134,656041.215601285,0.11040171963125811,0.26148161446111584,0.6428206140460309,119.2343218044154,59,GAT_first_topk_perproduct
3405,per_chapter,254708.98396054117,1188091.986885222,-0.03479173644331213,0.2605474778280914,0.6338395492211157,111.56931475037987,165,GAT_first_topk_perproduct
3406,per_chapter,434663.3633574886,998777.7114514823,0.25148075185395635,0.43255078815833026,0.6261243011101207,113.74932618186409,42,GAT_first_topk_perproduct
3407,per_chapter,358572.89929513773,1403800.5455759596,-5.044648566976301,0.509977833636347,0.6975546975546977,104.59573017659913,36,GAT_first_topk_perproduct
3501,per_chapter,1688375.155803254,5635931.925596444,-0.041442472053809354,0.1235216923025031,0.38753799392097266,121.05024477598126,48,GAT_first_topk_perproduct
3502,per_chapter,750606.4184914558,1924165.864270889,-0.03984532208142655,0.14026294261287775,0.4314910254605043,115.72177389252323,74,GAT_first_topk_perproduct
3503,per_chapter,866656.2281577024,1840417.8379419534,-0.198267561812703,0.15443839151277694,0.5523809523809524,128.86158494655845,35,GAT_first_topk_perproduct
3505,per_chapter,456720.224422081,1047474.3312228813,0.06332152305257521,0.1478034919287372,0.425743006993007,124.79526589764191,65,GAT_first_topk_perproduct
3506,per_chapter,601881.9772660526,1506697.502533834,0.036801436840745105,0.49638920609171966,0.6720119452739772,109.53385616449889,120,GAT_first_topk_perproduct
3507,per_chapter,1156571.0931450382,2863017.1148122577,-0.07381239289973363,0.11406888932676973,0.3806066891366347,127.28397949008084,57,GAT_first_topk_perproduct
3604,per_chapter,670216.6116828031,2378445.8416858776,0.08402783314898177,0.26346901117786303,0.5216599190283401,122.66732163126674,39,GAT_first_topk_perproduct
3606,per_chapter,164784.38882110652,322724.6252217415,-0.24586067327569672,0.18269219784173785,0.4132052821128451,130.05081028459838,50,GAT_first_topk_perproduct
3701,per_chapter,552046.4146158202,1868572.7501822272,-0.04600310126111862,0.27209075304377606,0.6018323665910772,124.36109706518647,119,GAT_first_topk_perproduct
3702,per_chapter,474799.07162962994,2411104.6438466893,-0.03220274082380281,0.19072665187124083,0.47889563246614053,115.3859841089856,202,GAT_first_topk_perproduct
3703,per_chapter,116748.33346262974,388828.58458764723,-0.09640939975413376,0.2902522075030902,0.5977106227106226,128.58297289040078,64,GAT_first_topk_perproduct
3707,per_chapter,2024548.3072896246,11364022.58513767,-0.012847447838218118,0.40850716699839584,0.6037723619393311,111.53173198814123,57,GAT_first_topk_perproduct
3801,per_chapter,857510.4867740164,2679475.181661643,0.1438230292323741,0.3784272595224405,0.6173534474030576,123.07783080046872,84,GAT_first_topk_perproduct
3802,per_chapter,398667.18794090545,902816.6659251134,0.20477341983123576,0.2710454578000223,0.65260989010989,113.71030177467965,64,GAT_first_topk_perproduct
3805,per_chapter,197968.3074929238,726809.129682972,0.26996513102998254,-0.018624122043419566,0.4167925098157656,128.14804813387462,43,GAT_first_topk_perproduct
3806,per_chapter,206746.769694212,501535.52809086116,0.02791451918791399,0.4065107294496447,0.7108922621251386,107.52968467345553,74,GAT_first_topk_perproduct
3808,per_chapter,1062235.8962853253,3134448.331913052,-0.011677290626658232,0.15889944065632433,0.3797220592519442,121.89400422833172,281,GAT_first_topk_perproduct
3809,per_chapter,291523.5114496648,546739.1267019559,-0.011754533707281078,0.16191298438591095,0.530036856341018,110.0255990598018,105,GAT_first_topk_perproduct
3810,per_chapter,500008.1484419865,1432598.746299441,-1.3039780444392957,0.4146068421921988,0.6924923195084486,113.35982789245342,63,GAT_first_topk_perproduct
3811,per_chapter,1463048.9199622353,5213477.406176434,-0.013046645316578287,0.16490461932479505,0.4660255321223359,126.65785762913038,127,GAT_first_topk_perproduct
3812,per_chapter,753670.6421953614,3192775.4752698727,-0.0321913638575404,0.27018990479375815,0.6096477817737356,121.99624467281474,101,GAT_first_topk_perproduct
3814,per_chapter,316372.75593895756,463165.30693570996,0.15929558675670796,0.09306894730853699,0.556844293686399,108.73712085888255,38,GAT_first_topk_perproduct
3815,per_chapter,2135404.923031572,5359733.466725236,0.14653984732365444,0.2664035140917881,0.6230848840612794,115.69220004107595,104,GAT_first_topk_perproduct
3816,per_chapter,873534.8337359552,2757264.2756399023,-0.06000809126115603,0.18942511228343906,0.5196775723091512,110.52840440350312,37,GAT_first_topk_perproduct
3819,per_chapter,175462.44941854302,402913.8293442154,-0.6813764453498306,0.22021836614116486,0.6464476699770817,103.83688358414938,34,GAT_first_topk_perproduct
3820,per_chapter,361233.4985289112,1131082.1242270728,-10.256927076597206,0.23579998102312105,0.5297078454973191,109.18819571896896,38,GAT_first_topk_perproduct
3821,per_chapter,1917821.8005633075,7181558.118240102,-20.2286225203899,0.2744851832552705,0.655309396485867,111.83560162365941,34,GAT_first_topk_perproduct
3822,per_chapter,3821035.702738115,7997995.349444244,0.41669734560650373,0.5483188912707659,0.7043554006968642,106.56361457045571,41,GAT_first_topk_perproduct
3823,per_chapter,945525.9334558083,2446367.135415281,-0.09364457043044871,-0.07408627908579035,0.29623621724346294,131.49008322727852,125,GAT_first_topk_perproduct
3824,per_chapter,1049495.8628262742,6412973.553126891,-0.005078333274617153,0.056957538313727074,0.23389203324132027,131.2688088558764,333,GAT_first_topk_perproduct
3825,per_chapter,114878.4967251989,422885.20533170545,-0.07388135155460485,0.04210534118255793,0.20715098411002936,130.30045185297755,93,GAT_first_topk_perproduct
3901,per_chapter,3245748.236086528,7998644.736206594,-0.12030065401832979,0.251430748340313,0.5967820688438094,111.97829517169336,167,GAT_first_topk_perproduct
3902,per_chapter,2128431.12913893,4867316.809162999,0.027075804083102284,0.27137821853775856,0.5561406280762686,111.74203407278694,123,GAT_first_topk_perproduct
3903,per_chapter,1147611.2834419298,2349294.005319968,0.021025756834833875,0.1749360866224977,0.5933240884108288,119.69356348664068,150,GAT_first_topk_perproduct
3904,per_chapter,1345034.984237923,3958417.339432482,-0.03150820353430284,0.21847915422866293,0.4833808900540651,128.1697816746516,209,GAT_first_topk_perproduct
3905,per_chapter,535144.32196345,1472680.3264639303,-0.002905299989240273,0.04782726817141836,0.44468390966459853,123.1182813830008,175,GAT_first_topk_perproduct
3906,per_chapter,1636306.1119103509,3480099.4758964605,0.12883412822918183,0.2106510554233474,0.5209891465840699,116.11197455550968,62,GAT_first_topk_perproduct
3907,per_chapter,1569796.806145298,3525264.8857380725,0.21783066157599784,0.04188239621664602,0.4496470620228358,117.78643385559606,310,GAT_first_topk_perproduct
3908,per_chapter,3981712.7873872994,10221306.248083897,-3.5400223501401697,0.28611958718987895,0.6381648158971363,117.08533782588684,59,GAT_first_topk_perproduct
3909,per_chapter,1115442.6470843013,2659299.9232538934,-0.10843170399085378,0.11034020335808259,0.5898023586144285,121.92673616146746,162,GAT_first_topk_perproduct
3910,per_chapter,2054310.145022093,6575238.008287843,-2.1833381338057998,0.436954657220738,0.6714821763602252,107.28743116877276,40,GAT_first_topk_perproduct
3911,per_chapter,967182.7763079406,2111816.2814698536,0.28728864075362825,0.3647115686192287,0.637950937950938,117.95057868817787,55,GAT_first_topk_perproduct
3912,per_chapter,585802.6083694191,1819384.0355795037,0.10781681075276461,0.2639717492088349,0.5012552876810613,108.48801876457289,143,GAT_first_topk_perproduct
3913,per_chapter,532657.1153232986,1415313.0850435828,0.12087148658769942,0.29885417462724617,0.6469406274306457,108.91158199422155,57,GAT_first_topk_perproduct
3914,per_chapter,665704.8331409546,1148642.3706492127,0.29167035528469265,0.3628789834990046,0.6548387096774194,111.52158359186781,31,GAT_first_topk_perproduct
3915,per_chapter,618494.8515385971,1282526.7283910187,-0.13441070347389372,0.08177788415340337,0.39414950028303847,106.84806521593775,107,GAT_first_topk_perproduct
3916,per_chapter,352232.04630253563,830891.5399918497,-0.06934519667730488,0.26854974490060723,0.5155255115928792,118.3344149797696,103,GAT_first_topk_perproduct
3917,per_chapter,509759.42052467813,1322767.2343933296,0.08109268506457445,0.27385450051337534,0.5359434817252768,106.29649978348503,364,GAT_first_topk_perproduct
3918,per_chapter,879687.3643096194,4014596.8075556033,0.2588742065028514,0.2769520145610612,0.4567054500918554,116.00630975078244,70,GAT_first_topk_perproduct
3919,per_chapter,2295557.748897212,7018027.535656188,-0.6690043624159734,0.4897736839525815,0.7179011139339456,113.2344792093932,85,GAT_first_topk_perproduct
3920,per_chapter,951702.0439980548,3489494.130962316,0.05060453943175314,0.1642924802007094,0.4751643600256895,122.60725707444816,552,GAT_first_topk_perproduct
3921,per_chapter,873195.1639801024,2335391.1581370006,0.10428019280330325,0.20004223330531523,0.479017676726377,121.80647841774113,208,GAT_first_topk_perproduct
3922,per_chapter,255924.50520615515,573522.8314148098,0.25634500611656863,0.3322589765834716,0.5135137298244162,113.6935549533815,104,GAT_first_topk_perproduct
3923,per_chapter,905584.005967758,1902166.6111338038,0.5020164909914111,0.2742997328420551,0.5836856800442696,107.09441653300277,292,GAT_first_topk_perproduct
3924,per_chapter,875671.0620988915,2733956.477400813,0.898011523762964,0.46718441256824705,0.67263339070568,94.74073680654381,84,GAT_first_topk_perproduct
3925,per_chapter,719224.9043664909,3154836.3458224703,0.011884313050679163,0.18921946703853365,0.5149657821118678,113.38785845205712,156,GAT_first_topk_perproduct
3926,per_chapter,1889808.0553719187,11111797.431878196,0.07532565063572716,0.4724321570673957,0.66211163745609,105.09147853444294,197,GAT_first_topk_perproduct
4001,per_chapter,779355.3752529577,3195333.8804802746,-0.039015867914110824,0.059925922817685384,0.350586110370946,132.81180873116804,100,GAT_first_topk_perproduct
4002,per_chapter,906886.8283314009,2443353.9037793507,0.0009309931133723026,0.22803624070469164,0.5993829037503924,123.03358827348269,268,GAT_first_topk_perproduct
4004,per_chapter,205667.96187267153,410311.62609155383,0.0008577866903828335,0.18750203006939625,0.49299719887955185,93.59059265182641,35,GAT_first_topk_perproduct
4005,per_chapter,420559.89591405046,889995.074670437,-0.30957150130040545,0.23771352628046527,0.6156701664982649,119.1625850683637,103,GAT_first_topk_perproduct
4006,per_chapter,70681.17047219264,139841.5659390237,0.10820733149144235,0.2687181273339313,0.6756871035940804,106.02770484077324,44,GAT_first_topk_perproduct
4008,per_chapter,184884.04568643487,387204.14196575654,0.04020279324193854,0.11163902529411152,0.5969524193433198,111.60756838525397,133,GAT_first_topk_perproduct
4009,per_chapter,161818.0827571259,394548.79211353406,0.1835115216688099,0.3285905294113646,0.6375957018848254,108.08493336713678,280,GAT_first_topk_perproduct
4010,per_chapter,148214.25525293214,420640.6856587567,0.05448185893817059,0.2247131052037432,0.541542082882997,118.91313095738295,308,GAT_first_topk_perproduct
4011,per_chapter,1744142.9780736943,5862388.551103645,0.05942253957596344,0.15569216023177135,0.523686082280088,126.12124008198565,260,GAT_first_topk_perproduct
4012,per_chapter,161215.35624442127,505716.61735586135,-0.05547940222374592,0.19280752536876455,0.5685230458502498,123.00405915375909,140,GAT_first_topk_perproduct
4013,per_chapter,80834.2317345579,232620.17644028898,0.36584861636009225,0.1747073669054433,0.5583515981199967,116.77129667159274,80,GAT_first_topk_perproduct
4014,per_chapter,502202.585830069,1771593.8267650981,-18.56868929908513,0.14947937172693804,0.6374933897408778,116.16511921521841,61,GAT_first_topk_perproduct
4015,per_chapter,315928.6320451121,1085997.7560636518,0.024582321467700008,0.19497901811655416,0.4881551780893676,112.23808517796199,101,GAT_first_topk_perproduct
4016,per_chapter,422399.2927734983,1226481.5983409793,0.11245283013424534,0.28886032212765533,0.5584496821655126,119.64355891313426,247,GAT_first_topk_perproduct
4017,per_chapter,81953.86023667007,270420.4951852638,-0.05744296746502919,0.23257259114061135,0.5681818181818181,95.46763664782762,32,GAT_first_topk_perproduct
4101,per_chapter,1865962.6570400398,5179888.294645517,-0.044704358876321626,0.1441024593074629,0.3624991960897807,126.03255088251552,72,GAT_first_topk_perproduct
4102,per_chapter,339320.07951768383,802713.2281167341,-0.13978852334025493,0.12510427733329088,0.36871135397179516,128.32977631162032,33,GAT_first_topk_perproduct
4103,per_chapter,1027525.8294397565,2925266.37827084,-0.00041857655251642534,0.22320561738197509,0.4535014005602241,127.67631784562268,35,GAT_first_topk_perproduct
4104,per_chapter,1034607.7868193298,2411562.9393206523,-0.10702950978593329,0.059799152412346235,0.2746550279961127,136.10214278220766,96,GAT_first_topk_perproduct
4106,per_chapter,280492.8401042548,869894.694493469,-0.10059788262614,-0.17463733812683846,0.2856998956948361,123.38463115799665,62,GAT_first_topk_perproduct
4107,per_chapter,719041.5868200583,1735694.2978923065,-0.17467133402004564,0.2037373607962315,0.46620927810037766,117.19140598148687,158,GAT_first_topk_perproduct
4113,per_chapter,474575.2332833268,1153619.9396254711,-1.2069484697588448,0.03146812081506445,0.3983266124101453,118.05378091863584,71,GAT_first_topk_perproduct
4114,per_chapter,244982.36762713036,644057.7745873604,-0.062120864218721206,-0.0656216894907431,0.1842985842985843,126.13406112337206,36,GAT_first_topk_perproduct
4115,per_chapter,83349.73175937602,242425.00070569455,-0.06260501737397672,0.2169746578312225,0.4122110283858399,133.37429012282678,37,GAT_first_topk_perproduct
4201,per_chapter,337875.72771064483,728587.5658462743,0.6929444464387016,0.13940426496829794,0.45814640551482655,111.00407205746659,38,GAT_first_topk_perproduct
4202,per_chapter,1301707.401035436,7167588.931337825,0.02021235297179691,0.31872640205786984,0.5973360293808253,118.12332850048786,478,GAT_first_topk_perproduct
4203,per_chapter,299195.56098019343,900818.9997166867,-0.05131680149021012,0.21728903751542195,0.6078810705533504,114.73372381987899,190,GAT_first_topk_perproduct
4205,per_chapter,1450807.2629598796,6617926.659216411,-0.04806255523211078,0.278785476453527,0.6513138024765931,120.5978543127066,43,GAT_first_topk_perproduct
4301,per_chapter,1265206.6396188391,5708170.228847703,-0.048911217006730734,0.05488983352299437,0.19552139037433156,132.5088624161833,33,GAT_first_topk_perproduct
4302,per_chapter,154467.52244992534,531821.7625134798,0.0014316906931862716,0.09908252843013421,0.37527612223852574,115.02411213331038,60,GAT_first_topk_perproduct
4303,per_chapter,477138.3099012007,2347362.5628779638,0.004884432398328364,0.3042481114673026,0.6392443377518005,103.11872191970173,66,GAT_first_topk_perproduct
4401,per_chapter,1338689.492071528,4855258.200345875,-0.05637883030977875,0.22725913912628082,0.4617797054105466,122.14689341652117,150,GAT_first_topk_perproduct
4402,per_chapter,449453.18172062037,1382195.7354449383,-0.08909160503190261,0.05465699340618535,0.20739470173432437,133.00487771348813,54,GAT_first_topk_perproduct
4403,per_chapter,1990432.23813542,10686617.150988694,-0.029162079549519326,0.07534463340766961,0.29665657316556965,133.71858173870248,263,GAT_first_topk_perproduct
4404,per_chapter,135731.51960371982,359287.91561659885,-0.13750309090962243,0.21747499935448789,0.514655986289565,129.00135020978394,49,GAT_first_topk_perproduct
4406,per_chapter,270924.44693350524,643310.9804232003,-0.031494767107694166,0.08035946454032894,0.36397058823529416,110.1322578673837,33,GAT_first_topk_perproduct
4407,per_chapter,941222.0072184508,3854721.2006878895,-0.0407778438103652,0.04196779950603047,0.22873391280576802,125.87698267166374,301,GAT_first_topk_perproduct
4408,per_chapter,471056.2745762553,1277171.0277938456,-0.11802769828108572,0.052603156192161604,0.332213783669041,123.38070493730558,86,GAT_first_topk_perproduct
4409,per_chapter,628848.689001304,2787566.4317796724,-0.042927686995115844,0.14210204551961592,0.4225263711456775,117.74431528730638,102,GAT_first_topk_perproduct
4410,per_chapter,680537.0144892387,1545715.6322898858,-0.20064687747120558,0.18027348377774266,0.4550312756120652,139.19427675494427,107,GAT_first_topk_perproduct
4411,per_chapter,886201.4096686813,3174975.451211521,-0.06145635944422678,0.10559516156281468,0.3739398578396243,130.81819621711048,158,GAT_first_topk_perproduct
4412,per_chapter,639547.7306738744,2194526.387135484,-0.024900715303651788,0.1322035889874441,0.46149934223830225,120.57985486520097,178,GAT_first_topk_perproduct
4413,per_chapter,160263.1665954638,337858.1867361896,-0.167187353840633,0.2127456922442449,0.6987764182424916,114.62294370323127,30,GAT_first_topk_perproduct
4414,per_chapter,151092.1729057251,541609.4869032071,0.39126308400845133,0.1428785470677466,0.5626769626769628,106.78293242295389,36,GAT_first_topk_perproduct
4415,per_chapter,346795.6851870545,789290.8706837883,-0.05246821463601781,0.10575015720678071,0.5009694445235711,107.21907419122351,77,GAT_first_topk_perproduct
4416,per_chapter,382986.17062121764,1160144.8914282797,-0.05210639677451945,0.011701840698753574,0.21858288770053477,123.36991997400762,33,GAT_first_topk_perproduct
4417,per_chapter,110116.23718416113,255960.8132617467,0.109225476317655,0.31494121806021724,0.6767507002801122,118.97655498769501,35,GAT_first_topk_perproduct
4418,per_chapter,383274.971529436,1261112.1045679676,-0.0717426330690587,0.17339761000499965,0.46134382073920654,110.79445919589202,267,GAT_first_topk_perproduct
4419,per_chapter,109236.76371923112,534275.0879395723,0.11630727762691462,0.3288629612690852,0.504644909028137,106.5854145504533,131,GAT_first_topk_perproduct
4420,per_chapter,142487.54875173402,506607.711445216,0.7016366544618555,0.42614318541705887,0.6323186344238975,99.34985760365686,75,GAT_first_topk_perproduct
4421,per_chapter,364441.1638546943,2114295.340886161,0.06741155548365574,0.21332106122043248,0.5066653075084854,123.8344512471506,109,GAT_first_topk_perproduct
4501,per_chapter,24638.78963084051,56241.46783042773,0.06454384602740226,-0.0792926428758578,0.14482758620689654,105.4602854423887,30,GAT_first_topk_perproduct
4503,per_chapter,112500.20049431268,409663.52237176546,-0.07664021925114772,0.0020581392180023528,0.3457863145258103,127.04310910015721,50,GAT_first_topk_perproduct
4504,per_chapter,132784.6239001526,577483.6606871752,-0.04593267964759473,0.2190488460364759,0.6450678733031674,109.50234940101653,51,GAT_first_topk_perproduct
4601,per_chapter,43561.86061759022,150517.65691233228,0.2916868180911334,0.329606835229849,0.5731967677746749,115.44447270152311,152,GAT_first_topk_perproduct
4602,per_chapter,117599.2334309448,622556.7057716618,0.12613931539608292,0.3030770955391352,0.6478707331674396,108.42949042622445,135,GAT_first_topk_perproduct
4703,per_chapter,7169451.4883835185,16005668.758718695,-0.19776504994870514,0.004094700111159533,0.14906473784419638,126.9374900484016,55,GAT_first_topk_perproduct
4706,per_chapter,1219243.2039743033,5815974.631352772,-0.044445173757347245,0.1846011220982926,0.43961393684767053,134.02472922858132,86,GAT_first_topk_perproduct
4707,per_chapter,1189774.985893108,3514470.8557140855,0.19081503187830196,0.20554967744998165,0.5919005577248571,89.70887602271492,113,GAT_first_topk_perproduct
4801,per_chapter,472527.2292799161,1069136.3852512897,-0.7773738624386619,0.19801729801915047,0.5114571746384872,116.79894924677245,30,GAT_first_topk_perproduct
4802,per_chapter,300792.36303765135,939043.5532215037,-0.01855560593405281,0.1822937652757166,0.5019448697712497,125.64263821904547,313,GAT_first_topk_perproduct
4803,per_chapter,944083.0014345922,1914779.3787776874,-0.14799849836775625,0.12038910816540893,0.4626641651031896,125.36489179872639,40,GAT_first_topk_perproduct
4804,per_chapter,462588.73402879137,1569813.2845674907,0.03509964162042245,0.1840584130913273,0.4555085171170379,121.10416942880622,243,GAT_first_topk_perproduct
4805,per_chapter,730456.9584482581,1888159.64923744,-0.07234824792975636,0.048134753282718545,0.34537556049322904,133.64548547518626,255,GAT_first_topk_perproduct
4806,per_chapter,187037.60426620956,575896.8134337466,0.014831374337112346,0.25832528029674984,0.555397582384031,116.48194933987187,98,GAT_first_topk_perproduct
4807,per_chapter,286493.67030241544,717205.1808790882,-0.8567920127830451,-0.07613981305981343,0.5412680756395996,110.51061370891087,30,GAT_first_topk_perproduct
4808,per_chapter,200296.37149326998,421601.37883568223,-0.15722263177744744,0.1305840008607756,0.4594999203694856,126.28130028743902,91,GAT_first_topk_perproduct
4809,per_chapter,91612.6086063142,198214.33507104954,0.37611592948452033,0.315877738825727,0.4958223162347962,110.56195670380389,61,GAT_first_topk_perproduct
4810,per_chapter,624653.6223903596,1625656.8702119533,0.04981071815867277,0.07352013602059881,0.5659111995488402,124.6270428298796,258,GAT_first_topk_perproduct
4811,per_chapter,658275.6680089165,2040936.2797710209,0.03851052034923097,0.139038816915648,0.49395001297535585,126.09406387886351,225,GAT_first_topk_perproduct
4813,per_chapter,345902.2200178702,652758.9767566654,-0.1629284955204089,0.04423173456137208,0.40899697317607775,126.39278467547834,66,GAT_first_topk_perproduct
4814,per_chapter,171232.97787497137,482684.17957292043,0.0753493169795948,0.16594640791411142,0.6020604395604395,112.01362084906528,64,GAT_first_topk_perproduct
4816,per_chapter,201882.7462478302,598421.1262119729,-9.683644495381339,-0.16256213060599967,0.49709724238026126,115.65772697338907,53,GAT_first_topk_perproduct
4817,per_chapter,65989.3717511765,154982.78801804123,0.3171040718868481,0.32112067069242145,0.5829804218429027,105.9943942677562,105,GAT_first_topk_perproduct
4818,per_chapter,631911.7114451798,1812344.5509001531,-0.03897668492170614,0.22008710972520296,0.47306987231093356,124.80013343754696,186,GAT_first_topk_perproduct
4819,per_chapter,719986.6139984459,1745449.2375458342,0.042377138182094876,0.1993833362293984,0.5260213185094145,119.99022273879547,243,GAT_first_topk_perproduct
4820,per_chapter,139014.1185272479,769014.2221652727,0.0740221163806628,0.21523400345722354,0.5333106211051669,119.51885286152257,212,GAT_first_topk_perproduct
4821,per_chapter,285928.77915657405,719556.7413593574,0.4368553789704487,0.2463542863450614,0.5802625410220348,100.90841172777682,80,GAT_first_topk_perproduct
4822,per_chapter,135505.25908828445,317797.5644084301,-0.04336326279337066,-0.019069611441795198,0.37914999047074516,128.8666766951577,54,GAT_first_topk_perproduct
4823,per_chapter,340062.59363242204,1242873.685104897,0.2551440733228507,0.18428240284198016,0.42028389837925767,119.36976119493244,200,GAT_first_topk_perproduct
4901,per_chapter,500204.9651621178,1320127.1295929628,0.027656979653329583,0.18355535607654994,0.5188873610891959,119.43685348683543,110,GAT_first_topk_perproduct
4902,per_chapter,201284.9306841157,455592.900117867,-0.1523808556409576,0.06619363377806864,0.4014252977764347,140.65818727242254,62,GAT_first_topk_perproduct
4903,per_chapter,279179.4381393211,932971.685237272,-0.07929527191062813,0.3929142799822256,0.7018716577540107,103.15767031312623,33,GAT_first_topk_perproduct
4905,per_chapter,43558.96732759032,163629.84414413144,-0.029876852254460795,0.3741173566628243,0.5668489405331512,114.63199482960711,56,GAT_first_topk_perproduct
4906,per_chapter,101594.90334072625,369820.47087645455,-0.0758189616115601,0.3267435834254334,0.5244480317004273,112.4196343257012,31,GAT_first_topk_perproduct
4907,per_chapter,2639743.1041115406,12431072.987742407,-0.04112548933580662,0.3227141858629238,0.6608870967741937,112.56483453205479,31,GAT_first_topk_perproduct
4908,per_chapter,129094.03255210945,427007.41043375235,0.19673244461037076,0.4190025613022419,0.5982035743947831,104.96430207288523,58,GAT_first_topk_perproduct
4909,per_chapter,130917.05700393449,389047.49266046804,0.4018921100711569,0.310983030938352,0.6136960600375236,114.88541813693516,40,GAT_first_topk_perproduct
4910,per_chapter,55721.72906371982,162784.27195445413,0.3138200354952103,0.4195556078456084,0.6791771528613634,107.0274084725406,38,GAT_first_topk_perproduct
4911,per_chapter,428237.5866328404,1297932.4903450264,0.11010201390590713,0.23546491658975155,0.5518955453149,115.61869129558455,125,GAT_first_topk_perproduct
5007,per_chapter,214975.41539347678,692988.343324655,-0.008435986551424302,0.22168398759633678,0.523746845649238,125.20624458409637,71,GAT_first_topk_perproduct
5101,per_chapter,3526714.9771849373,25654586.49563385,-215.57736573887215,0.034324379370607394,0.3519576205588574,129.77563436091202,77,GAT_first_topk_perproduct
5102,per_chapter,307444.47618925595,829716.0280219993,-0.16931287731228983,-0.02349152787139297,0.43437738731856373,131.2469769067406,34,GAT_first_topk_perproduct
5105,per_chapter,754335.180990765,3318202.516600225,-0.03836992453034482,0.07215314531529071,0.303060476966961,136.2367122514815,75,GAT_first_topk_perproduct
5106,per_chapter,418012.0408903663,890102.1709640728,-1.0672313375067857,0.09154780829212839,0.34960061275850746,132.53775790567957,38,GAT_first_topk_perproduct
5107,per_chapter,909475.7740073319,2922724.212978052,-7.419758273490263,0.299528377655244,0.6853959222380275,118.00061386735692,37,GAT_first_topk_perproduct
5108,per_chapter,932177.1544447255,2954380.0560388537,-3.443679522902057,0.3920318821085872,0.6133021390374331,113.77647053718995,33,GAT_first_topk_perproduct
5109,per_chapter,69162.26909810373,133579.53601734983,-0.31980833449179014,0.14171458892589472,0.4771838334122887,106.49841481030175,44,GAT_first_topk_perproduct
5111,per_chapter,153030.226372613,334959.4588503754,0.010632884802317166,0.1667328637060772,0.4175101663971294,111.79822172816012,97,GAT_first_topk_perproduct
5112,per_chapter,297952.267021254,827482.2576377436,-0.05022321316368039,0.20528494298976063,0.477096333319781,107.94193524142241,99,GAT_first_topk_perproduct
5201,per_chapter,5638970.985340245,18588761.912506387,0.07718385081870427,0.29000677955705567,0.4640762463343108,141.14155058116225,32,GAT_first_topk_perproduct
5202,per_chapter,190134.52096045812,519091.57523053605,-0.102304843332504,0.11251599294992343,0.40345661189822657,116.40859641917484,60,GAT_first_topk_perproduct
5204,per_chapter,32500.185040435823,70395.25018234945,-0.9454997687703159,0.18109139101671212,0.4344646113695909,124.0229607405904,80,GAT_first_topk_perproduct
5205,per_chapter,1017536.0722522291,4732786.799267706,-0.032030219126074844,0.26383416017501793,0.5471525673281217,129.3163829011077,361,GAT_first_topk_perproduct
5206,per_chapter,290440.10145838244,908831.3571211622,-0.06741038322773463,0.30430483985160417,0.5856097044639567,123.03577580106524,224,GAT_first_topk_perproduct
5207,per_chapter,80836.19022230488,157777.28926511662,-0.4154776480696747,0.03740180994533038,0.35874669171006573,136.30068420083566,52,GAT_first_topk_perproduct
5208,per_chapter,261338.71365408515,913992.2115225245,0.07824405701374348,0.24402348356975534,0.4782089473419939,115.68197438057308,444,GAT_first_topk_perproduct
5209,per_chapter,172398.8841424563,536179.9363483766,0.018679956919231633,0.22747676554082064,0.5345306510106987,116.49417272322395,349,GAT_first_topk_perproduct
5210,per_chapter,90404.55210208832,237854.1644217947,0.24519757296640787,0.2109534773650995,0.4543501200754619,112.15574118686726,214,GAT_first_topk_perproduct
5211,per_chapter,158730.72076769578,606574.2372407635,0.05845747582353544,0.2858495578661556,0.5303137149865631,117.16246995423936,257,GAT_first_topk_perproduct
5212,per_chapter,55560.21332872021,123837.63250995887,-0.01860946308979461,0.2113501289437535,0.4941879130294137,115.46996395392675,197,GAT_first_topk_perproduct
5301,per_chapter,2042869.664225522,7077195.442934899,-0.07675753673640706,0.25650990156365583,0.5693363701655598,138.278135666075,49,GAT_first_topk_perproduct
5303,per_chapter,31962.241036466337,78060.38038081702,-0.12831799000889443,0.3593006261086883,0.6748663101604278,109.4249322206108,34,GAT_first_topk_perproduct
5306,per_chapter,321712.02964711864,967927.4551729457,-0.08258162746560882,0.19023957904523237,0.4404006883440225,134.18451620094055,37,GAT_first_topk_perproduct
5308,per_chapter,44937.86999569457,101236.19562494087,0.030291675807751273,0.2477736024003142,0.503969169218359,114.34410924864899,45,GAT_first_topk_perproduct
5309,per_chapter,180461.26148519907,503778.6818189359,0.4613028655924486,0.3470602578044192,0.594071403952758,110.47495555295828,85,GAT_first_topk_perproduct
5310,per_chapter,37736.347938172185,103456.6677062945,-0.1362815185806634,-0.26151876711102773,0.3791443265127476,129.3363963554219,38,GAT_first_topk_perproduct
5401,per_chapter,181362.63663493432,434022.14950642706,-0.05711068874514136,0.1021672059761316,0.4353201883609076,117.74442515202578,62,GAT_first_topk_perproduct
5402,per_chapter,552837.5624376296,1970889.5516413443,0.02954456274100814,0.13314874268766774,0.4605919931678788,120.42248890387015,438,GAT_first_topk_perproduct
5403,per_chapter,449645.00328939507,1704751.6613174938,-0.04174357899471115,0.12866234160781753,0.38157281533807264,138.03660548267572,106,GAT_first_topk_perproduct
5404,per_chapter,142380.42647198934,279051.2755776403,0.07443074710931308,0.3107879987663442,0.6652268213327169,117.9846792503517,87,GAT_first_topk_perproduct
5407,per_chapter,419094.95514367253,3062964.5089511513,0.02230815989410062,0.22717729844777268,0.5407066489207915,117.63101682146045,606,GAT_first_topk_perproduct
5408,per_chapter,109443.57148365627,291145.1270014635,0.06894393993820946,0.24526151531585783,0.505553659697145,109.82233734715783,173,GAT_first_topk_perproduct
5501,per_chapter,501209.4459850481,1818822.3952994312,0.031022273508143572,0.20642794420905408,0.5146556009094371,132.94939216086422,59,GAT_first_topk_perproduct
5503,per_chapter,580959.1834671609,1650362.9027450215,0.026920496251432224,0.021617735239305547,0.4296897322902272,123.7590902146141,125,GAT_first_topk_perproduct
5504,per_chapter,1216906.9541959183,2633094.002993558,-1.4338102141013653,0.3339885558213791,0.6524193548387097,131.45516885456024,31,GAT_first_topk_perproduct
5505,per_chapter,158642.08708975354,452084.55190324294,-0.0389382099520017,0.020867348518955553,0.4750212718132659,106.06144370224322,42,GAT_first_topk_perproduct
5506,per_chapter,69250.42616622408,125311.71343629553,0.06706910377880104,0.3547772230489953,0.6621622911540512,104.75003053327572,68,GAT_first_topk_perproduct
5508,per_chapter,1096153.420074167,7140645.855848691,-44.738699687076334,0.1147621418951088,0.4165137985404909,127.87278328453573,53,GAT_first_topk_perproduct
5509,per_chapter,329617.3031857726,1824793.1434648389,0.00388532140532738,0.2247977945749371,0.5271130660409946,114.67086808598384,294,GAT_first_topk_perproduct
5510,per_chapter,233398.96612158074,612133.6521293394,0.07960449509679435,0.06125760237923927,0.4505460958853103,125.80690260165504,87,GAT_first_topk_perproduct
5511,per_chapter,80800.64158604953,194941.0712906612,-0.09331457145235178,0.20082440369110177,0.6117484126264312,122.57129533487489,62,GAT_first_topk_perproduct
5512,per_chapter,209455.7584688143,768240.9455902913,-0.0007237998225166908,0.2737319529678426,0.4987164012012589,118.25982624143919,140,GAT_first_topk_perproduct
5513,per_chapter,132907.25317542572,449406.04238675867,0.04322070825098501,0.2586498000646006,0.4795209691271431,112.83469048016048,211,GAT_first_topk_perproduct
5514,per_chapter,154044.42808952936,427123.918676571,-0.05090321024766653,0.14736612606914734,0.45172845772050696,113.77939984728324,221,GAT_first_topk_perproduct
5515,per_chapter,211293.6635116186,1079406.2665556767,0.0030393294093300494,0.34231921855357506,0.5644125141882191,96.69500575346946,190,GAT_first_topk_perproduct
5516,per_chapter,146621.17983550852,815250.420528015,0.02506172292245279,0.22812783496535705,0.469504498465417,105.84815002815071,328,GAT_first_topk_perproduct
5601,per_chapter,449192.2409379611,1059715.34958561,-0.14550612871177737,0.14606260430930296,0.4608368894543474,126.52578569894332,110,GAT_first_topk_perproduct
5602,per_chapter,112141.21217653493,265140.1738686996,-0.07477245437111946,0.004952364727154546,0.4881621517051983,122.55473661780304,107,GAT_first_topk_perproduct
5603,per_chapter,515397.5196411983,1292380.0427468475,0.26342759038161834,0.2818825109630264,0.5995211971804714,103.83172263257315,243,GAT_first_topk_perproduct
5604,per_chapter,154141.6201930627,413918.9653977221,0.1627538351702421,0.18587944269122347,0.6153513824884793,112.80259794857193,63,GAT_first_topk_perproduct
5607,per_chapter,104938.74369080474,317996.76992560516,0.12420899040883515,0.15951496480852456,0.4444327713849632,121.1160897046602,191,GAT_first_topk_perproduct
5608,per_chapter,163168.11283798292,422887.60253352317,0.319006435362845,0.04124049506031491,0.3716399141640288,116.89388652239354,103,GAT_first_topk_perproduct
5609,per_chapter,113473.39536248999,409043.72690178704,0.35810167658284275,0.0340308271137868,0.49928876244665715,102.20182476698515,37,GAT_first_topk_perproduct
5701,per_chapter,74957.41229815403,197451.73878207718,-0.03962845435093221,0.3196460474673972,0.562591575091575,104.42672438870288,64,GAT_first_topk_perproduct
5702,per_chapter,84800.31389593588,310601.1286165112,-0.011126375055271476,0.23862589935501688,0.5191931059915342,112.81842040668528,318,GAT_first_topk_perproduct
5703,per_chapter,305900.3803899412,863130.4307780013,0.06440369576466365,0.319120669516884,0.6214290861823685,110.70141456962774,131,GAT_first_topk_perproduct
5704,per_chapter,119319.03441328897,287447.41828355903,-0.1268061642918905,0.22543137532025725,0.6090076932276608,116.2320799549479,62,GAT_first_topk_perproduct
5705,per_chapter,379202.05801725,1169112.9479701396,0.6727386705893323,0.32732084536260586,0.5784732100521573,116.23993844863926,37,GAT_first_topk_perproduct
5801,per_chapter,103995.00947895915,335868.4253325689,0.07124749679748432,0.31504884335382066,0.5732107687571218,115.71345884880108,224,GAT_first_topk_perproduct
5802,per_chapter,81840.46061033147,308908.67553895636,-0.06075389106168583,0.12177020010839401,0.4339252482979104,116.41138868923863,71,GAT_first_topk_perproduct
5804,per_chapter,198570.13752235487,646206.343148471,-0.03600029948254413,0.20686772814682963,0.5687052710695362,120.15221560888851,98,GAT_first_topk_perproduct
5806,per_chapter,175131.06284220284,627535.9675410489,0.10926014950794571,0.12196622809716551,0.5098267160355541,118.96510821020973,191,GAT_first_topk_perproduct
5807,per_chapter,128655.31180657134,381703.10876311513,0.42524981570196063,0.21334880782364385,0.5183777858969676,123.3606559611719,69,GAT_first_topk_perproduct
5808,per_chapter,51738.54333152787,113675.33972989039,0.33868635917383305,0.22342301881705784,0.5060963901689708,116.1076460677724,63,GAT_first_topk_perproduct
5810,per_chapter,169298.10607736846,652340.2108206825,0.20008968660286264,0.30428508223869055,0.6707398444290321,120.25818085408777,102,GAT_first_topk_perproduct
5811,per_chapter,94887.27316522019,222649.9794318974,-0.09865818989408282,0.15033874737738395,0.806451612903226,88.51889073425608,31,GAT_first_topk_perproduct
5901,per_chapter,87730.55164576504,261901.62432228265,0.3446259775151349,0.03889779688730177,0.5207792207792209,105.23508220187642,56,GAT_first_topk_perproduct
5902,per_chapter,461831.09352306987,1440765.7758807824,0.06270342270537832,0.38359685425799916,0.7199573076743371,120.76962650959632,54,GAT_first_topk_perproduct
5903,per_chapter,529671.074788155,1679942.7556370625,0.6942469456753948,0.44918944072846856,0.662006326055441,94.87872103935565,103,GAT_first_topk_perproduct
5904,per_chapter,95039.62187846159,232493.66161206277,-0.12219747973954087,0.001327852342046798,0.29861035124193014,123.10643061764421,38,GAT_first_topk_perproduct
5906,per_chapter,119076.15027909505,251456.3748483508,-0.12181018058494586,0.3274288122082619,0.7177685532044144,111.96539564396434,84,GAT_first_topk_perproduct
5907,per_chapter,148793.00750975538,389266.0824611849,0.45821242492474934,0.5433456373597176,0.7528225806451614,102.33150027477261,31,GAT_first_topk_perproduct
5909,per_chapter,111997.62789770275,319199.5344086888,0.0509407895376256,0.33549726133980706,0.5920087976539589,112.21848511475841,32,GAT_first_topk_perproduct
5910,per_chapter,109108.0735440013,201599.41079434677,0.27314713456736894,0.2592711922446571,0.6990068754774637,99.97658426295453,34,GAT_first_topk_perproduct
5911,per_chapter,254155.8662182617,604004.4023040953,0.045671941127022775,0.27235850744036905,0.5989837041206684,113.85522157931645,154,GAT_first_topk_perproduct
6001,per_chapter,565598.621533172,2979759.018489753,0.015743244859146688,0.11133453440322083,0.3921437558371595,116.518789552985,153,GAT_first_topk_perproduct
6002,per_chapter,150559.81407984477,398690.00183927495,0.1080733682169186,0.24078902608395725,0.5590250329380764,100.51709842279475,45,GAT_first_topk_perproduct
6003,per_chapter,64970.48852953259,127561.83942453896,-0.14016246156411616,0.004833453838774537,0.2792624076284306,126.71940623163833,86,GAT_first_topk_perproduct
6004,per_chapter,1680336.3926389914,6293320.776641194,0.03800997385805538,0.000894924747400494,0.4937950937950939,125.88399779379228,55,GAT_first_topk_perproduct
6005,per_chapter,226408.8580416976,983575.1566772365,-0.022155064040587646,0.19003583565289484,0.4368949286745258,124.72419736476512,236,GAT_first_topk_perproduct
6006,per_chapter,676207.9405836542,2855534.3265522528,0.057359034506382134,0.1793422243877676,0.4445756458904678,120.70206951776899,333,GAT_first_topk_perproduct
6101,per_chapter,153504.57627974966,341734.57018650224,0.005513074911857263,0.16981428492598005,0.6231050205305187,105.48332508283198,106,GAT_first_topk_perproduct
6102,per_chapter,159766.60366343174,515848.27946384886,0.02709156533487056,0.31227537859186916,0.6256506161543274,110.3635785564516,136,GAT_first_topk_perproduct
6103,per_chapter,293637.517575046,1119594.97132829,0.031223609285514486,0.19027283265652195,0.4973371607789619,118.00249638748308,410,GAT_first_topk_perproduct
6104,per_chapter,318245.74345819553,1551576.260344795,0.029697259170171963,0.23772582358803207,0.5741058982822667,116.88197182696646,748,GAT_first_topk_perproduct
6105,per_chapter,529795.3226828645,1231105.359955665,-0.03681867082026957,0.317369804995705,0.6031647138587563,109.65180029807671,111,GAT_first_topk_perproduct
6106,per_chapter,328705.9569127815,1097491.6398843704,-0.027613613805486104,0.19550498846701136,0.5687387075692923,108.42773723499495,116,GAT_first_topk_perproduct
6107,per_chapter,303872.4374397219,1105652.389587889,0.0033765539671593015,0.15016197070296022,0.45981632289093216,121.45617338951263,257,GAT_first_topk_perproduct
6108,per_chapter,359006.443425717,1479739.1291162428,0.017651794824825484,0.23647631233331579,0.5096318845783888,120.72739379453094,352,GAT_first_topk_perproduct
6109,per_chapter,2622202.258534974,6427372.172118733,0.2676513913261669,0.30987618649776383,0.6319587292258465,107.43248359925677,82,GAT_first_topk_perproduct
6110,per_chapter,1613455.0175093175,6998521.808086197,0.03332098672407591,0.2651077177833444,0.6012565113439672,119.81880970205452,216,GAT_first_topk_perproduct
6111,per_chapter,377375.82611733314,991874.488787376,0.16938789660356723,0.2511809541180854,0.5569374802666738,118.2049275151529,112,GAT_first_topk_perproduct
6112,per_chapter,190715.79476472142,832515.6812935324,0.014984288213163,0.03158318677047833,0.368436879187796,125.04884806451904,255,GAT_first_topk_perproduct
6113,per_chapter,527685.1324353035,1328849.9622344843,-0.07048236510736805,0.2919625453744953,0.4861582230003282,130.90948517522108,38,GAT_first_topk_perproduct
6114,per_chapter,880000.2075382809,3765807.208207572,-0.03038025581126047,0.022493912156154816,0.5607278304338801,109.93434435295728,109,GAT_first_topk_perproduct
6115,per_chapter,556324.8104884154,2438719.0661842567,-0.01023484550123821,0.18089447764569666,0.46695556723469556,128.083552590679,300,GAT_first_topk_perproduct
6116,per_chapter,241070.52166566456,1028320.8889915885,0.119051298944583,0.2709554388413007,0.6192123123969449,110.7970052762212,158,GAT_first_topk_perproduct
6117,per_chapter,228816.608365163,660177.9709752302,0.46313794796101027,0.22398521659934478,0.5506756756756758,102.5381448180006,111,GAT_first_topk_perproduct
6201,per_chapter,683907.7851726393,2909617.1171317482,0.014111881681784344,0.29363216124177927,0.5901106213891104,110.80104509207922,148,GAT_first_topk_perproduct
6202,per_chapter,721530.0608042451,3725989.3350948896,0.02650996322059629,0.39323508719235023,0.6752610999205277,107.95706917925958,153,GAT_first_topk_perproduct
6203,per_chapter,523660.4134504477,2031115.881597172,0.004204581605814717,0.27211719548933366,0.5770055878773434,116.73841315921267,514,GAT_first_topk_perproduct
6204,per_chapter,537366.1184466197,2594196.743386502,0.029968359888210228,0.21651979051698866,0.504987692990559,121.4125307689512,874,GAT_first_topk_perproduct
6205,per_chapter,605510.0446055091,1397375.0394831481,0.02584224133630464,0.23573636376679374,0.5601683453170907,103.98663659241376,120,GAT_first_topk_perproduct
6206,per_chapter,323572.74463977263,847101.1235494328,0.1357975322294992,0.10641791355687047,0.5296467707745002,120.42766908191982,182,GAT_first_topk_perproduct
6207,per_chapter,109544.5312995052,337232.1532939429,-0.019458406369303294,0.08132930901392388,0.3686460635434906,120.20235881396783,223,GAT_first_topk_perproduct
6208,per_chapter,113971.8290737855,373444.224994826,0.08755823199005397,0.3160998482913785,0.5828182195542583,112.00602293696524,262,GAT_first_topk_perproduct
6209,per_chapter,121371.14199580751,258464.62221386307,0.06908441468427517,0.2567582916381005,0.5404555717511218,110.447329690483,108,GAT_first_topk_perproduct
6210,per_chapter,323552.85084208695,995087.4533988113,0.2567805772829105,0.266809106348885,0.5895905091332112,114.55926635283167,175,GAT_first_topk_perproduct
6211,per_chapter,263593.21127315017,1229608.9762283438,0.05378967230798115,0.1518359700865196,0.5199264534802842,110.92345370062493,325,GAT_first_topk_perproduct
6212,per_chapter,719590.3929124557,2893099.4123656517,-0.014178096797377027,0.3018324256890037,0.5974569192536551,117.36703612287222,133,GAT_first_topk_perproduct
6213,per_chapter,33229.30136193223,100181.72292979722,0.2681782404965162,0.38907467838627174,0.6365821678321678,103.53868056901968,65,GAT_first_topk_perproduct
6214,per_chapter,198868.64092895918,845628.8303026855,0.027366607375289065,0.364278124589264,0.6453817022124776,112.15084963370725,174,GAT_first_topk_perproduct
6215,per_chapter,51757.05270299639,177195.6671911834,0.007202394435479875,0.3493119649108162,0.6462522125492178,99.57769565162742,94,GAT_first_topk_perproduct
6216,per_chapter,182301.96274269087,444002.81215396733,0.4914110971773886,0.11253508970739656,0.6265182186234819,107.94581990007772,39,GAT_first_topk_perproduct
6217,per_chapter,263098.3474361714,698067.5766955033,-0.0027110605577695956,0.21614075560821067,0.4805120910384068,114.47977006543408,75,GAT_first_topk_perproduct
6301,per_chapter,302207.3862800531,2188196.583598552,0.03145120464528128,0.23478054652232505,0.49928446426604994,110.36986440321319,162,GAT_first_topk_perproduct
6302,per_chapter,391397.2004250594,1651506.3994220013,-0.016100910031964233,0.2002038154541661,0.46823690756078196,121.05381474323625,522,GAT_first_topk_perproduct
6303,per_chapter,194009.60616060297,1356173.5937670192,0.04237187038184087,0.3350624058339845,0.6577454648636385,111.41926326314942,170,GAT_first_topk_perproduct
6304,per_chapter,154753.55801247762,683953.4217370398,0.08421225325634574,0.23122874620714629,0.548125863544042,116.27926801082484,215,GAT_first_topk_perproduct
6305,per_chapter,192280.62422122987,644050.9498788763,0.0993680923004403,0.0833265937791079,0.36222107790584773,119.77170924854244,209,GAT_first_topk_perproduct
6306,per_chapter,217956.54086483698,973575.4466069535,0.03103307664848587,0.30058045068152606,0.5745518922071967,117.27512503120347,223,GAT_first_topk_perproduct
6307,per_chapter,668027.6374520417,3990533.1565873693,0.23094491211974866,0.4028324254079624,0.5838150722180979,108.9858389438934,117,GAT_first_topk_perproduct
6309,per_chapter,656333.4628670763,1179071.4385084067,0.5298660245952127,0.47147834838929426,0.6801125703564729,112.91438946809546,40,GAT_first_topk_perproduct
6310,per_chapter,103339.64974675802,242228.82323939737,-7.08017189801069e-05,-0.15427406192355364,0.5374730624950116,113.87729817176331,67,GAT_first_topk_perproduct
6401,per_chapter,154281.9478547324,464366.3395760032,-0.05796742059601878,0.2887418508763975,0.5887320580457637,113.31493759228294,101,GAT_first_topk_perproduct
6402,per_chapter,1410244.7510233012,10906410.69379048,0.024175719894032444,0.16325957431892857,0.585887037530009,115.25075712029285,174,GAT_first_topk_perproduct
6403,per_chapter,875279.8195180036,3662485.2175624934,0.01942146485768792,0.26163985170878135,0.5788496615026295,122.89644848295775,281,GAT_first_topk_perproduct
6404,per_chapter,1503404.6108128212,7303212.521468184,0.08301852019928035,0.19852677018392706,0.6360276418204359,120.86546906564955,117,GAT_first_topk_perproduct
6405,per_chapter,216289.5326064965,540341.8733361107,0.1894392312750225,0.1449915201591616,0.44706992953289126,113.73642019812334,113,GAT_first_topk_perproduct
6406,per_chapter,764095.1046020014,1899876.487701987,0.2154069010128481,-0.018928049631178556,0.4556332429642003,124.89695698820384,101,GAT_first_topk_perproduct
6504,per_chapter,68133.96937101657,197628.83279286633,0.4816355641446475,0.28484501156548414,0.535425101214575,112.51316982283097,39,GAT_first_topk_perproduct
6505,per_chapter,745786.958593069,3107985.0797592127,0.2978533470833027,0.18428299545339544,0.6419510721836303,106.74636749101552,43,GAT_first_topk_perproduct
6506,per_chapter,248700.55951339405,896622.4023435925,0.24422140913878465,0.19721084261607547,0.4628290628290628,117.50287871510936,111,GAT_first_topk_perproduct
6507,per_chapter,124321.64176301273,358404.0100074761,0.10523933268580332,0.04310740122547718,0.44201680672268906,124.39860607445914,34,GAT_first_topk_perproduct
6601,per_chapter,237382.0583295004,1099443.7285543892,0.09393757890795318,0.3738447568957872,0.6861322833507929,114.79733555517635,94,GAT_first_topk_perproduct
6602,per_chapter,47952.344353715045,146415.07252108495,0.6683541852824171,0.4945945463504564,0.7133431085043987,104.39253052217236,32,GAT_first_topk_perproduct
6603,per_chapter,108453.79988245315,333035.9872725009,0.11861716019743584,0.07374736067126608,0.3229648473635523,119.72829122146497,47,GAT_first_topk_perproduct
6702,per_chapter,589817.7894306999,2894526.8794224258,0.06550784572055757,0.4721777948732627,0.7075619345726609,107.22877271138731,68,GAT_first_topk_perproduct
6704,per_chapter,576953.6153868891,3520821.22848627,0.012652085021687687,0.43075590699892774,0.6815492838864671,113.32040067631478,113,GAT_first_topk_perproduct
6802,per_chapter,371234.72356814006,2186435.7046855725,-0.002745572600158397,0.08274346821036527,0.36696025292652246,111.54695656820888,257,GAT_first_topk_perproduct
6804,per_chapter,233201.5878581185,722605.5923286285,0.13033802273709894,0.29473676928507153,0.5696057784271757,126.75755794379589,156,GAT_first_topk_perproduct
6805,per_chapter,275307.70966548123,786776.2702582965,-2.174351046432074,0.2746649813652148,0.6333011485268201,105.86060917512764,104,GAT_first_topk_perproduct
6806,per_chapter,497669.8168604978,1114639.2236799586,-0.04049605046628013,0.19312674776518668,0.5086232140930598,110.95327862950836,92,GAT_first_topk_perproduct
6807,per_chapter,371921.5283895292,731776.9719922586,-0.693879888389668,0.1095526777548278,0.537878787878788,118.42875998275326,55,GAT_first_topk_perproduct
6808,per_chapter,217211.61544325354,477052.8563471402,0.23029665615323425,0.2627519400121129,0.4914349276974415,110.92188387359477,30,GAT_first_topk_perproduct
6809,per_chapter,309584.0112737009,1051351.0439455595,-0.03480503098495702,0.2008668940733136,0.5888421274259643,109.39620021153257,96,GAT_first_topk_perproduct
6810,per_chapter,826015.531967304,2102205.5647486905,0.1054966071038198,-0.022947080174111623,0.36278852729925204,117.74303221565793,141,GAT_first_topk_perproduct
6811,per_chapter,277228.61020971555,660357.7547238579,-0.12660033923811675,0.151841124445247,0.38296105867199026,127.10623582147417,86,GAT_first_topk_perproduct
6812,per_chapter,32658.17239516067,131262.366638525,-0.023362463920026055,-0.013004390871219185,0.17050691244239632,116.56090201453009,62,GAT_first_topk_perproduct
6813,per_chapter,188452.90029600673,573473.5579223803,0.051004829936675655,0.07672847274559103,0.421870378777572,120.55456120664168,77,GAT_first_topk_perproduct
6814,per_chapter,101420.16741735413,243171.7547495412,0.023355262201818938,0.3893728467834391,0.6043330780172885,109.02841264162284,38,GAT_first_topk_perproduct
6815,per_chapter,574729.6627140981,1922357.5613450573,0.06524941959386021,0.28427178441651024,0.5729736084170928,123.94847781696686,107,GAT_first_topk_perproduct
6902,per_chapter,419745.55171542015,1212279.4636305918,0.24057861880501452,0.2973385499600657,0.6581526648599819,99.95793409974637,81,GAT_first_topk_perproduct
6903,per_chapter,216714.4571161539,481482.0307904957,0.06099555897815123,0.22701209567346503,0.6179516685845798,108.614325668158,78,GAT_first_topk_perproduct
6904,per_chapter,641678.7151741378,2515711.7345461934,-0.05306981595756999,0.14698482107330613,0.38773135906927547,117.55138869483804,61,GAT_first_topk_perproduct
6905,per_chapter,209372.4026902035,468759.9160808269,-0.08878090869718869,0.11910685413173361,0.3641836734693877,122.43961458091488,49,GAT_first_topk_perproduct
6907,per_chapter,980159.2701562721,3463387.2109130463,-0.051354220002503226,0.13299238800956548,0.40981557687444586,120.61587831556022,153,GAT_first_topk_perproduct
6909,per_chapter,620881.7633086394,2331111.6516615585,0.016449597112350722,0.3950379627924394,0.6188986297812243,119.32148830290214,106,GAT_first_topk_perproduct
6910,per_chapter,751107.113830322,4835651.520203226,0.023258781370447013,0.22384776553102959,0.4413060078652183,119.24100908825328,73,GAT_first_topk_perproduct
6911,per_chapter,718351.2612029265,4959846.184784004,0.0806923311716864,0.47464707365386205,0.6072905488217658,109.16623849842676,76,GAT_first_topk_perproduct
6912,per_chapter,228019.11792663965,569167.9139318351,0.2859952940253666,0.29205378959555195,0.6275828539016287,100.51771207938098,42,GAT_first_topk_perproduct
6913,per_chapter,204539.96312255494,900009.6055088827,0.16262241850967019,0.2911206843300762,0.6657183499288762,111.06414178315156,75,GAT_first_topk_perproduct
6914,per_chapter,183052.42869632214,508125.14351242094,0.6136139283481228,0.42186601832074444,0.6924882629107982,106.51501437991658,72,GAT_first_topk_perproduct
7001,per_chapter,640261.977526048,1277887.4279174905,0.006597760044901091,-0.2517021915755544,0.10398970398970399,95.94690599995211,36,GAT_first_topk_perproduct
7002,per_chapter,357875.25743936043,1382149.702314397,-0.01111321822463407,0.43618914091751815,0.6751426034211655,114.84881006170811,96,GAT_first_topk_perproduct
7003,per_chapter,2061184.2887181225,14794509.32621194,0.1297930578249099,0.2556359644790711,0.36192756685943617,121.66830345657975,82,GAT_first_topk_perproduct
7004,per_chapter,1650278.683109026,9090903.839874735,0.02890062123647419,0.2689307511948773,0.41291172595520426,124.80035520934736,45,GAT_first_topk_perproduct
7005,per_chapter,939892.0272628954,3347453.8127866937,-0.02962893078877915,0.2487038565087104,0.49625279941865247,130.77630571286073,106,GAT_first_topk_perproduct
7006,per_chapter,1322875.9429755835,4366762.026897284,-0.022337093160355703,0.36355951316626967,0.5778635778635779,130.12158482049716,36,GAT_first_topk_perproduct
7007,per_chapter,497025.60017333896,2109377.832063062,0.1779764947392234,0.3083127157676324,0.5746843002673382,114.90653757704872,141,GAT_first_topk_perproduct
7008,per_chapter,677321.3203485474,1290373.214184877,-0.0054210692923417625,0.31779985429662483,0.5938884644766997,124.44181745990366,34,GAT_first_topk_perproduct
7009,per_chapter,393353.7342928741,1853267.2943131085,0.2161362301807429,0.37388136969345565,0.6898516433279271,104.86674795471191,112,GAT_first_topk_perproduct
7010,per_chapter,938493.0674593917,2758182.1730223433,0.017291971515142945,0.15790806015862902,0.44938373287112093,128.68038840428815,94,GAT_first_topk_perproduct
7011,per_chapter,37525.75530171445,74090.56273366706,0.07675910584045553,0.40268683204947586,0.6562793477332878,111.52659238592729,52,GAT_first_topk_perproduct
7013,per_chapter,212889.6702828517,1143161.7965823482,0.020680271802413275,0.2985780041209416,0.549341042188134,122.82813826571157,315,GAT_first_topk_perproduct
7015,per_chapter,58282.97766128401,153295.75045120943,-0.18943732032383265,0.4847827589789774,0.7607333842627959,121.06667756099803,34,GAT_first_topk_perproduct
7016,per_chapter,180863.06229799494,520390.347706779,0.26117524198432085,0.10794624564422173,0.39279588336192106,115.20684118614439,54,GAT_first_topk_perproduct
7017,per_chapter,112636.16834735157,291882.27552468935,0.18309871438120284,0.25404830867450057,0.5473351400180668,114.08583300786358,81,GAT_first_topk_perproduct
7018,per_chapter,235028.42299748832,1078674.0016510917,0.05300224070824522,0.35973760143199107,0.5911309101954035,114.66249161705238,84,GAT_first_topk_perproduct
7019,per_chapter,513071.40585252526,1325313.97907631,-0.0011686426054973165,0.19012777982757678,0.5343219929702803,120.56747593644755,234,GAT_first_topk_perproduct
7020,per_chapter,571979.9815767859,1824999.5107894212,-0.036774649971986983,0.5209301940539657,0.7470919324577863,109.90574697134655,40,GAT_first_topk_perproduct
7101,per_chapter,764126.8354086751,2015487.1023041073,0.05150985877205705,0.17188163052190442,0.5516490623532071,132.76479263590866,53,GAT_first_topk_perproduct
7102,per_chapter,37063132.07515588,110403210.53635393,-0.11051789061047201,0.1176261855248728,0.3349101108378418,141.30732328264102,76,GAT_first_topk_perproduct
7103,per_chapter,2823560.564161248,9910802.740610717,0.0552477712756424,0.21670116146360696,0.49863984080670704,131.57634499738447,79,GAT_first_topk_perproduct
7104,per_chapter,3110754.322199847,9220618.933348075,-0.0656651348258308,0.2522548728879065,0.45961140832767183,127.20904487624101,56,GAT_first_topk_perproduct
7105,per_chapter,265286.01415461453,668543.2015708239,0.023338612986056773,0.40230888803690135,0.6542998319369037,125.15769850436456,31,GAT_first_topk_perproduct
7106,per_chapter,28964107.03902803,181727444.32571578,-0.02021538239505305,0.24940132225464962,0.5119941213569997,127.91347502109414,70,GAT_first_topk_perproduct
7108,per_chapter,123194941.6239924,415777108.23420453,-0.07551438463948235,0.08511215281655415,0.23351358106850614,134.4628596949591,73,GAT_first_topk_perproduct
7110,per_chapter,9479912.398553863,25919940.53425535,-0.040447462006937496,0.2372822706632347,0.463639547868555,135.81620396536124,112,GAT_first_topk_perproduct
7112,per_chapter,7157588.555123573,17381769.192872055,-0.035595661226644815,-0.09214800317953542,0.31016301443542416,125.73493372526889,106,GAT_first_topk_perproduct
7113,per_chapter,9822959.685541524,35760883.89990679,-0.012061974035356915,0.2144366001840946,0.4599605522974591,132.10046513751342,110,GAT_first_topk_perproduct
7114,per_chapter,648328.1140211863,3395854.0015820153,0.013131752572496325,0.3337028319737132,0.5485577389722517,118.40629564463576,72,GAT_first_topk_perproduct
7115,per_chapter,1360329.2179170544,3789171.1115336483,-0.06979362512049314,-0.007082360576797786,0.4749209950571267,143.70320217233294,42,GAT_first_topk_perproduct
7116,per_chapter,748162.0454511739,2990733.442260084,-0.010511122347695911,0.20028001936567896,0.531999237659615,122.7591203969225,54,GAT_first_topk_perproduct
7117,per_chapter,556406.2227037622,2259176.4052600856,0.10251620964243402,0.2850764421023849,0.49936041309526585,118.38933507412062,112,GAT_first_topk_perproduct
7201,per_chapter,994692.8667104652,4074653.4479224584,-0.028964326884371783,0.25889521544662275,0.5261133603238867,121.85607764369901,39,GAT_first_topk_perproduct
7202,per_chapter,2931704.94667455,11266888.408716768,-0.06352915038242801,-0.08882358193152062,0.16969903700405867,129.22657989808343,199,GAT_first_topk_perproduct
7203,per_chapter,1741757.3590067427,4791531.539195054,-0.04908404680429901,0.2120408820166102,0.5068211068211068,144.15095383379153,36,GAT_first_topk_perproduct
7204,per_chapter,4847719.766844732,15108896.707347535,-0.07578102924873575,0.1403547144686781,0.39704069607480186,118.95241166465934,200,GAT_first_topk_perproduct
7205,per_chapter,309345.0945904218,995950.5736721976,0.16203359960679398,0.21395817608187306,0.6081537611093804,111.89160202448146,68,GAT_first_topk_perproduct
7206,per_chapter,151330.01249628927,278277.0201613862,-0.0231712914304385,0.08565960007504236,0.3625088090204369,131.81233373820905,44,GAT_first_topk_perproduct
7207,per_chapter,10692908.117099116,31643918.34803263,-0.10989802193796061,0.05062958407871665,0.31842789352521894,143.45894774138233,85,GAT_first_topk_perproduct
7208,per_chapter,3382432.056868656,10530994.00112787,-0.06440654329765994,0.19593578889262464,0.4748754118891775,123.91641425332259,308,GAT_first_topk_perproduct
7209,per_chapter,1826394.8723638493,8127289.93197039,-0.04389305908295915,0.04316860657519528,0.2760673978945892,129.78404364617276,198,GAT_first_topk_perproduct
7210,per_chapter,2586974.0024554203,8262112.811735009,-0.017899818174619497,0.1778572141980751,0.43581562118229467,123.4512536419928,272,GAT_first_topk_perproduct
7211,per_chapter,556138.6192563513,1462797.009554623,-0.0792876133214444,0.10905071097661656,0.4587473440756757,118.12196877196013,130,GAT_first_topk_perproduct
7212,per_chapter,604475.5554573444,1572685.017251036,-0.07288396745547043,0.253636615219475,0.5332831738257385,122.51348040712038,133,GAT_first_topk_perproduct
7213,per_chapter,2070991.2160523375,5139767.670375197,-0.09641704762772352,0.20456858139266265,0.3807610117093714,134.06888662243014,87,GAT_first_topk_perproduct
7214,per_chapter,2138279.9269491485,6274415.120454326,-0.10044864554942179,0.02515100169297224,0.2476098977979452,131.92803877783564,139,GAT_first_topk_perproduct
7215,per_chapter,355855.51570880425,709932.0110664698,-0.19439664143895685,0.2282747295207469,0.590744305606831,123.49284209294349,85,GAT_first_topk_perproduct
7216,per_chapter,629096.0127816863,1978133.5562612081,-0.047799849439666975,0.11408538242855704,0.3741560511128179,119.09458575320122,333,GAT_first_topk_perproduct
7217,per_chapter,520170.85262411844,1311053.622409357,0.1640955234837439,0.08613093748446277,0.44112379304243426,118.78913637254243,122,GAT_first_topk_perproduct
7218,per_chapter,1089203.983997125,4215118.6698051775,-0.0539150184716235,0.10244315534305104,0.4387756387197635,117.56272809235067,62,GAT_first_topk_perproduct
7219,per_chapter,1411472.9227774057,5281155.358219862,0.020202253301810802,0.3599474935182224,0.6810010163751179,114.26828968055179,281,GAT_first_topk_perproduct
7220,per_chapter,513801.3172117032,1633434.8379041392,-0.05400898870267756,0.4493050258502408,0.7484616245556314,101.18433730128096,92,GAT_first_topk_perproduct
7222,per_chapter,372179.65405374137,1144102.1651931216,0.08586326161252744,0.36547916995633445,0.7058385736229981,106.90092190349367,147,GAT_first_topk_perproduct
7224,per_chapter,2055984.248551867,5200416.097811257,-0.14299665569534703,0.15853627157860106,0.5141114982578399,133.96297234249937,41,GAT_first_topk_perproduct
7225,per_chapter,4318759.044053237,8903607.442911714,-0.1343721173210075,0.22270725981967443,0.5223003958060348,131.44198832752744,138,GAT_first_topk_perproduct
7226,per_chapter,975603.8120798924,2228514.0019599157,-0.019617133654787233,0.2427307340134648,0.512136181407137,121.51586825967466,104,GAT_first_topk_perproduct
7227,per_chapter,2359580.893247196,6359793.590068156,0.06828244760132884,0.10717912327811452,0.45386912351258285,146.19355138846416,39,GAT_first_topk_perproduct
7228,per_chapter,950178.6022593351,3854029.754683059,-0.015696948526747967,0.19420804465249075,0.5655057338660094,124.0293214031581,195,GAT_first_topk_perproduct
7229,per_chapter,401718.2882810365,1297814.5065081387,0.08454222722141735,0.37410716132555644,0.6462740613684009,108.03981430580964,54,GAT_first_topk_perproduct
7301,per_chapter,874467.7659129353,2335772.2137214416,-0.13832952443306112,-0.08632162123687914,0.2549140238087914,122.47124139121159,58,GAT_first_topk_perproduct
7302,per_chapter,577684.2615994145,1679392.071493457,-0.09192334000425961,0.3676668275046583,0.580178622875252,119.47651246122946,90,GAT_first_topk_perproduct
7303,per_chapter,857577.5017978493,1477321.0000950538,-0.3502248687830527,0.0848869127998283,0.3913770053475936,136.81361517565998,33,GAT_first_topk_perproduct
7304,per_chapter,931212.0314123901,3677207.239357746,-0.011646960923977323,0.1913904701954543,0.5365609067964209,117.54248160093839,378,GAT_first_topk_perproduct
7305,per_chapter,433559.9184880691,1084918.344233645,0.08674200461906945,0.14981451739078422,0.479112216788115,123.39345110977764,137,GAT_first_topk_perproduct
7306,per_chapter,733198.256363644,2173306.609986227,0.0008368856374830758,0.1262914340707999,0.4628988166415768,120.06049184995624,287,GAT_first_topk_perproduct
7307,per_chapter,253519.52693372985,575248.8323739358,0.5144747434184043,0.3189954270963753,0.6341524079136077,104.3203218938434,358,GAT_first_topk_perproduct
7308,per_chapter,1975007.2328328027,9916097.854735784,0.006963952696036335,0.18889685207575224,0.49608022038643856,107.45931782538925,176,GAT_first_topk_perproduct
7309,per_chapter,678314.3086297028,1165584.5800900343,0.1478615503645876,0.12856989316811684,0.5116322701688556,86.32142893056573,40,GAT_first_topk_perproduct
7310,per_chapter,414108.136056992,812563.0839848651,0.1053771190914482,0.29132668661493977,0.5298167475052888,101.67015594228883,113,GAT_first_topk_perproduct
7311,per_chapter,468824.0377709181,832475.7279767892,0.6283925842614807,0.25411237713072854,0.5767139836907279,94.45550319320809,43,GAT_first_topk_perproduct
7312,per_chapter,490637.44922932494,1916944.5371540305,0.1549195448809595,0.2561520031552521,0.5461295034079845,110.72500084646279,79,GAT_first_topk_perproduct
7313,per_chapter,302214.509714631,929065.0827645506,-2.5415520562945537,-0.3326266374878608,-0.14354838709677423,115.19931063425139,31,GAT_first_topk_perproduct
7314,per_chapter,223998.87556222396,768248.4293841859,-0.010029134564251807,0.1826688705244781,0.46625034794577397,111.80978171450553,298,GAT_first_topk_perproduct
7315,per_chapter,132143.35831512342,502281.5705700396,0.11544248424542336,0.3391245068954142,0.6208025571020268,106.6898513776413,251,GAT_first_topk_perproduct
7316,per_chapter,73611.9394915662,159163.95545159976,0.4865583747629949,0.06922062556986897,0.653225806451613,94.6716254178304,31,GAT_first_topk_perproduct
7317,per_chapter,1001265.1085208658,2047311.0621981055,0.15219426216417753,-0.05365097348701453,0.3026315789473684,120.62762024246763,39,GAT_first_topk_perproduct
7318,per_chapter,375746.5116704176,1597890.4166339166,0.1402829606587107,0.3170485636387105,0.6428326449048036,120.94652868372229,443,GAT_first_topk_perproduct
7319,per_chapter,30947.409867937997,80824.34204245218,0.6325571394738061,0.4303873182122473,0.7040505250696191,98.41977936320356,65,GAT_first_topk_perproduct
7320,per_chapter,236090.94543563068,671798.7260576658,-0.8198836869291386,0.4476885177815191,0.676491302886085,107.41461506884433,109,GAT_first_topk_perproduct
7321,per_chapter,381122.64096260635,1321326.569186975,0.1074262290372483,0.19405963948570593,0.42941951279096674,122.99963940265471,221,GAT_first_topk_perproduct
7322,per_chapter,271006.81772389705,662187.6786663138,-0.061279591815194046,0.07142835447297835,0.43360871766485226,117.8205172691681,77,GAT_first_topk_perproduct
7323,per_chapter,395636.11854396487,3343947.346149488,0.07177530053295889,0.3303088521898008,0.5732170498562101,110.25486411367764,224,GAT_first_topk_perproduct
7324,per_chapter,242674.71525122965,1273375.0692000967,0.06334680342285082,0.3142746704384405,0.5843459293226259,107.61075997317697,121,GAT_first_topk_perproduct
7325,per_chapter,325687.31919149647,681640.685701287,0.21181868230373613,0.20776280246393242,0.4794843484229058,111.71754723228425,93,GAT_first_topk_perproduct
7326,per_chapter,1440256.366967981,6930146.783729322,0.13419394955868935,0.31587081565350084,0.5590937107495259,120.32342234763651,148,GAT_first_topk_perproduct
7403,per_chapter,23558687.706790376,98980026.40188187,-0.051891720638192584,0.11467175759983084,0.45150077753938017,132.72068603678667,145,GAT_first_topk_perproduct
7404,per_chapter,27666381.19545163,99622917.74867335,-9.02358968328366,-0.08852049773437609,0.5413292589763177,89.05839614742587,34,GAT_first_topk_perproduct
7406,per_chapter,438841.7822318025,712085.4545797042,-0.30666230107831227,0.14467336412711573,0.46310654413902813,127.50902945625096,41,GAT_first_topk_perproduct
7407,per_chapter,849011.8351069451,1929401.337422662,-0.18942373017055836,0.03666229310676106,0.6240907768576347,115.53948176086446,93,GAT_first_topk_perproduct
7408,per_chapter,2911426.8845102456,11172092.547766335,-0.06305129528059306,0.1090106538598472,0.4677593228012547,129.56210209981117,127,GAT_first_topk_perproduct
7409,per_chapter,1084367.8396289875,3545505.0163989943,-0.24040882132379848,0.2234419654728833,0.65574978753317,113.04549673372112,173,GAT_first_topk_perproduct
7410,per_chapter,1952759.0748902243,6155256.329364558,-0.048845958098366005,0.325547661618357,0.5497414125478828,132.82342953326344,81,GAT_first_topk_perproduct
7411,per_chapter,499903.5768564052,1948086.715727905,-0.01616841479563913,0.2868004282161565,0.6084913313482194,114.98437383844417,113,GAT_first_topk_perproduct
7412,per_chapter,338830.33361076505,816915.3124324706,0.355376852590495,0.26868510151837066,0.5720884070695118,113.5986968676449,68,GAT_first_topk_perproduct
7413,per_chapter,420507.59756643354,1061955.9428206945,-10.831350986914627,-0.03867757343033884,0.5505791505791506,101.28129072214513,36,GAT_first_topk_perproduct
7415,per_chapter,59546.84291524674,164067.87407667792,-0.1523884799785562,0.2981095620993315,0.6042640489278622,107.49565208035605,156,GAT_first_topk_perproduct
7418,per_chapter,144334.1619717431,634592.878081343,0.02683094980378309,0.24790397852080004,0.5316218926643178,112.09332482135994,68,GAT_first_topk_perproduct
7419,per_chapter,343310.97311075765,1215067.2579090388,-3.518745533197217,0.37174807859324743,0.6747252747252747,112.01393164454059,64,GAT_first_topk_perproduct
7502,per_chapter,3782521.483384145,9470805.534545574,-0.14942546809824742,-0.037142857755145586,0.28657402341612864,140.76435106836337,38,GAT_first_topk_perproduct
7505,per_chapter,881388.9068683481,2394049.795072031,0.005365672842032154,0.19586459833053327,0.4533659949221691,129.7695564257616,70,GAT_first_topk_perproduct
7506,per_chapter,1042012.5376059931,2829956.644560149,-0.07220380252739922,0.18550685175952464,0.6429939277556627,123.38927103366075,38,GAT_first_topk_perproduct
7507,per_chapter,375541.6016129528,930107.8060522213,-0.022998195267401433,0.3343297612417374,0.5416203845318628,117.68698439684329,56,GAT_first_topk_perproduct
7508,per_chapter,502568.3693163044,1338378.557546698,-0.015032607364861894,0.21039175918105946,0.4994897959183673,127.34621477403331,49,GAT_first_topk_perproduct
7601,per_chapter,17441558.130478937,51035385.95138397,-0.11350277023681654,-0.029700449478905044,0.17206819269220114,130.77006766314514,62,GAT_first_topk_perproduct
7602,per_chapter,5131599.5241559,10672588.267621964,0.6566113270190591,0.4540115580414311,0.692914979757085,78.70635041477237,39,GAT_first_topk_perproduct
7603,per_chapter,494721.0373386129,1389401.4072286275,-0.09320752652923003,0.14780653329890703,0.4753850800362428,115.72150216233933,43,GAT_first_topk_perproduct
7604,per_chapter,1179180.1804147945,2861343.2956331847,-0.05105706487905115,0.09704764485534167,0.3263827798857886,120.5116237113169,111,GAT_first_topk_perproduct
7605,per_chapter,3157061.495297493,20468148.66330787,-0.024159187407243765,0.10206151393267471,0.3133247330953037,131.57553594761683,88,GAT_first_topk_perproduct
7606,per_chapter,1723316.9640684726,4882058.065092809,0.05184012190375831,0.1540431506954203,0.4956331977226778,126.26114353030704,126,GAT_first_topk_perproduct
7607,per_chapter,1054982.0460693364,2672478.6058660587,0.25071192379885954,0.2941024631179432,0.6545370537205277,108.51988289207053,108,GAT_first_topk_perproduct
7608,per_chapter,226396.42355176806,512467.3893531358,0.0725460453942195,0.3088062754170602,0.647503984302343,112.00967204818022,68,GAT_first_topk_perproduct
7609,per_chapter,134481.8849530171,289879.8445613103,0.5376574936854341,0.1952475182411918,0.5782361308677099,105.40872802593005,37,GAT_first_topk_perproduct
7610,per_chapter,984831.5254108537,3415354.647303298,0.21134804770820848,0.3413468608103567,0.7403356137533352,88.51960520365878,78,GAT_first_topk_perproduct
7611,per_chapter,196687.3878063867,537263.187260959,0.04493360816354741,0.3248863365480783,0.6334310850439882,112.6346972406123,32,GAT_first_topk_perproduct
7612,per_chapter,1110910.4599183286,2155294.3192415475,-0.2079826785992347,-0.04796604525512849,0.3032967032967033,140.45129073645765,64,GAT_first_topk_perproduct
7613,per_chapter,197821.46595344364,487732.51093482075,0.3694579137880154,0.6018397626022434,0.7939882697947214,88.10325643927908,32,GAT_first_topk_perproduct
7614,per_chapter,770847.6455397772,1835101.5975565377,-0.14250378744636238,0.23384513267708684,0.3534921369102683,121.44094842584836,47,GAT_first_topk_perproduct
7615,per_chapter,479574.9323827561,2737663.4742477103,0.07191395604664541,0.19184516633183202,0.5671708562649918,123.52021107619977,73,GAT_first_topk_perproduct
7616,per_chapter,742696.3557031204,3448982.601463291,0.019369946935151594,0.21846638834276044,0.5029989689508113,123.44603975921369,107,GAT_first_topk_perproduct
7801,per_chapter,2026252.3541845887,3998850.0099046906,-0.1614751171054969,0.019881715511705478,0.4634637664772484,107.7106155223665,66,GAT_first_topk_perproduct
7804,per_chapter,104947.24636930201,242457.58457293897,-0.0008539252399488717,0.08745056109585092,0.29312217194570134,130.43937207806863,51,GAT_first_topk_perproduct
7901,per_chapter,4304910.853805718,14760212.422594002,-0.07865862474670626,0.17532878870593116,0.46580851117447,115.10448585090056,65,GAT_first_topk_perproduct
7902,per_chapter,654440.9101895716,1442016.9171527857,0.24321352099011773,0.2138292328071305,0.6146829810901,90.93012074766345,30,GAT_first_topk_perproduct
7903,per_chapter,390452.3018851175,679954.3393189624,-0.26027067552863037,-0.10739147441277463,0.31965166172357823,114.13118298239924,52,GAT_first_topk_perproduct
7907,per_chapter,181552.53692828675,328305.55647432077,0.08377113945530124,0.26831764161651506,0.6566280566280567,112.9421000154803,36,GAT_first_topk_perproduct
8001,per_chapter,1358356.3729908338,2972304.4973062985,-0.10476988688902811,0.42024916728256057,0.621106821106821,123.30621553537758,36,GAT_first_topk_perproduct
8101,per_chapter,350183.3716612673,875218.7347801243,0.07330050696716961,0.2422191928771884,0.44294835241054914,113.1265327218812,88,GAT_first_topk_perproduct
8102,per_chapter,826750.056360535,3122642.916733657,-0.06478123845239869,0.26406789485347704,0.5044492684402619,131.9203347889335,75,GAT_first_topk_perproduct
8103,per_chapter,864501.8960391787,1634745.173273004,0.1209487617592152,0.20863914172577758,0.5328795434056699,132.9077082573578,42,GAT_first_topk_perproduct
8104,per_chapter,1174365.1496821204,3836382.9555195654,0.036660719953622634,0.0890741508124,0.4594108248682908,129.0294534021427,69,GAT_first_topk_perproduct
8105,per_chapter,1001012.0389215043,2332606.7715052934,-0.05558102704652823,0.3180316438720664,0.6690196645305203,109.47693596884676,50,GAT_first_topk_perproduct
8108,per_chapter,1651616.2165514831,4329223.262298442,-0.06797097385601036,0.29007113770993886,0.5912558336824707,117.58998244469727,61,GAT_first_topk_perproduct
8112,per_chapter,1043995.2495129165,3882250.682702148,-0.06003978930252285,0.05376728148081722,0.2654288398431364,128.75146024513072,100,GAT_first_topk_perproduct
8201,per_chapter,62516.93680229618,217313.10207439208,0.30212488042371954,0.2687656010483481,0.6083456782614637,112.29850108827448,184,GAT_first_topk_perproduct
8202,per_chapter,120248.71908378134,424752.03473850834,0.26884881249717296,0.43434787308956746,0.6652732076700121,110.6366309983328,214,GAT_first_topk_perproduct
8203,per_chapter,99462.78554417909,538278.5445169914,0.1266761927264246,0.38386054337396636,0.6390326037042706,102.96911589348427,140,GAT_first_topk_perproduct
8204,per_chapter,134359.50774403932,526998.9429251705,0.2289894893967246,0.5291410420359974,0.7145295396932557,92.38565485895876,111,GAT_first_topk_perproduct
8205,per_chapter,137480.5956978178,827892.9534275981,0.07980586824595637,0.35947913839278745,0.6055436220696994,108.07308062788303,325,GAT_first_topk_perproduct
8206,per_chapter,241068.9370921945,1068487.2861091879,0.07682308369757374,0.3598128387345534,0.5645403377110695,110.73453284636254,40,GAT_first_topk_perproduct
8207,per_chapter,370734.4222094982,1033906.0225244627,0.23099164203484002,0.3174821178772692,0.6112840539664253,115.2663880844838,332,GAT_first_topk_perproduct
8208,per_chapter,132482.75540052733,321757.001582563,0.08680026916681949,0.2563024489687262,0.5882864759117938,108.03019732033789,163,GAT_first_topk_perproduct
8209,per_chapter,5775169.117910135,24384433.11041223,-27.556323895606077,0.48302123586425827,0.7225935828877006,136.81678103959786,33,GAT_first_topk_perproduct
8210,per_chapter,132115.69258188817,405779.2554458024,0.25137520789101164,0.3495508911102413,0.6122994652406418,104.20419142714492,33,GAT_first_topk_perproduct
8211,per_chapter,91588.40071917317,406119.1739516507,0.19274974230249298,0.4347865087649567,0.6566192497727383,114.89164873439096,200,GAT_first_topk_perproduct
8212,per_chapter,455488.797528017,1266730.295977214,-0.13791366367661517,0.136832169017868,0.458986562150056,139.0332473327835,95,GAT_first_topk_perproduct
8213,per_chapter,172577.61524585332,757010.1333932508,0.19806225842769443,0.49205744622704384,0.726923076923077,112.25362066530207,39,GAT_first_topk_perproduct
8214,per_chapter,98632.5914372491,461606.27377249795,0.04046735979473337,0.34398126973487797,0.6845865124138596,116.97176407954998,100,GAT_first_topk_perproduct
8215,per_chapter,153678.4980789755,979456.4871854688,0.0754237065479536,0.37623200101465226,0.6534586552437563,106.16460385949848,134,GAT_first_topk_perproduct
8301,per_chapter,270779.2111072783,1168049.149732997,0.19473190006801644,0.3810277060633025,0.6537482537859792,111.53002779331294,239,GAT_first_topk_perproduct
8302,per_chapter,529095.8921363539,2351277.1300000027,0.15946238198324603,0.2980001367404703,0.6324919766001297,106.38134626727403,298,GAT_first_topk_perproduct
8303,per_chapter,154617.82739195524,429041.36239651416,0.6968953294125628,0.22068179745210725,0.5213371266002844,114.10580118756917,37,GAT_first_topk_perproduct
8304,per_chapter,80550.10345456826,292552.732805074,0.12685756087966904,0.316361427615348,0.6647727272727273,107.85986482029956,33,GAT_first_topk_perproduct
8305,per_chapter,97037.83563634078,349007.99217758136,0.11356963825287492,0.20460044155205837,0.5921190056996208,121.76289046784599,93,GAT_first_topk_perproduct
8306,per_chapter,152061.01490010758,924268.9034719015,0.08729857751430548,0.31154735916528764,0.595234814483324,105.31436597172355,135,GAT_first_topk_perproduct
8307,per_chapter,203080.14928936728,515230.8195263819,0.2779890047493503,0.35720883528895886,0.6346875249421343,98.41702260561006,67,GAT_first_topk_perproduct
8308,per_chapter,258555.11395730276,828646.2218110604,0.31114374693661706,0.2720943671492644,0.5763810140958062,121.93265875236037,103,GAT_first_topk_perproduct
8309,per_chapter,928204.2246335021,2222665.891740531,-0.01178734203551568,0.06820984350766057,0.34047202797202797,129.01936830314222,65,GAT_first_topk_perproduct
8310,per_chapter,128504.95949815714,317516.2014323046,0.5355311985444127,0.5062599028463486,0.7767808294124083,104.5355892902651,38,GAT_first_topk_perproduct
8311,per_chapter,247227.83715905336,679659.38086945,0.11976469177704763,0.2642962192641126,0.5428928555257455,108.86678914838083,136,GAT_first_topk_perproduct
8401,per_chapter,10677007.810897307,42670264.646482915,-0.06648516156669082,-0.1364397414954126,0.4012145748987855,150.57427185875468,39,GAT_first_topk_perproduct
8402,per_chapter,415716.2738119424,1656365.8846649188,0.06092894096797652,0.20077616839707713,0.4969240349126926,118.48103992308754,118,GAT_first_topk_perproduct
8403,per_chapter,747452.459838563,1660538.1830086277,-0.09392731601749094,0.18330950951075042,0.46162823006390674,133.45412618844236,60,GAT_first_topk_perproduct
8404,per_chapter,211108.70128365164,634422.1190173695,0.13616909591148085,0.047940872659344436,0.5001851166234726,110.11771282960943,74,GAT_first_topk_perproduct
8405,per_chapter,173984.04616576503,313309.1730784808,-0.1119221741645211,0.1794127565716268,0.4573951257808411,111.4176927970955,53,GAT_first_topk_perproduct
8406,per_chapter,2454859.3021140844,9922005.099215396,-0.050445226095397144,0.19349887719732306,0.41705001149792376,153.27648642716034,65,GAT_first_topk_perproduct
8407,per_chapter,1960112.3239839077,8517892.044787476,-0.04063435665815818,0.1866290336216595,0.5160054798430687,127.90078622483941,222,GAT_first_topk_perproduct
8408,per_chapter,1848700.5589724216,6100406.516815923,0.11157137229454017,0.4122081855482307,0.6881745820397323,102.95016577275705,103,GAT_first_topk_perproduct
8409,per_chapter,1975669.7907482623,5154792.768077836,0.1422507417108837,0.3538804105126999,0.5943095409011967,122.91700673943606,119,GAT_first_topk_perproduct
8410,per_chapter,208831.4488927023,634455.4921486252,-0.035998130822320284,0.24552137613336955,0.550641236802937,124.08958055705328,69,GAT_first_topk_perproduct
8411,per_chapter,10704350.7159363,34818261.79649704,0.036754742122652506,0.24485448912661634,0.5547892256455239,135.48128764055895,187,GAT_first_topk_perproduct
8412,per_chapter,549535.9842332937,1347827.2788550793,0.14043885342176954,0.399276934808214,0.6398731722374866,106.723956683326,238,GAT_first_topk_perproduct
8413,per_chapter,648750.4401935831,2221427.102045175,0.09337506224462777,0.32411616917626507,0.5677667208786972,113.53171096587309,436,GAT_first_topk_perproduct
8414,per_chapter,1126681.9736576276,3983439.4988212967,0.18863219750598703,0.3685977510756866,0.5982398260613548,115.70329577925145,343,GAT_first_topk_perproduct
8415,per_chapter,1342061.9398728455,6189614.716185727,0.11130624770738051,0.25127184152469595,0.5793136973770188,118.35507217807431,214,GAT_first_topk_perproduct
8416,per_chapter,139173.37738098894,297011.4215717191,0.09006597158558216,0.3922153705252768,0.6470655507741427,109.87100752680132,113,GAT_first_topk_perproduct
8417,per_chapter,438860.2609319583,1170405.982254049,0.16094742023621522,0.302179281137805,0.6244226977548214,111.71162917387542,124,GAT_first_topk_perproduct
8418,per_chapter,753807.6231754406,2450384.2816968444,0.14042358825069523,0.2480507621464234,0.5293622571207338,121.15897946409548,345,GAT_first_topk_perproduct
8419,per_chapter,633664.9857563876,1510133.3274208459,0.2725415811125286,0.2984464364521692,0.6225887158043177,113.09994480363954,363,GAT_first_topk_perproduct
8420,per_chapter,392754.8924391244,2320651.149383839,-0.01691343431061787,0.3513170261387082,0.6629395227684309,105.43884863096584,87,GAT_first_topk_perproduct
8421,per_chapter,793434.4330808091,2597089.0997406268,0.12807764745379668,0.3572544146402228,0.5989026541640863,120.28894106221604,393,GAT_first_topk_perproduct
8422,per_chapter,840514.6912443781,2384734.1134528765,0.059690286396604675,0.31428790533372075,0.5802465431596969,113.57127370620405,208,GAT_first_topk_perproduct
8423,per_chapter,124575.39576189473,463494.2828898098,0.16059359657810446,0.3959343846669958,0.6303970048954114,104.09617495312227,241,GAT_first_topk_perproduct
8424,per_chapter,344887.1768806038,880755.9291312514,0.36144458011342095,0.3859182849941153,0.6111823494193593,109.98870558733378,286,GAT_first_topk_perproduct
8425,per_chapter,193018.8138146585,621588.4438018154,0.20495197090686867,0.4268681081313954,0.6934837332387518,98.0741791384388,239,GAT_first_topk_perproduct
8426,per_chapter,1180694.7989011412,3395083.7563327895,-0.04912923026629423,0.21420870754845867,0.49219762803790496,104.25985685127253,235,GAT_first_topk_perproduct
8427,per_chapter,1390440.1896950388,3625461.537803934,0.05325679523630711,0.3887978006885363,0.5671978901336698,105.97563690009828,110,GAT_first_topk_perproduct
8428,per_chapter,800025.1759929094,2068869.2974113126,0.07488769324313249,0.24845927223290898,0.5328647875495615,117.52311643118256,252,GAT_first_topk_perproduct
8429,per_chapter,1951471.4175133074,8798756.60875978,0.006870750159719274,0.1692138010997749,0.3736247471863128,97.13206436994578,240,GAT_first_topk_perproduct
8430,per_chapter,802122.9302562615,3272759.2500964887,-0.031021132933656714,0.1925487912349091,0.4687263969948371,100.55455321082152,239,GAT_first_topk_perproduct
8431,per_chapter,1227524.2683746042,4019715.31060873,0.07890018819446276,0.312262791659485,0.6256569186260855,114.25600375543038,291,GAT_first_topk_perproduct
8432,per_chapter,295218.41600847023,613495.6123425494,-0.020612944740748596,0.22303755747546206,0.5327132501361086,109.56391311279121,237,GAT_first_topk_perproduct
8433,per_chapter,721065.3362982814,1704439.4392543721,0.08010930366816305,0.3481578546673546,0.6127852673811375,118.66887980353023,296,GAT_first_topk_perproduct
8434,per_chapter,703817.1390242995,1407067.1093040572,-2.320288101356398,-0.0740725640828932,0.270188927409752,123.57640816235092,78,GAT_first_topk_perproduct
8435,per_chapter,56806.17490370377,129266.30195604054,-9.36629515364551e-05,0.3522817187753161,0.6465027634838955,100.62328665306997,54,GAT_first_topk_perproduct
8436,per_chapter,328720.6992789121,641957.1395351556,-0.07883615006552813,0.31015467180393397,0.5710335222439802,115.02871655339415,175,GAT_first_topk_perproduct
8437,per_chapter,136665.45157543098,291076.73462485697,0.44447527617355076,0.3758175754449655,0.6106775663473081,91.35040984645269,95,GAT_first_topk_perproduct
8438,per_chapter,410045.30998289457,899253.8644208075,0.05923227795497721,0.33617851387112563,0.6121786927166196,106.44482520457296,255,GAT_first_topk_perproduct
8439,per_chapter,316947.46496693784,750344.216791681,0.11390004086361616,0.26940669514330473,0.620108264885837,109.69254199866094,125,GAT_first_topk_perproduct
8440,per_chapter,110737.24715368332,196150.81913091266,-0.4031695513272362,0.20707573621290232,0.6043290043290045,100.75591394682941,55,GAT_first_topk_perproduct
8441,per_chapter,463081.8627543072,1286770.893551245,0.033347105804555244,0.31957222812591035,0.5900549643483161,111.98560404098362,173,GAT_first_topk_perproduct
8442,per_chapter,97204.87617441519,182779.969537103,0.004066235705666776,0.28610609960411393,0.5438085397688596,103.58877198095884,93,GAT_first_topk_perproduct
8443,per_chapter,1497056.066219301,6732348.659693349,-0.0023536022398520373,0.30232314860084564,0.5603427539450244,116.4243193836197,379,GAT_first_topk_perproduct
8445,per_chapter,726025.0139681132,3890068.762182328,-0.012628456715610525,0.23722731323173485,0.5644429043284813,117.40666685627997,137,GAT_first_topk_perproduct
8446,per_chapter,812151.5282854992,3330460.981239325,-0.04616352377788857,0.2365479510066183,0.5789895597794638,116.41226419110258,68,GAT_first_topk_perproduct
8447,per_chapter,259627.8984261568,719079.1555928737,0.34930363441804557,0.21971119911226866,0.5532592657999694,102.90252810751737,85,GAT_first_topk_perproduct
8448,per_chapter,228103.83688341605,1005599.1867774146,-0.013542998417085617,0.24978931252083314,0.5463079668888858,113.52414180744424,249,GAT_first_topk_perproduct
8450,per_chapter,565435.2352580844,2244237.924343898,0.017363796124517328,0.28065901046661557,0.5325740872516002,127.86570817880767,161,GAT_first_topk_perproduct
8451,per_chapter,189081.68934735333,561199.1199689823,0.14547526049395465,0.30950560528578397,0.6120262349952493,104.2578876991492,242,GAT_first_topk_perproduct
8452,per_chapter,228063.7778846617,701492.5230209763,0.06792308271584102,0.2223922796903035,0.5852512409570151,117.81949743955855,158,GAT_first_topk_perproduct
8453,per_chapter,170166.83760192452,514640.6949804113,-0.5193548033928113,0.14661366382533636,0.6052993981434255,115.19462459184106,98,GAT_first_topk_perproduct
8454,per_chapter,516443.11085989245,1623309.2947066925,0.016408475016854163,0.24636328213061887,0.560472486315183,125.65284700922317,90,GAT_first_topk_perproduct
8455,per_chapter,684665.4475348078,1460050.0290461017,0.09696121606046637,0.20090364592851673,0.5190616540210607,127.45470734738382,104,GAT_first_topk_perproduct
8456,per_chapter,720332.015841088,3188444.71788039,-0.02313967425437613,0.2603254962035686,0.5710019483568645,117.12946438402302,162,GAT_first_topk_perproduct
8457,per_chapter,2325277.2070287038,8499965.17351433,0.12928153407505605,-0.06751296821848274,0.30514031675465414,127.56696777400917,60,GAT_first_topk_perproduct
8458,per_chapter,869516.9287652439,3558400.0377890607,0.005590682554802773,0.20129101136343763,0.539312039341021,106.94474176499706,105,GAT_first_topk_perproduct
8459,per_chapter,170388.69359103823,688559.3448207228,0.02422565819693423,0.2849790664122128,0.5804077130717112,110.24563877916735,267,GAT_first_topk_perproduct
8460,per_chapter,358062.64857001597,1098158.8788887286,-0.11212981726232307,0.2839375961480114,0.6302391855984033,110.08002966260338,222,GAT_first_topk_perproduct
8461,per_chapter,221735.2311578655,877790.073227272,0.023604642565720924,0.3145252281698794,0.6252086623625148,112.72614366897884,126,GAT_first_topk_perproduct
8462,per_chapter,467970.6627120839,1273973.6605715116,0.07906194849869208,0.2637223824642577,0.5695075173870912,119.06944981146732,220,GAT_first_topk_perproduct
8463,per_chapter,347416.14391167875,763794.7520693532,-0.29397404130677884,0.29536782316904886,0.6014313375510406,108.04498024241272,97,GAT_first_topk_perproduct
8464,per_chapter,231426.42040682049,547390.7467845968,0.12132299700252447,0.3433663771801928,0.5988062940857298,109.80223705697433,96,GAT_first_topk_perproduct
8465,per_chapter,235742.36281493414,680352.1095705425,0.1238902660696184,0.381128949514307,0.6222056612935492,109.83831167978153,260,GAT_first_topk_perproduct
8466,per_chapter,438269.1942524017,1124972.977272146,0.04397544900449479,0.39864683915637467,0.6530754438121231,109.01284645393883,235,GAT_first_topk_perproduct
8467,per_chapter,375786.4881932784,2026999.2919832796,0.09592054924654125,0.45479974971764703,0.6905855436008542,105.18561417363034,341,GAT_first_topk_perproduct
8468,per_chapter,66626.40050485115,173568.8366527315,0.15664009489252628,0.40804779120781653,0.6778572780364374,108.64801309733177,120,GAT_first_topk_perproduct
8470,per_chapter,335606.78434632794,1595360.608696544,0.005732326927526343,0.16929957480198143,0.41741845143895506,125.07692707661033,166,GAT_first_topk_perproduct
8471,per_chapter,6578357.352954577,45986868.24461327,0.06517573748106209,0.6300150153404557,0.7763751771932991,101.21933930777236,328,GAT_first_topk_perproduct
8472,per_chapter,508354.01869028335,1333180.9400867363,-0.5357956220856441,0.05789482071057783,0.3587052205459774,128.42389344507492,71,GAT_first_topk_perproduct
8473,per_chapter,4514916.6029651845,23048388.137604278,0.02024378968557594,0.40851675930151254,0.6688721641418831,119.2017272437277,178,GAT_first_topk_perproduct
8474,per_chapter,460059.3207899827,1358233.4324033847,0.2030567816102692,0.24047554911596258,0.5090936662898369,106.5167454723211,235,GAT_first_topk_perproduct
8475,per_chapter,1813308.6096935146,5835363.0438667415,-0.08729349215080817,0.11194229733220074,0.37742194249043565,139.21761767577323,73,GAT_first_topk_perproduct
8476,per_chapter,239150.10598484633,679326.3789258447,0.008205483801930646,0.3213465102423072,0.5652577777899084,101.37009683055692,108,GAT_first_topk_perproduct
8477,per_chapter,1101500.6368339285,3232436.5060088835,0.056566684254522714,0.31203213568018606,0.6162408600797419,113.56011856475996,237,GAT_first_topk_perproduct
8478,per_chapter,367395.61609617487,928339.3668999218,-0.07371153710249279,0.16837354156673068,0.5427128427128427,130.1413622203337,55,GAT_first_topk_perproduct
8479,per_chapter,1279723.1128468502,5566057.792982512,0.04250475249530017,0.2973607573462582,0.5609476833694514,111.22226839147594,354,GAT_first_topk_perproduct
8480,per_chapter,456362.5898981163,2033403.807921339,0.0933526720636958,0.22992933823634354,0.5326423105217164,114.20739469771706,260,GAT_first_topk_perproduct
8481,per_chapter,1864675.8954537108,7746799.252929813,0.11281313263466974,0.49377293302071834,0.7042239635733191,107.2642956627592,241,GAT_first_topk_perproduct
8482,per_chapter,632606.1960074794,1958320.4192721618,0.06220354259194094,0.3511356968745145,0.6100202927203427,112.36798231044251,283,GAT_first_topk_perproduct
8483,per_chapter,773758.6295826033,2247331.2204513852,0.3070198045323701,0.4638631635850995,0.7093913981004424,105.62165458778945,273,GAT_first_topk_perproduct
8484,per_chapter,224708.27412541103,520976.1900019597,0.5493721002295963,0.38659284110080716,0.6799419321365275,97.93430079256652,118,GAT_first_topk_perproduct
8486,per_chapter,40112472.35101156,129280052.32135464,-0.16097281685806908,0.4058279555134714,0.6599142645447589,131.14655859068384,105,GAT_first_topk_perproduct
8487,per_chapter,559079.4002271282,1770119.396311612,0.13325344724456023,0.21627874318033502,0.6392689470154258,103.45229162403899,71,GAT_first_topk_perproduct
8501,per_chapter,638308.9956883943,2233889.7143900697,0.09944595941740664,0.35289913702608355,0.6046958263652457,112.1850807256947,480,GAT_first_topk_perproduct
8502,per_chapter,849457.6761923773,3070684.0337585355,0.05576328829848176,0.20386986725853173,0.4765346603578438,110.70086271733277,224,GAT_first_topk_perproduct
8503,per_chapter,2216900.5353862643,6582873.702994346,0.36082704944781796,0.43339158779818077,0.7401500938086305,114.40122446047091,40,GAT_first_topk_perproduct
8504,per_chapter,2289841.455318295,12237904.565438548,0.03799318806369345,0.3021515336925401,0.5505512853877738,119.51799081251997,385,GAT_first_topk_perproduct
8505,per_chapter,770843.0761696108,2866256.460275462,0.09190858924986656,0.46956136774205726,0.732781604193189,106.65708747181864,137,GAT_first_topk_perproduct
8506,per_chapter,636239.1189508467,1721906.0762592447,-0.3806730702335481,0.2561465341754876,0.580995337061282,123.73939270851623,185,GAT_first_topk_perproduct
8507,per_chapter,3391891.6456155004,27552606.58450729,0.023158345272326852,0.30397588336125225,0.6192797861542945,121.1838984961834,243,GAT_first_topk_perproduct
8508,per_chapter,580563.9778488668,3176457.748485282,0.01804615278887456,0.2294517857248659,0.6065441187980359,114.6637641815137,132,GAT_first_topk_perproduct
8509,per_chapter,1075644.71758592,5224390.5886888,0.12571036404671454,0.4939857447957581,0.6890380365028103,122.69428162610218,109,GAT_first_topk_perproduct
8510,per_chapter,407924.1143449493,1178461.4529342225,-0.02300544879010813,0.371394937290352,0.6626089165587868,123.75033538946877,121,GAT_first_topk_perproduct
8511,per_chapter,381703.38312605483,1179626.3896359345,0.06244054003690458,0.30804318803763964,0.6071255453722715,109.34276089040983,251,GAT_first_topk_perproduct
8512,per_chapter,638850.5053932229,2053438.790690935,0.19940080677742644,0.3122784975192596,0.6017513912457517,128.80563582799354,171,GAT_first_topk_perproduct
8513,per_chapter,497009.9042189305,2399841.4090387467,0.03689226938912016,0.35562499152280336,0.6253205128205127,119.81925335725701,64,GAT_first_topk_perproduct
8514,per_chapter,333646.2190717221,1097626.8431690035,0.15696175179420746,0.46195208132670396,0.6382358477646208,101.3980534586702,160,GAT_first_topk_perproduct
8515,per_chapter,308457.45071020356,793986.6886469816,0.11587802125695856,0.3594893205045665,0.6565122355172,111.97354633639671,266,GAT_first_topk_perproduct
8516,per_chapter,706054.4197986101,3330067.744744459,0.09071460450026181,0.369209666214249,0.6229335588851224,124.1540397120588,486,GAT_first_topk_perproduct
8517,per_chapter,14170358.833926769,92355387.63934898,0.05290263864018718,0.41084687331538217,0.6357532727863496,124.27734176075708,269,GAT_first_topk_perproduct
8518,per_chapter,931500.1952323478,3415502.3652299,0.02976460292745775,0.5147180151175977,0.7366409636406063,108.22272045540977,294,GAT_first_topk_perproduct
8519,per_chapter,223963.38530003157,904895.4296982567,0.1204551776384577,0.2728518800749753,0.5392767624503753,122.55251343123581,106,GAT_first_topk_perproduct
8521,per_chapter,639938.0250497601,2364209.5472461744,-0.04134546776209369,0.3217114105392882,0.6032509157509157,126.12969695154588,64,GAT_first_topk_perproduct
8522,per_chapter,1430807.9034115702,6534772.460620662,-13.007313806793087,0.3939392800035909,0.6159144315695649,126.79870148594009,42,GAT_first_topk_perproduct
8523,per_chapter,1325193.710634777,5694432.448393706,0.01288925276829811,0.35888941586211975,0.5978772765934846,125.94401404463449,288,GAT_first_topk_perproduct
8525,per_chapter,1875055.6871516216,8904147.66297145,0.09300763916119581,0.4059663644152137,0.6279848806282234,111.4587852759637,111,GAT_first_topk_perproduct
8526,per_chapter,1315614.1386327653,3796552.876128809,-0.14283124064555608,0.46677934494107265,0.7620428556829097,114.01654210904219,114,GAT_first_topk_perproduct
8527,per_chapter,259270.4995244726,1293076.9680574215,0.019845038286358085,0.2960325905923197,0.5598338409371609,116.51587040636646,227,GAT_first_topk_perproduct
8528,per_chapter,1492757.94943196,7929961.046133568,0.0068469708171272625,0.27344484761977084,0.5205526031681742,119.84348106994965,309,GAT_first_topk_perproduct
8529,per_chapter,4156488.174396044,18106067.900268704,0.02272285294019838,0.45792093339531226,0.7049683830171635,106.86755846371732,81,GAT_first_topk_perproduct
8530,per_chapter,216911.2105006491,417843.2618585428,-0.022975850221190752,0.2234044255195109,0.5644866385372714,105.55628629217739,80,GAT_first_topk_perproduct
8531,per_chapter,1112890.005500308,4307670.733411655,-4.329177229708492,0.47343021749684844,0.7162477917647232,105.34423287675972,142,GAT_first_topk_perproduct
8532,per_chapter,9301574.60382233,42215024.50383731,-10.448215113307924,0.24558539624576003,0.5414478840421293,130.26440064750835,236,GAT_first_topk_perproduct
8533,per_chapter,829612.0693285799,2788404.221504823,-0.3973164242194942,0.3850648675373587,0.7022573491419151,125.61178080069917,196,GAT_first_topk_perproduct
8534,per_chapter,43992742.308255516,236019592.4157976,-59.98072780381611,0.5943549986864516,0.7707317073170733,122.59400712494299,41,GAT_first_topk_perproduct
8535,per_chapter,276689.35964960075,747462.049298148,0.1277249679177077,0.27023311836040964,0.5319457306017804,114.35911300399151,198,GAT_first_topk_perproduct
8536,per_chapter,1524235.1654832792,5660079.7637612205,0.05148950978242739,0.37352662989525964,0.6552412900104767,119.24260742880128,395,GAT_first_topk_perproduct
8537,per_chapter,2482110.505809628,7264173.261748041,0.408530038737023,0.39688991360551384,0.5979471082624278,106.96453779310042,81,GAT_first_topk_perproduct
8538,per_chapter,1808317.3619456505,5058880.058984884,0.2281132359655771,0.4216664137899788,0.6451932390809852,115.13939421095,82,GAT_first_topk_perproduct
8539,per_chapter,237668.7657439731,1805508.6872505425,0.0727291274111721,0.45120394559220045,0.6644161691529494,112.22274900135565,372,GAT_first_topk_perproduct
8540,per_chapter,255033.0958712101,728739.3671578598,-0.04836479843359909,0.2543320884889838,0.5235780090318365,123.08411988962922,186,GAT_first_topk_perproduct
8541,per_chapter,7259258.98696327,27423532.950239234,-0.017171796133701678,0.42744642394319743,0.6311950524171093,128.85420901413164,210,GAT_first_topk_perproduct
8542,per_chapter,52694854.62441646,179726332.27610782,0.13013736074119087,0.5870484941393392,0.764226459310194,125.69563947259041,168,GAT_first_topk_perproduct
8543,per_chapter,1797610.2914102857,8231797.440128368,0.059022743683033396,0.43008278634851105,0.6815847605266948,110.13117158589414,169,GAT_first_topk_perproduct
8544,per_chapter,2243330.3694976773,8137126.952186951,0.11550811334846212,0.25039148563168956,0.5453261513455314,119.02520972393624,312,GAT_first_topk_perproduct
8545,per_chapter,1008953.2363718353,3883955.384882017,0.003611762923466877,0.242686298831982,0.5488374954031083,118.8664492692713,116,GAT_first_topk_perproduct
8546,per_chapter,188024.43346294636,410356.6627117067,0.22747827726685754,0.23157758883745283,0.6151065077193668,105.55538603895597,85,GAT_first_topk_perproduct
8547,per_chapter,417116.146435407,1238233.6795084355,0.11889489119713237,0.3608816080176154,0.6233586543678785,113.05844137055372,96,GAT_first_topk_perproduct
8548,per_chapter,1774349.6112123544,4803532.229592993,0.14011477626851643,0.2807903122863299,0.5454292859127537,110.44555741006623,60,GAT_first_topk_perproduct
8606,per_chapter,4704722.422384934,14213110.58618488,-0.0998393237686368,0.17378810393428856,0.44326530612244897,145.8653218863188,50,GAT_first_topk_perproduct
8607,per_chapter,844942.9522531629,2776983.7650704323,-0.04254046653210808,0.2817336405567299,0.5573873742421501,120.80082384548538,164,GAT_first_topk_perproduct
8609,per_chapter,2346870.2109034266,11644056.48380988,0.11908427065536165,0.5111612723909735,0.7346689895470384,96.6031535680989,41,GAT_first_topk_perproduct
8701,per_chapter,2084461.9196096282,7418950.2954250695,-0.02975928462774524,0.16130400431322378,0.424727883776449,117.70821754864993,206,GAT_first_topk_perproduct
8702,per_chapter,1974332.433788547,4753234.989304147,-0.08511707048046824,0.10778957351626617,0.3004192939389367,119.76454309804723,104,GAT_first_topk_perproduct
8703,per_chapter,7875203.895464932,28274959.60505109,-0.024518870718132746,0.2762459975279222,0.5846611593135443,119.44054938859719,427,GAT_first_topk_perproduct
8704,per_chapter,4035402.520108943,17761210.238599878,-0.021133703304668128,0.21544110501810176,0.47798056752422474,113.79335317560803,210,GAT_first_topk_perproduct
8705,per_chapter,863433.1034983406,1959793.6620131778,0.044496686044502964,0.14205413630855857,0.4246620116894243,95.2303319761405,121,GAT_first_topk_perproduct
8706,per_chapter,699406.0029356511,1552465.7009221597,-0.08113289617403785,0.22561186332769778,0.49798387096774194,116.41831593848168,31,GAT_first_topk_perproduct
8707,per_chapter,3852197.830191354,15286770.219819404,-0.04401308382272506,0.17182209003368076,0.584328980272298,129.09417683933552,60,GAT_first_topk_perproduct
8708,per_chapter,1971642.4534529164,7311577.152879063,0.19149392666550014,0.32543810450231847,0.608826678452367,118.62211872536503,538,GAT_first_topk_perproduct
8709,per_chapter,216568.40642720452,411349.3681118704,0.05385913435756162,0.26696251184867725,0.5461828952239911,113.51373719211703,74,GAT_first_topk_perproduct
8711,per_chapter,1162241.7407581864,4026519.046799116,0.007040730299414655,0.24185951141758733,0.5519682407555973,120.8895841776294,205,GAT_first_topk_perproduct
8712,per_chapter,966517.5474208914,2581993.0261546895,0.4939728025106178,-0.05335147850900701,0.5767589451799979,118.20357494490761,38,GAT_first_topk_perproduct
8713,per_chapter,275463.2854055244,880459.7122375474,0.06479293264455155,0.2670441173744219,0.6577307265431571,116.53930558343014,52,GAT_first_topk_perproduct
8714,per_chapter,551571.7140378931,2744713.729046706,0.13404770680406397,0.3634544743066501,0.6470368798467742,120.72853620299593,265,GAT_first_topk_perproduct
8715,per_chapter,572013.5162988278,2002264.8289314124,0.051827393338467864,0.5053804949486371,0.7045072574484338,128.34042919033752,34,GAT_first_topk_perproduct
8716,per_chapter,803966.065490067,2186803.439337128,0.0042503010162516786,0.18345167916021032,0.4856536464480718,110.27125723628343,227,GAT_first_topk_perproduct
8802,per_chapter,18134105.80965909,67523610.97851698,-0.05225314359842881,0.18284053439453685,0.41110962504666326,138.87845526192336,124,GAT_first_topk_perproduct
8803,per_chapter,5774646.817071961,17658757.913761843,-2.24999005363878,0.14996818536367973,0.48065973453805505,127.98251081328651,137,GAT_first_topk_perproduct
8805,per_chapter,416716.6855541244,854096.8502351472,0.09147661804586427,-0.06894985565346867,0.26104589137980583,118.67162289622509,52,GAT_first_topk_perproduct
8901,per_chapter,44110119.3803077,132482374.21620378,-0.06930165484590334,0.15714605530253278,0.4565694493782554,141.91336145307764,61,GAT_first_topk_perproduct
8903,per_chapter,1421377.1136952657,5595961.771882148,-0.0354686634961352,0.30954017149598956,0.6169250228895079,112.10173536475851,99,GAT_first_topk_perproduct
8905,per_chapter,15472282.4549402,63686327.32086384,-0.04847135893603527,-0.015883089041742293,0.1339965085215872,137.3620544913529,45,GAT_first_topk_perproduct
8907,per_chapter,239398.55391577227,558559.2699417954,-0.018005462868978084,0.21524272508706122,0.5082704701623082,110.15207432474988,64,GAT_first_topk_perproduct
9001,per_chapter,3509403.137230036,12619289.054232176,-1.224289686913297,0.3430800818340659,0.6404341463199671,130.1685367917806,168,GAT_first_topk_perproduct
9002,per_chapter,1231261.5447592076,3708633.1514013405,-0.2068505083615011,0.46562530952684444,0.7405077334353259,121.6198122714213,124,GAT_first_topk_perproduct
9003,per_chapter,658798.581779716,1693702.8219656723,0.24842314235687868,0.2878483608218495,0.6558214465753263,121.01173740307658,99,GAT_first_topk_perproduct
9004,per_chapter,1150634.3291244598,4049693.191458153,0.01213645547555009,0.4154157942914759,0.6650185257780195,107.62878302341852,78,GAT_first_topk_perproduct
9005,per_chapter,421442.6185601276,1485970.6952874484,-8.281529457866336,0.29556841778772136,0.6230465882766291,112.45884935692467,84,GAT_first_topk_perproduct
9006,per_chapter,290244.5145159476,1668556.1955079671,0.053850610193986403,0.45761328204619356,0.7305505825953454,105.42677736709875,208,GAT_first_topk_perproduct
9007,per_chapter,115911.36792987342,395058.18608390825,-0.03876673144252685,0.22436748961466046,0.5688509681915236,104.34689398508664,121,GAT_first_topk_perproduct
9008,per_chapter,141662.6177898078,421923.70200083224,-6.894115770387906,0.31090225746286493,0.540009250693802,110.20817681140728,47,GAT_first_topk_perproduct
9010,per_chapter,155615.70847914214,832796.791113582,-0.017010187383821762,0.4017716141480181,0.6898581430702966,98.87321884036156,93,GAT_first_topk_perproduct
9011,per_chapter,521937.4311563695,1572305.6927907292,0.30744414646616536,0.37144253496046775,0.6220508262388234,101.51927118532824,95,GAT_first_topk_perproduct
9012,per_chapter,1720955.5637213527,6043081.495089525,0.03202229708255877,0.5371797609828468,0.7632978723404257,107.28176045593911,47,GAT_first_topk_perproduct
9013,per_chapter,865654.2587345632,2412807.0002557836,0.20000687986819266,0.4538410224601007,0.7013334348867436,111.55914900486725,127,GAT_first_topk_perproduct
9014,per_chapter,433231.7944015773,948053.3392403352,-0.13646975472920952,0.4270764055605606,0.7285269358670448,108.46203960291254,122,GAT_first_topk_perproduct
9015,per_chapter,442585.7755359807,1239928.2431052346,0.03574548426407731,0.30291951921379645,0.5807309622468083,113.95298548862473,198,GAT_first_topk_perproduct
9016,per_chapter,122335.36911369214,265413.9125957252,-0.03370841357556942,0.239024072638929,0.5784457478005864,125.67292157740191,32,GAT_first_topk_perproduct
9017,per_chapter,97544.89822299358,434413.5246813118,0.09673433411031418,0.38105023353882583,0.6430266362747116,109.58061831477701,165,GAT_first_topk_perproduct
9018,per_chapter,2102932.448051625,9055039.345609268,0.05561660816230263,0.4467939138901543,0.6682690758799398,111.21440795055643,428,GAT_first_topk_perproduct
9019,per_chapter,1475268.706509306,5352189.6680457955,0.10794471710637721,0.4951167284660767,0.6934907198065092,114.42894397737979,77,GAT_first_topk_perproduct
9020,per_chapter,448489.0103805493,1486748.0924073264,-5.829754813889032,0.30189372316182683,0.696010296010296,103.63819290479466,36,GAT_first_topk_perproduct
9021,per_chapter,2767613.4042275846,8753142.14329544,0.0010786728272479396,0.3854733747234972,0.6493454820919521,122.60795739537582,261,GAT_first_topk_perproduct
9022,per_chapter,864653.778917667,2038760.0794235223,0.12612518943968054,0.35898903747299793,0.6346130764889542,110.15301329350613,220,GAT_first_topk_perproduct
9023,per_chapter,545569.6947672754,1299735.280805041,0.1567562711946694,0.4653163011059014,0.7141700404858299,88.60707957851363,39,GAT_first_topk_perproduct
9024,per_chapter,182256.21640180663,497353.6607841269,0.17284640457528877,0.334605390913268,0.6681947823458185,95.19287993103092,95,GAT_first_topk_perproduct
9025,per_chapter,245304.73820868746,761840.8694689621,0.06273654653355598,0.4981421804088745,0.7131970030517657,102.86229069972788,144,GAT_first_topk_perproduct
9026,per_chapter,458048.4421632866,1274847.5804851581,0.2753662253434914,0.5319202810854442,0.7340888469921595,94.45175005890451,164,GAT_first_topk_perproduct
9027,per_chapter,1374615.6990693088,3972666.2389430385,0.18177755219550085,0.6419573098506419,0.7931977370824772,91.50298956222251,222,GAT_first_topk_perproduct
9028,per_chapter,372299.94741556305,994929.2759787218,0.27288667630405794,0.20084671412280442,0.48862323160326077,116.87064364682216,127,GAT_first_topk_perproduct
9029,per_chapter,559863.6644898384,2329886.4363363204,-2.2672227189960537,0.43225009390113656,0.7376522500104838,108.09844554955986,99,GAT_first_topk_perproduct
9030,per_chapter,946491.747003372,4235190.271396445,-0.0698644910491848,0.4599298382083692,0.707083444082594,104.79097179460646,379,GAT_first_topk_perproduct
9031,per_chapter,2707811.9724630173,11854571.45740127,0.014356534191100057,0.4013793196528247,0.6898491383554508,113.85061108707694,215,GAT_first_topk_perproduct
9032,per_chapter,914284.8670432054,3439611.861857374,0.035031448727598336,0.4363023057525356,0.6980043431182296,115.16389288237838,181,GAT_first_topk_perproduct
9033,per_chapter,1251333.749411012,6473990.807735156,-61.29127042242253,0.4888239936279303,0.7442508710801397,96.52771703433645,41,GAT_first_topk_perproduct
9101,per_chapter,1049990.2966974748,3110479.8263237784,-0.0037843127302186197,0.27734337816534893,0.5112335779002777,123.92783053533765,174,GAT_first_topk_perproduct
9102,per_chapter,727412.7331462305,2233504.0946586975,-0.49906664122094924,0.34462104104190694,0.5487223428775948,121.32266603775379,218,GAT_first_topk_perproduct
9103,per_chapter,10472.34604739101,18908.980678424912,0.0671012897461265,0.1444082848839976,0.5316836262719704,102.10440282668891,47,GAT_first_topk_perproduct
9105,per_chapter,57113.603426154834,346901.8601677288,0.03056149453387913,0.45191809373079617,0.7002334321411642,104.43378493285576,160,GAT_first_topk_perproduct
9106,per_chapter,79568.33273624313,243460.55294121007,-1.3686852233070503,0.3539129292266483,0.6263287529167748,104.52263716894872,57,GAT_first_topk_perproduct
9107,per_chapter,80899.83150912127,195075.27020538985,0.014790240621201822,0.1721112083291957,0.5830645161290323,93.78351736156715,31,GAT_first_topk_perproduct
9108,per_chapter,687087.0469933943,3751463.5728207133,-0.02056494885104021,0.3255468647957349,0.6234902965212258,126.31294827345671,74,GAT_first_topk_perproduct
9109,per_chapter,18587.893620425042,47183.35894736558,0.059027766748679045,0.3294323952845465,0.6330413772274238,130.8850586236351,43,GAT_first_topk_perproduct
9110,per_chapter,814799.0214809242,2315624.6451999214,-0.13902457143837088,0.08685521120578776,0.39915833336490975,131.12834529907616,51,GAT_first_topk_perproduct
9111,per_chapter,271094.88047567994,804462.283648842,-0.1021865603213763,0.37572974571466977,0.5749131579951903,116.62204569151304,68,GAT_first_topk_perproduct
9112,per_chapter,38317.79656222521,82632.44229009734,-0.6003340364417364,-0.056382646995980945,0.40615835777126097,108.18737329467594,32,GAT_first_topk_perproduct
9113,per_chapter,742416.2636534157,3633302.5520834504,-34.67881427606574,0.385711594515858,0.6784598296927062,116.82252736326015,74,GAT_first_topk_perproduct
9114,per_chapter,240760.32930327012,545249.1206117617,0.75522245666582,0.4180227973787185,0.7227756044613702,119.15274492674888,63,GAT_first_topk_perproduct
9201,per_chapter,158776.28325110814,518876.8921527454,-0.0685144159351041,0.4149354117156713,0.6555570745044429,120.18947806193736,76,GAT_first_topk_perproduct
9202,per_chapter,116711.4405456556,383758.93883073376,0.274324484868235,0.4061948698794433,0.689516129032258,109.29315312126991,63,GAT_first_topk_perproduct
9205,per_chapter,161319.1391864939,446592.1397750291,-0.012844162683122828,0.2862632868535755,0.6914559125085441,104.53409294164071,56,GAT_first_topk_perproduct
9206,per_chapter,72294.79362927805,165854.92015474607,0.7107279396673367,0.2877843384108063,0.4854341736694678,107.36852596521457,35,GAT_first_topk_perproduct
9207,per_chapter,217227.04854060948,564157.2925996357,0.4066965021830373,0.47247591148800416,0.7200095777795515,117.57719010733747,67,GAT_first_topk_perproduct
9208,per_chapter,21901.109581715784,63107.017939346406,0.4888245232782161,0.4900604542026058,0.6811688311688313,103.05414784349436,55,GAT_first_topk_perproduct
9209,per_chapter,123223.57219404296,333416.19554096187,0.09341559063411675,0.41549345368272517,0.6683587118260349,106.9610033011369,129,GAT_first_topk_perproduct
9303,per_chapter,619161.5360220049,1525066.4295269796,-0.1175959586250952,-0.04353436535659805,0.18460541250985255,131.66735977989762,57,GAT_first_topk_perproduct
9305,per_chapter,677628.1728757865,2182305.963719719,-0.07500122372432405,0.3051701844900738,0.49804669476145075,123.27914172785026,58,GAT_first_topk_perproduct
9306,per_chapter,5486868.882132326,32418727.191558305,-0.019826059619121983,0.1183118763551253,0.4235940052564232,133.38785843127854,66,GAT_first_topk_perproduct
9401,per_chapter,859608.584134431,4409485.501256417,0.06925891137092244,0.2026055226883262,0.47367496618813476,117.07162329434702,433,GAT_first_topk_perproduct
9402,per_chapter,276899.3030907204,831511.8510022378,0.24967500436597811,0.4572431731821752,0.6615643012558688,113.89840605475574,68,GAT_first_topk_perproduct
9403,per_chapter,1016897.7698593743,5186855.0222641975,0.0631732988910979,0.23741758922575407,0.5135294433813293,112.9471855601795,423,GAT_first_topk_perproduct
9404,per_chapter,720864.75054896,4412175.888153933,0.030621271922497417,0.2440621953478207,0.5372492566899311,118.60094364826557,179,GAT_first_topk_perproduct
9405,per_chapter,1066107.1009148862,8818998.754552698,0.024887575476160717,0.306903799522407,0.6061620664554659,111.36875680141824,325,GAT_first_topk_perproduct
9406,per_chapter,1824409.7219685619,6210253.109922017,-0.0342819991300245,0.13641953633837423,0.48713743649109276,111.41235165587366,72,GAT_first_topk_perproduct
9503,per_chapter,6283317.825842392,32427153.758714713,0.4145095443350537,0.4652499936138249,0.7562596223968885,106.31868143918841,42,GAT_first_topk_perproduct
9504,per_chapter,1880346.9987706721,13272438.37315082,0.020359135579463117,0.48296877630050616,0.7218244193351583,114.39473081143063,177,GAT_first_topk_perproduct
9505,per_chapter,1074451.3040550088,5515263.164179683,0.1940312547126145,0.3377895020509941,0.7012365790447981,107.03364397277349,74,GAT_first_topk_perproduct
9506,per_chapter,444766.00432539935,2699335.305377642,0.0333475162513458,0.3693437391042347,0.6355442795228835,120.15616105486122,514,GAT_first_topk_perproduct
9507,per_chapter,340915.7406999995,955763.1419961177,0.12848070924682953,0.304148218358515,0.6033319069070001,122.8538199987631,122,GAT_first_topk_perproduct
9508,per_chapter,320512.6067005342,701086.2951128695,0.04975683400407138,0.05441890182662923,0.4533673469387755,120.58355967563877,49,GAT_first_topk_perproduct
9601,per_chapter,38273.25923407963,70865.63949512751,0.1626230690540469,0.1818392390450898,0.4818181818181817,120.78550469656963,45,GAT_first_topk_perproduct
9602,per_chapter,408723.4291508273,896167.4226075936,-0.08187729465274929,0.3783556838307852,0.563782991202346,124.67901996933163,32,GAT_first_topk_perproduct
9603,per_chapter,260669.31449770756,1449201.1595022667,0.11364911352141238,0.25379938423356685,0.6293185394545681,113.24390560877147,259,GAT_first_topk_perproduct
9604,per_chapter,6485.675286650165,10816.01191616501,0.30349442127415727,0.3462016399301219,0.687683284457478,93.52882515136625,32,GAT_first_topk_perproduct
9605,per_chapter,114163.68653606772,373647.35417029384,-0.019077468665839703,0.17687807103634146,0.4761904761904762,108.95547056556059,36,GAT_first_topk_perproduct
9606,per_chapter,172153.26705578787,589028.518039115,-1.3506804337602327,0.3427611795520775,0.6903971504536887,107.69665030732196,148,GAT_first_topk_perproduct
9607,per_chapter,222984.34860545385,553877.3273952563,0.6160427305103275,0.3326553096510083,0.5983818694621051,112.32229280438581,91,GAT_first_topk_perproduct
9608,per_chapter,182172.8579370232,750012.485436735,0.11962104368032311,0.3309956009257571,0.6210938672923121,124.21230273510832,246,GAT_first_topk_perproduct
9609,per_chapter,103766.09981926755,436618.02432043874,0.2175186021254183,0.43190346951930947,0.6764148958552492,112.40878636995512,97,GAT_first_topk_perproduct
9610,per_chapter,155913.0799839751,660035.3144904813,0.19146336387709761,0.4075530566259469,0.653475935828877,124.46486057082508,34,GAT_first_topk_perproduct
9611,per_chapter,71685.26670914722,160405.71240042723,0.11971223846668666,0.46672565710183356,0.8358957219251336,123.56955331683548,33,GAT_first_topk_perproduct
9612,per_chapter,250689.53166106902,720447.0374029616,-0.07306904864617869,0.316115216949564,0.5676019491350076,130.6823303590728,63,GAT_first_topk_perproduct
9613,per_chapter,205839.26484325036,587440.8473562036,0.13746338984163375,0.3738968623919483,0.6374071313725245,135.00826208876836,112,GAT_first_topk_perproduct
9615,per_chapter,202103.23282967604,1018400.9686742773,0.13383430129889584,0.3929343410089138,0.6492230891613555,106.42531486351858,108,GAT_first_topk_perproduct
9616,per_chapter,242174.38263528174,781209.735954184,0.03529242609348637,0.2335559558577841,0.6195590587363603,119.6503693732373,62,GAT_first_topk_perproduct
9617,per_chapter,1121462.596623305,5271158.9218685515,0.061353706818540354,0.5791161679263646,0.8423076923076924,92.39240258830709,39,GAT_first_topk_perproduct
9618,per_chapter,161594.97849909108,422415.99253671727,-0.13921214850536523,0.3865232983158391,0.6667031403873509,117.1403523883714,38,GAT_first_topk_perproduct
9619,per_chapter,2140929.85994768,4204408.508704896,0.3701374046989241,0.4576077433268969,0.6027874564459931,109.34731460249365,42,GAT_first_topk_perproduct
9620,per_chapter,147538.23840733673,603835.7101193762,0.1878124795456011,0.5375722474683585,0.7553342816500711,112.95568416503492,37,GAT_first_topk_perproduct
9701,per_chapter,3437526.7935016267,16640073.353077613,-0.009634225236617944,0.5532711006277641,0.7622930866601754,103.18890407409786,79,GAT_first_topk_perproduct
9703,per_chapter,924810.1280789766,2100667.9880644116,0.2504039071281168,0.5361443190459544,0.7437246963562752,114.45656967064517,39,GAT_first_topk_perproduct
9705,per_chapter,2735498.2743374696,12827543.673487624,-120.48569698630722,0.3232611386175712,0.6048387096774195,131.4545339259637,31,GAT_first_topk_perproduct
-1,overall,5127230.5024636425,460735299.6996933,-250.79556934841523,0.3412390220719195,0.6048238113989515,116.59102727366555,123777,EdgeGAT_full_attention_ka_ka_perproduct
1001,per_chapter,6391992.854925987,20223111.43941721,-0.09027412219080855,0.11912395370149864,0.40386945475864766,148.31512008978504,85,EdgeGAT_full_attention_ka_ka_perproduct
1003,per_chapter,17949196.9898445,95472610.15840851,-0.036582037074759155,-0.20216971289938002,-0.006192358366271408,137.01039471549265,45,EdgeGAT_full_attention_ka_ka_perproduct
1004,per_chapter,215940.79439840367,452706.45400213485,-0.04413867827479678,0.25261358240436294,0.4994773519163764,125.22323586363657,41,EdgeGAT_full_attention_ka_ka_perproduct
1005,per_chapter,5796844.505504355,17376275.764037345,0.1270112334350849,0.18671339455730185,0.42884615384615377,131.04111966795662,64,EdgeGAT_full_attention_ka_ka_perproduct
1006,per_chapter,1617700.2169608774,4739469.678106014,0.02025932622464377,0.183345982958799,0.40700935022443685,143.45991833345468,124,EdgeGAT_full_attention_ka_ka_perproduct
1007,per_chapter,8384355.796446273,36904148.87692975,-0.026892638962465076,0.20714131179321205,0.46167314179733504,114.66031696789545,38,EdgeGAT_full_attention_ka_ka_perproduct
1008,per_chapter,230691.2473394142,1134287.8206525915,-0.03478187959263557,0.13465406874353936,0.35676970983927137,127.4651953029895,152,EdgeGAT_full_attention_ka_ka_perproduct
1101,per_chapter,2022671.3138126887,4893098.307179079,-0.12816448841286254,0.18783055010146965,0.47335834896810514,109.65265643476457,40,EdgeGAT_full_attention_ka_ka_perproduct
1102,per_chapter,270756.85829298676,1105874.1957546938,-0.05337033227685839,0.17060848769619907,0.509058983159071,113.97742198009293,67,EdgeGAT_full_attention_ka_ka_perproduct
1103,per_chapter,187788.61986160433,383249.47226522974,-0.20207189348307142,0.06648536976098074,0.31199730402882675,132.11882821850992,99,EdgeGAT_full_attention_ka_ka_perproduct
1104,per_chapter,318063.8904951629,1631173.9364042897,-0.02591667206067294,0.08365417323169311,0.3636400994403603,122.98504598756328,156,EdgeGAT_full_attention_ka_ka_perproduct
1105,per_chapter,252727.14892238274,611194.4145956235,-0.04137118416490182,0.19287808663141492,0.42445196775662286,125.88123544125926,50,EdgeGAT_full_attention_ka_ka_perproduct
1106,per_chapter,122917.66010627866,370815.4987346336,-0.06499060904514464,0.20721824654166032,0.5260304057120384,117.50786505378879,89,EdgeGAT_full_attention_ka_ka_perproduct
1107,per_chapter,2055410.6606379456,5767067.534613201,-0.11021444259482682,0.20685660181135956,0.4455623019879298,136.59098107124154,47,EdgeGAT_full_attention_ka_ka_perproduct
1108,per_chapter,444428.60610056587,1828755.7679032912,-0.04892796963709434,0.14529370110684636,0.4132486811725779,124.16028475321212,147,EdgeGAT_full_attention_ka_ka_perproduct
1201,per_chapter,27227871.0034455,107328940.35227521,-0.018538286906181867,0.20190074968664384,0.36099547511312213,149.31661699650581,51,EdgeGAT_full_attention_ka_ka_perproduct
1202,per_chapter,807479.806787548,3064271.587977513,-0.03596012506977431,0.08887547443814636,0.2946907232718944,140.5435490640221,73,EdgeGAT_full_attention_ka_ka_perproduct
1204,per_chapter,759468.347155793,3148745.714922165,-0.04837749490004306,0.30307865962504166,0.5773081201334815,113.30913888505401,30,EdgeGAT_full_attention_ka_ka_perproduct
1205,per_chapter,2825584.1059647473,5043929.94363269,-0.9485914813810923,-0.551105679478054,0.25728744939271253,131.33646147960494,39,EdgeGAT_full_attention_ka_ka_perproduct
1206,per_chapter,1482926.9450339593,3915180.2636698955,-0.0589484995816143,0.20880059895965353,0.5314794215795328,137.224565816599,30,EdgeGAT_full_attention_ka_ka_perproduct
1207,per_chapter,394523.8550942929,1503230.9615607965,-0.055463152580072395,0.0666598215543176,0.15368196245457616,135.48315029575892,216,EdgeGAT_full_attention_ka_ka_perproduct
1208,per_chapter,1365858.7693715857,6842950.954385876,0.033004538046848,0.21492022945162603,0.45164856108252327,141.2234959827917,54,EdgeGAT_full_attention_ka_ka_perproduct
1209,per_chapter,530543.2569944846,1411544.0935491067,-0.06563704907811019,0.14777328204137585,0.3947202098173863,116.49462959690995,211,EdgeGAT_full_attention_ka_ka_perproduct
1211,per_chapter,894646.9857950233,2937623.520079521,-2.654007895352582,0.1417775540818237,0.3137130801687764,131.10220641158548,80,EdgeGAT_full_attention_ka_ka_perproduct
1212,per_chapter,284595.98097060545,1297423.015238891,-0.028131312336155956,0.06353980684475802,0.265417793039214,123.49035233222145,146,EdgeGAT_full_attention_ka_ka_perproduct
1214,per_chapter,1804139.205489064,5301363.996763,0.4721044431192316,0.27808541991509506,0.3563265306122449,121.5824091183791,49,EdgeGAT_full_attention_ka_ka_perproduct
1301,per_chapter,327891.8355827675,1543845.3945085076,-0.03091518959952677,0.28167746395734783,0.5241938530527203,102.6385791947982,62,EdgeGAT_full_attention_ka_ka_perproduct
1302,per_chapter,378864.00679205416,1238494.5921086846,0.14862016183629412,0.1368269276820121,0.4037675468866609,115.98076803110375,198,EdgeGAT_full_attention_ka_ka_perproduct
1401,per_chapter,57225.24832713802,132726.299357671,0.29528018179154303,0.13721365054460344,0.39035749057555935,112.8120329025978,68,EdgeGAT_full_attention_ka_ka_perproduct
1404,per_chapter,203563.28702919788,483289.5532272119,0.1269880219372287,0.0028921826404127993,0.3329633055812519,119.21828983993683,46,EdgeGAT_full_attention_ka_ka_perproduct
1501,per_chapter,1016208.2282679849,2170099.0422091014,-0.2656849730223385,0.055246738565857934,0.2928868022898571,152.9192592936958,48,EdgeGAT_full_attention_ka_ka_perproduct
1502,per_chapter,1474007.4216556684,3227359.896272913,-0.19062814826181507,0.07077061580370336,0.390440949737897,126.99875809711642,46,EdgeGAT_full_attention_ka_ka_perproduct
1504,per_chapter,1073059.4259048053,2611900.0709962784,-0.08982053310348914,0.00571802962523249,0.16452249304747932,138.89561422472417,60,EdgeGAT_full_attention_ka_ka_perproduct
1507,per_chapter,7501394.318982278,38288568.51040966,9.255609342151416e-05,0.06746208004265442,0.42098781436349497,131.65737669316923,57,EdgeGAT_full_attention_ka_ka_perproduct
1508,per_chapter,1400610.8768128925,5986770.373835072,-0.05826052422176842,0.10316507791691187,0.4682313892840208,136.11675378377296,37,EdgeGAT_full_attention_ka_ka_perproduct
1509,per_chapter,702310.8510372174,2733085.9452255354,-0.05169962618462409,0.07960593008941974,0.25251189846641986,118.56992960123509,61,EdgeGAT_full_attention_ka_ka_perproduct
1511,per_chapter,5617871.739571845,14378442.228161672,-0.5459112540333881,-0.15244096262424311,0.19202881152460982,142.05133062499232,50,EdgeGAT_full_attention_ka_ka_perproduct
1512,per_chapter,2872141.452318842,11502150.230296627,-0.06188440233194159,0.028203479967490175,0.288387973875031,149.35107905658748,78,EdgeGAT_full_attention_ka_ka_perproduct
1513,per_chapter,901251.4221997979,3688808.6055958904,-0.0676557939781659,0.07293347803214734,0.3198243794633943,121.68287657004413,77,EdgeGAT_full_attention_ka_ka_perproduct
1514,per_chapter,1852435.4237442072,5746984.692610587,-0.0957344427883835,0.1445100531076593,0.36114439852928093,145.270934443261,87,EdgeGAT_full_attention_ka_ka_perproduct
1515,per_chapter,374538.17381508107,1204165.4682841462,-0.022472254258190105,0.16547126715878469,0.3872291999664706,126.33087032623959,184,EdgeGAT_full_attention_ka_ka_perproduct
1516,per_chapter,1037352.0969988627,2556146.227895826,0.22968301986709505,0.09719745995957885,0.2520888418826018,110.86842177120513,61,EdgeGAT_full_attention_ka_ka_perproduct
1517,per_chapter,1010027.97316135,1918959.411881697,-0.0913416609238975,0.0369310597554412,0.5137504627915586,112.23290082122865,74,EdgeGAT_full_attention_ka_ka_perproduct
1518,per_chapter,9697014.30188755,28200268.389277317,-11.430847302240176,-0.026009971028396306,0.5589068825910931,119.4007161257201,39,EdgeGAT_full_attention_ka_ka_perproduct
1521,per_chapter,86317.42355394927,225569.38042855286,-0.07607461742875432,0.2872256206728325,0.6632276750040215,120.63458059753513,51,EdgeGAT_full_attention_ka_ka_perproduct
1601,per_chapter,968698.039737775,1790128.2868727893,0.13399589625085429,0.1347340738398244,0.44465290806754226,100.02475499017858,40,EdgeGAT_full_attention_ka_ka_perproduct
1602,per_chapter,1152240.5841442677,3443362.2621169467,-0.009247355164474946,0.10485033721475923,0.35607866214485434,125.33756338669096,277,EdgeGAT_full_attention_ka_ka_perproduct
1604,per_chapter,656226.0475321056,1881540.7523386911,0.15612642511046004,0.11758989428045441,0.3373272119206736,126.29634226534212,274,EdgeGAT_full_attention_ka_ka_perproduct
1605,per_chapter,846074.2058358355,2872712.3505751058,0.17476716675050197,0.11804207850045723,0.3677542561600162,131.25771261847314,322,EdgeGAT_full_attention_ka_ka_perproduct
1701,per_chapter,1664607.9530049246,4121838.160696687,-0.18562518684876905,0.0395222956834963,0.2591693694358772,135.64648657547846,149,EdgeGAT_full_attention_ka_ka_perproduct
1702,per_chapter,549610.7357636242,1355342.2385916107,-0.08112531152315561,0.12142776211193385,0.400125209410457,134.11852029843482,220,EdgeGAT_full_attention_ka_ka_perproduct
1703,per_chapter,963217.3311214761,3174973.0807677344,-0.09554098208429318,0.058484657600685885,0.2503075871496924,138.9082978742259,56,EdgeGAT_full_attention_ka_ka_perproduct
1704,per_chapter,968601.1950119031,1863872.0070401987,0.16937603115445787,0.21688489838013125,0.5222951426301412,111.66171386709107,82,EdgeGAT_full_attention_ka_ka_perproduct
1801,per_chapter,1527072.9821615152,7089800.552207219,-0.04686964303424013,-0.006175602554995496,0.35795328142380417,154.30823485916653,30,EdgeGAT_full_attention_ka_ka_perproduct
1803,per_chapter,942079.7191879433,2281312.7367267604,-0.14232722638912243,0.15333160375184862,0.45829959514170043,132.3471028911626,39,EdgeGAT_full_attention_ka_ka_perproduct
1805,per_chapter,755586.4335175477,1903591.3368240125,-0.6285260420738699,-0.0893442135678375,0.4482985009300799,122.39280459126225,38,EdgeGAT_full_attention_ka_ka_perproduct
1806,per_chapter,923003.820346137,2033857.8493528967,0.022698206977238233,0.22465374856110532,0.5276520101958615,119.78135832927666,197,EdgeGAT_full_attention_ka_ka_perproduct
1901,per_chapter,2128594.669587516,6056784.321477916,0.041874405548487426,0.3482779811753347,0.6602039229895065,106.14662622112039,117,EdgeGAT_full_attention_ka_ka_perproduct
1902,per_chapter,599007.95200038,1779661.1417502186,-0.04441880811400423,0.15952259727197782,0.42334966276137803,125.62882346815807,176,EdgeGAT_full_attention_ka_ka_perproduct
1904,per_chapter,357984.83685193246,891592.2603173923,-0.047849894176540175,0.1977182671442893,0.538782189283086,116.44750764900522,136,EdgeGAT_full_attention_ka_ka_perproduct
1905,per_chapter,1194988.8003716678,2764537.213425232,-0.08722833973544386,0.1013450973365958,0.3353190176744058,132.44876775323036,219,EdgeGAT_full_attention_ka_ka_perproduct
2001,per_chapter,206227.2231977607,400271.6999418915,0.18916175885851017,0.07853680619827486,0.2607120986790307,113.96441411642924,70,EdgeGAT_full_attention_ka_ka_perproduct
2002,per_chapter,757251.1830307778,2058480.4841738034,-0.025065169497855866,0.14776806821220645,0.4342088716523457,125.58880390052573,71,EdgeGAT_full_attention_ka_ka_perproduct
2003,per_chapter,575049.8769526478,2464162.4380394435,0.32351974472759926,0.4265162755068159,0.6193009118541033,99.25629890063496,48,EdgeGAT_full_attention_ka_ka_perproduct
2004,per_chapter,1614831.0713038372,4609893.045657672,0.08493768690356895,0.29109094682556924,0.56605718212009,120.75349015912715,68,EdgeGAT_full_attention_ka_ka_perproduct
2005,per_chapter,377919.6070362402,1213359.5008879646,-0.04847292872807252,0.17309962403732493,0.4305182127383876,126.50628903983791,302,EdgeGAT_full_attention_ka_ka_perproduct
2006,per_chapter,193819.41878043188,607900.6274605594,0.20397355767356107,-0.013760184138776665,0.5673101673101674,111.74751634262662,36,EdgeGAT_full_attention_ka_ka_perproduct
2007,per_chapter,338536.2879601474,876084.803816335,-0.0026272423192736927,0.1919089967223806,0.47151455041363305,119.12314562973229,110,EdgeGAT_full_attention_ka_ka_perproduct
2008,per_chapter,397925.43685135304,1182697.4591250664,0.010006239950622886,0.14362348107035117,0.3914833501469285,122.7479904848774,377,EdgeGAT_full_attention_ka_ka_perproduct
2009,per_chapter,483760.4978610044,1610208.4093964961,-0.07023546249955603,0.05847210960988669,0.2505558117208753,124.82046363426468,503,EdgeGAT_full_attention_ka_ka_perproduct
2101,per_chapter,466588.4061737074,994889.8229217902,-0.08800018791591113,0.21190970308698942,0.45345313628844625,122.59328590387611,132,EdgeGAT_full_attention_ka_ka_perproduct
2102,per_chapter,253110.73222884702,604712.2309987564,0.01583288753100387,0.25452992409116737,0.5475383323778827,110.41815988769012,105,EdgeGAT_full_attention_ka_ka_perproduct
2103,per_chapter,815394.2774761682,2110968.509455993,0.013038244958154865,0.2724619971430995,0.5493819988618618,125.41061495786194,152,EdgeGAT_full_attention_ka_ka_perproduct
2104,per_chapter,729592.9658292877,1605185.6610994476,-0.16139048586199478,0.08164742132070713,0.5192098544663772,119.63716032757429,73,EdgeGAT_full_attention_ka_ka_perproduct
2105,per_chapter,1791940.2055294777,3402834.7609357275,-0.7727475504231192,0.04577312442067505,0.4767206477732794,100.08132583286944,39,EdgeGAT_full_attention_ka_ka_perproduct
2106,per_chapter,3564344.2240101816,9411452.070202045,0.09345277459595325,0.264712312896736,0.614038033667772,125.02258535946457,83,EdgeGAT_full_attention_ka_ka_perproduct
2201,per_chapter,1018732.2456366929,3141745.8324820763,0.30959075320090546,0.22520853573826904,0.4410241820768136,114.62674648245506,75,EdgeGAT_full_attention_ka_ka_perproduct
2202,per_chapter,1247009.274234073,2572422.419473178,-0.06902806483604818,0.16018208349256324,0.4697682859986298,111.1726165977346,115,EdgeGAT_full_attention_ka_ka_perproduct
2203,per_chapter,1675233.171509679,4250085.697332126,0.0200037575732801,0.2507452325654568,0.6655052264808363,109.43247645973979,42,EdgeGAT_full_attention_ka_ka_perproduct
2204,per_chapter,1834766.8200592778,6365679.972980024,-0.05373661937461094,0.14025292697889014,0.38790507123436224,114.83740555610223,141,EdgeGAT_full_attention_ka_ka_perproduct
2205,per_chapter,145769.857468366,361981.8964710526,-0.15025401061829924,0.22565252463327146,0.41862348178137654,129.89317879865706,39,EdgeGAT_full_attention_ka_ka_perproduct
2206,per_chapter,494764.88738265657,1111245.8006821836,0.0040323743292624,0.29227971230024674,0.6363636363636364,108.12048018336304,34,EdgeGAT_full_attention_ka_ka_perproduct
2207,per_chapter,3329812.507438337,8524917.711439801,-0.04597599261290353,0.1546596387928878,0.35404437015887075,138.78065116424787,54,EdgeGAT_full_attention_ka_ka_perproduct
2208,per_chapter,1148782.4408302277,4039567.6032463415,-0.025192953848138133,0.24980678152521663,0.5467920867524482,109.40283664282819,243,EdgeGAT_full_attention_ka_ka_perproduct
2209,per_chapter,122724.10580911982,370520.0636387972,0.1846671513665591,0.4974145636996443,0.7470182733340628,90.03537934264398,38,EdgeGAT_full_attention_ka_ka_perproduct
2301,per_chapter,2896739.779348699,6003979.449876921,0.12295790656465744,-0.011476987030041075,0.2351528552444093,119.02308077587563,54,EdgeGAT_full_attention_ka_ka_perproduct
2302,per_chapter,1206804.8928235664,4007244.025831814,-0.08160942689782358,0.06045877527899923,0.24906045844204397,128.17790168672346,89,EdgeGAT_full_attention_ka_ka_perproduct
2303,per_chapter,2544921.2930352464,5567798.816718365,0.39563845328103886,0.16050681830109947,0.3905464987413772,126.0898799009537,56,EdgeGAT_full_attention_ka_ka_perproduct
2306,per_chapter,1934344.8814627267,6596165.660190025,-0.0867472545627519,0.00475262207158289,0.13013745277830271,141.29914525809585,111,EdgeGAT_full_attention_ka_ka_perproduct
2309,per_chapter,3409576.665675009,5672316.23973899,-0.27466294613350595,0.325112272399137,0.6437739475714158,104.24237404548013,78,EdgeGAT_full_attention_ka_ka_perproduct
2401,per_chapter,2384465.263375234,5689805.4885737235,-0.14406719549610614,0.23650196901572162,0.5289876368160158,120.40216364065127,83,EdgeGAT_full_attention_ka_ka_perproduct
2402,per_chapter,2736661.3349767346,7620775.342685263,-0.13045146912529937,0.0885332892773989,0.26007754174890074,139.11515131145913,90,EdgeGAT_full_attention_ka_ka_perproduct
2403,per_chapter,1881445.2914717393,6074763.221355579,-0.06441946282189792,0.02796612247347563,0.23075198238881295,144.2062500557356,101,EdgeGAT_full_attention_ka_ka_perproduct
2501,per_chapter,651248.7487251344,1573604.2936687693,-0.10603263134932095,-0.029935760731635286,0.41836155903087274,105.14522324711075,42,EdgeGAT_full_attention_ka_ka_perproduct
2504,per_chapter,139852.13165878816,460852.9974304911,0.708077426812853,0.3572813165804498,0.5600375234521576,124.67468315387538,40,EdgeGAT_full_attention_ka_ka_perproduct
2505,per_chapter,407943.4624351511,885690.8573259519,0.257648679791173,-0.06263917295856913,0.3919289152165863,136.3814655924124,74,EdgeGAT_full_attention_ka_ka_perproduct
2506,per_chapter,170878.92253307844,331233.52526482183,0.33976232128122597,0.2783202819991857,0.5655496269827747,114.58058841880101,52,EdgeGAT_full_attention_ka_ka_perproduct
2507,per_chapter,661121.1619557263,2723588.2036070703,-4.597831488505087,0.07146805431972447,0.4395161290322581,103.61694672983506,32,EdgeGAT_full_attention_ka_ka_perproduct
2508,per_chapter,187150.57514036293,488747.9451749514,0.1860718290632869,0.21684316889088084,0.4752879013683781,121.48309537360286,121,EdgeGAT_full_attention_ka_ka_perproduct
2510,per_chapter,6305927.304508846,19643319.9246364,-0.11416271969242708,0.11246061496248161,0.6075630252100841,137.94807956380453,35,EdgeGAT_full_attention_ka_ka_perproduct
2513,per_chapter,156496.29824993887,368681.0951662279,-1.0020905899669375,0.16686278893103534,0.5411764705882354,126.60171899645214,51,EdgeGAT_full_attention_ka_ka_perproduct
2515,per_chapter,287266.8560824989,799262.4804176997,-0.11329784785469021,0.18856796513950647,0.524395636623586,125.00023013875798,72,EdgeGAT_full_attention_ka_ka_perproduct
2516,per_chapter,135182.12509214156,408234.1641336892,-0.09024899902492822,0.22864738118008632,0.5060034570730122,117.93495170449502,99,EdgeGAT_full_attention_ka_ka_perproduct
2517,per_chapter,811562.3709180438,3853025.538285718,-0.037766183240413476,0.06202441801468572,0.2792971152745855,135.49395976579294,116,EdgeGAT_full_attention_ka_ka_perproduct
2518,per_chapter,635877.5600881769,1678601.3141907023,-0.12003999110237129,0.06929691727792264,0.34793113862881303,146.56064295707083,43,EdgeGAT_full_attention_ka_ka_perproduct
2519,per_chapter,399467.61084822845,981642.9323237229,0.6846299177358207,0.25444832241958315,0.3889795918367346,117.54094783855433,49,EdgeGAT_full_attention_ka_ka_perproduct
2520,per_chapter,329903.28371654206,1038617.5553338934,-0.09178859585354826,0.09780118088054157,0.3514542570068746,130.70001035885969,61,EdgeGAT_full_attention_ka_ka_perproduct
2522,per_chapter,950673.4947960828,4075923.9524024576,-0.046753785354641586,-0.04837205576045278,0.23566121130820247,132.48401493464334,61,EdgeGAT_full_attention_ka_ka_perproduct
2523,per_chapter,2522889.2885870826,7014984.187789717,-0.1324272091486156,0.06307614932867467,0.23518021089309568,142.37819441950106,130,EdgeGAT_full_attention_ka_ka_perproduct
2525,per_chapter,100512.38197393903,255572.6183848647,-0.126944348249995,-0.031082350543592208,0.2529436624945436,128.68602262466896,40,EdgeGAT_full_attention_ka_ka_perproduct
2526,per_chapter,240032.92943611398,520764.5222176292,0.1693796492677967,0.2425023110881266,0.5268111684655118,125.82882016130412,51,EdgeGAT_full_attention_ka_ka_perproduct
2529,per_chapter,462478.2896526381,1152275.0520337045,0.0530321538500963,0.005758580413151471,0.24362728653678223,130.16368782001416,63,EdgeGAT_full_attention_ka_ka_perproduct
2530,per_chapter,1290037.3224236553,9458832.803524561,-0.01809578267826062,0.15518856870859787,0.3670056414724819,137.4480323674733,79,EdgeGAT_full_attention_ka_ka_perproduct
2601,per_chapter,39725414.575308695,84173985.49824676,-0.23026895389795365,0.1268924117408381,0.4285077593566275,150.77455933767462,42,EdgeGAT_full_attention_ka_ka_perproduct
2615,per_chapter,1905950.9934698308,3988995.429603235,-0.15748042398434436,0.18272860434781513,0.6560622914349278,126.53604787973146,30,EdgeGAT_full_attention_ka_ka_perproduct
2617,per_chapter,1010227.0148775203,3153845.30234673,-0.09709568454140238,0.1200467443126283,0.40140374331550804,146.66145264172226,33,EdgeGAT_full_attention_ka_ka_perproduct
2620,per_chapter,870657.8048338827,2391792.5930084265,-0.10492608293899774,0.04967243194227766,0.29595732835301003,121.50159107271588,132,EdgeGAT_full_attention_ka_ka_perproduct
2621,per_chapter,331982.6048464272,675263.4964740411,-0.08926325081341147,0.209481002934106,0.4853372434017595,108.2442614511394,32,EdgeGAT_full_attention_ka_ka_perproduct
2701,per_chapter,11808329.132543003,52304569.38287575,-0.01066319466900234,0.17901024263711773,0.42092370275977364,149.7157651509928,70,EdgeGAT_full_attention_ka_ka_perproduct
2707,per_chapter,7952660.648041416,22427653.11411452,-0.09743760893036257,0.0248952866918295,0.2715558061230301,159.09664605584405,104,EdgeGAT_full_attention_ka_ka_perproduct
2710,per_chapter,29059269.700198833,76217997.27317546,-0.10488528964780253,-0.012481081328337806,0.26089083914125755,162.5246755400117,139,EdgeGAT_full_attention_ka_ka_perproduct
2711,per_chapter,114381718.35267772,482496666.200627,-0.08297948814136502,0.011195854955137752,0.29951029995664347,150.1415341452611,145,EdgeGAT_full_attention_ka_ka_perproduct
2712,per_chapter,538314.4257345592,1781630.2913637804,-0.04609005226393692,0.21534487947690872,0.5011777655913254,123.80502535297373,88,EdgeGAT_full_attention_ka_ka_perproduct
2713,per_chapter,5716934.694539525,13210836.550826415,0.007347352338973101,0.10842417160572548,0.3573599164381847,130.83703506096666,72,EdgeGAT_full_attention_ka_ka_perproduct
2714,per_chapter,198115.5530005324,381979.35853297653,-0.2928908361966269,-0.21161222431066085,-0.09098998887652948,128.75530760189267,30,EdgeGAT_full_attention_ka_ka_perproduct
2715,per_chapter,941207.9024791325,2176588.3404404633,0.12937443166754292,-0.3324321342727561,0.35887096774193555,121.32833318855307,31,EdgeGAT_full_attention_ka_ka_perproduct
2801,per_chapter,2191487.7419175454,10521412.125945736,-0.04012138819611821,0.1459928803595829,0.41832779643270057,130.3505775089937,58,EdgeGAT_full_attention_ka_ka_perproduct
2803,per_chapter,2577751.2107158187,5167800.4448190285,-0.6668554060452134,0.39515339500910807,0.6596774193548388,127.47414517289167,31,EdgeGAT_full_attention_ka_ka_perproduct
2804,per_chapter,1003517.9860792337,4184436.0199853145,-0.021657464165591556,0.11777167164444813,0.3681841295486673,118.53639064869412,233,EdgeGAT_full_attention_ka_ka_perproduct
2805,per_chapter,1085368.388926251,4160454.170086389,-4.483780134667034,0.3306152732104053,0.5886416607410425,132.03404033147643,71,EdgeGAT_full_attention_ka_ka_perproduct
2806,per_chapter,136468.07795206545,446591.5529648012,-0.015166138897440007,0.06021782489761718,0.33420255210210853,115.55058005353625,44,EdgeGAT_full_attention_ka_ka_perproduct
2809,per_chapter,4314018.354993421,11753096.29581104,-0.27852342639356764,0.01788683380309586,0.2533596837944664,144.22868437411464,45,EdgeGAT_full_attention_ka_ka_perproduct
2811,per_chapter,600312.7137970595,1536082.8807686123,0.2334614893195739,0.128544409079415,0.39078636341400597,120.68676539519953,145,EdgeGAT_full_attention_ka_ka_perproduct
2812,per_chapter,456364.4881430979,1212438.7620104076,-0.1941948649501828,0.23759937936125008,0.4807719219115488,127.5357195421422,67,EdgeGAT_full_attention_ka_ka_perproduct
2814,per_chapter,1628720.1634354857,3807781.201252567,-0.07644766321935026,0.0037209638846906756,0.2081495056981987,130.5546331276082,51,EdgeGAT_full_attention_ka_ka_perproduct
2815,per_chapter,950526.1651122029,2578337.6744152284,-0.1426551323298635,0.06528863972867482,0.38989953353318185,125.63436538654233,99,EdgeGAT_full_attention_ka_ka_perproduct
2816,per_chapter,233224.33597863698,562417.4340361452,-0.11944045081214716,0.2585571155996599,0.5237079184447605,128.39366789310708,37,EdgeGAT_full_attention_ka_ka_perproduct
2817,per_chapter,495731.8096132677,774553.6868925025,-0.5419833315334048,0.3185547838877585,0.657842046718576,116.60482377852423,30,EdgeGAT_full_attention_ka_ka_perproduct
2818,per_chapter,7112302.246699758,38207675.98328975,-0.035649777132236826,0.2419626507946826,0.5302807627938961,121.9223105916424,68,EdgeGAT_full_attention_ka_ka_perproduct
2820,per_chapter,456298.55190352094,1117349.1123901084,-1.7887908254243832,0.4049547324849059,0.7085561497326204,116.71783307750219,33,EdgeGAT_full_attention_ka_ka_perproduct
2821,per_chapter,202737.83740081778,461368.71175207145,0.1328756268355985,0.2851361101465316,0.4886018237082067,114.05812877075896,48,EdgeGAT_full_attention_ka_ka_perproduct
2823,per_chapter,249905.33629749314,578533.0047612102,-0.009225153092870864,0.33566098597417804,0.5768631813125694,111.29926610339602,30,EdgeGAT_full_attention_ka_ka_perproduct
2825,per_chapter,4087334.734952751,19029860.94606734,0.13252655011955083,0.238400771554375,0.5211153688634513,127.23195657277999,146,EdgeGAT_full_attention_ka_ka_perproduct
2826,per_chapter,811716.2975097845,2034070.2603768671,-1.91417633832648,0.15913480713857087,0.38872887864823347,128.78740394844257,63,EdgeGAT_full_attention_ka_ka_perproduct
2827,per_chapter,410203.0880257154,1471448.8482994144,-0.02377712598905668,0.1864568725635144,0.502846522283583,118.87907896064654,235,EdgeGAT_full_attention_ka_ka_perproduct
2828,per_chapter,222263.37817616522,687317.5442343674,0.008752752047029966,0.1343588534975546,0.2934453781512605,110.7336863693227,50,EdgeGAT_full_attention_ka_ka_perproduct
2829,per_chapter,517478.9721943857,2253597.310650926,-0.04501799661010697,0.20469605648794387,0.3459354284918977,133.3547026547195,51,EdgeGAT_full_attention_ka_ka_perproduct
2830,per_chapter,878417.1147992852,3336314.925496332,-0.02170520065789816,0.35446466541445965,0.5736842105263158,122.18541432791037,39,EdgeGAT_full_attention_ka_ka_perproduct
2831,per_chapter,35737.21811785107,85284.04251244542,0.906269547151705,0.3407317607827778,0.5016711229946524,110.95541349930642,33,EdgeGAT_full_attention_ka_ka_perproduct
2832,per_chapter,66169.27557780792,154447.74335805982,0.14601991403783965,0.18066676484526933,0.5379777642134227,109.96848773385386,68,EdgeGAT_full_attention_ka_ka_perproduct
2833,per_chapter,3577133.7813455355,50139700.84980624,-0.005106123583011213,0.16615151370042391,0.39834485103553374,123.07294873451609,221,EdgeGAT_full_attention_ka_ka_perproduct
2834,per_chapter,333193.65927299234,1299490.285917232,-0.04798638452667481,0.0154072387421893,0.2752433920989494,121.79074918761232,65,EdgeGAT_full_attention_ka_ka_perproduct
2835,per_chapter,418681.066438316,1221001.669429927,-2.8921695749443135,0.11138856330549851,0.4777596158766531,113.28223919925338,190,EdgeGAT_full_attention_ka_ka_perproduct
2836,per_chapter,6339190.688317604,66525510.016821556,-0.008957084815576444,0.14787680404803316,0.49840368941759483,125.26245604924652,191,EdgeGAT_full_attention_ka_ka_perproduct
2837,per_chapter,623195.303911744,1875186.791857897,0.08691173507299865,0.22067593984476142,0.4760313997068815,135.72119487364108,39,EdgeGAT_full_attention_ka_ka_perproduct
2839,per_chapter,133364.18256832208,320304.0328214078,0.07923282843674351,0.21654799083317233,0.5144575065696376,117.92030094452926,80,EdgeGAT_full_attention_ka_ka_perproduct
2840,per_chapter,252744.75545112055,954069.0080602361,0.424392022935251,0.2010479410364514,0.44398158772895996,125.50444408935961,69,EdgeGAT_full_attention_ka_ka_perproduct
2841,per_chapter,1621218.2964495686,12443219.974622857,-0.01510613544523487,0.24899220991532778,0.4806846428458895,128.9843684257029,111,EdgeGAT_full_attention_ka_ka_perproduct
2842,per_chapter,2241697.415973765,12594796.7646216,0.019328624412916717,0.3785808106748624,0.6200140276253737,114.49434313260704,51,EdgeGAT_full_attention_ka_ka_perproduct
2843,per_chapter,2455079.9064798816,10861465.228098398,-0.027171895574597205,0.3447575457266383,0.5935941128890553,135.02109619831722,90,EdgeGAT_full_attention_ka_ka_perproduct
2844,per_chapter,15844729.13873237,74600348.77408916,-0.04661177955972495,0.23971462166279067,0.5061733807287947,134.26844343155028,59,EdgeGAT_full_attention_ka_ka_perproduct
2846,per_chapter,1487669.7718568163,3132614.5960096796,0.34573274280544264,0.49965190238641055,0.7383753501400561,132.58326950768986,35,EdgeGAT_full_attention_ka_ka_perproduct
2847,per_chapter,376306.47193346254,612719.1819741405,-0.15440243177675406,-0.015292189301522097,0.27519466073414905,122.04211117104961,30,EdgeGAT_full_attention_ka_ka_perproduct
2849,per_chapter,926682.7112610904,2915127.6185936527,-2.2037080504261417,0.14557364386145177,0.48279670594242396,122.74867186518634,50,EdgeGAT_full_attention_ka_ka_perproduct
2853,per_chapter,2470044.6341379853,10879718.20847705,-0.26686396587091465,0.2925899678234435,0.5472329472329472,131.4305508678259,36,EdgeGAT_full_attention_ka_ka_perproduct
2901,per_chapter,6304820.609465123,17096151.40782539,0.08841239111004207,0.27924459637656585,0.5539973174354362,137.68577116484676,98,EdgeGAT_full_attention_ka_ka_perproduct
2902,per_chapter,8164847.5243188925,41304232.45923812,-0.010711597654765814,0.24536008784987784,0.5319888041153755,143.58614382537814,198,EdgeGAT_full_attention_ka_ka_perproduct
2903,per_chapter,1003810.3865652686,5233508.981745209,-0.02476545759810911,0.20878489104977405,0.5078194531368535,126.62068830397966,312,EdgeGAT_full_attention_ka_ka_perproduct
2904,per_chapter,350216.3954451586,1166838.1514059636,0.07460449027073857,0.1616726702304121,0.45059114494502606,132.57483325679956,81,EdgeGAT_full_attention_ka_ka_perproduct
2905,per_chapter,923561.4024229359,3823104.2205244247,-0.009242141064530696,0.15103775324828805,0.5288526972866532,126.89891845766104,431,EdgeGAT_full_attention_ka_ka_perproduct
2906,per_chapter,383244.6610685547,2560866.584074291,0.0020782532141595533,0.35566624693858795,0.6380809477753172,115.17383143863238,121,EdgeGAT_full_attention_ka_ka_perproduct
2907,per_chapter,740203.2596245764,2146351.7449095245,-0.0527307237829604,0.2537612516416198,0.5428226691941157,131.52012310988115,143,EdgeGAT_full_attention_ka_ka_perproduct
2908,per_chapter,652608.5648416921,1520441.8108072914,-1.2999317714654044,0.12293519921277707,0.6596977437447625,141.41821794205018,42,EdgeGAT_full_attention_ka_ka_perproduct
2909,per_chapter,1394382.352058765,7445010.710552813,0.031646653072310404,0.15397056037135082,0.5429220209326873,121.55967800116854,200,EdgeGAT_full_attention_ka_ka_perproduct
2910,per_chapter,1962222.7805187227,6211850.956897679,-0.059751068311700406,0.17817473132719808,0.508362046302151,137.08830192018445,64,EdgeGAT_full_attention_ka_ka_perproduct
2912,per_chapter,164739.6714669819,504603.4458699675,0.09212219805568778,0.366455397482189,0.6305774701735247,124.73832609330675,172,EdgeGAT_full_attention_ka_ka_perproduct
2914,per_chapter,319581.23542907706,985303.6216613977,0.03653351016937367,0.29844616623728504,0.61592862497285,120.72942663476252,257,EdgeGAT_full_attention_ka_ka_perproduct
2915,per_chapter,668058.8173203901,2205690.55042044,0.009828243543129278,0.1682706243897648,0.5318064330959049,117.88174544964517,327,EdgeGAT_full_attention_ka_ka_perproduct
2916,per_chapter,494819.9478035933,1330647.5045189979,0.05904225425712195,0.31204415018683695,0.6203904010055814,114.60486234148331,217,EdgeGAT_full_attention_ka_ka_perproduct
2917,per_chapter,938560.5994833261,5267748.094210454,0.0883100601529958,0.22803953165665802,0.5416278308928281,123.75439370049597,220,EdgeGAT_full_attention_ka_ka_perproduct
2918,per_chapter,455014.0915150681,2200823.4140384244,-0.04155310351759689,0.2298401248117573,0.5688088989719918,116.46665979164752,303,EdgeGAT_full_attention_ka_ka_perproduct
2920,per_chapter,366649.2242041572,653460.0294475472,0.19055334140756774,0.09664988823489129,0.35674723065342145,142.57609087423904,74,EdgeGAT_full_attention_ka_ka_perproduct
2921,per_chapter,770997.5550360732,3576243.5566956536,0.02037134575328725,0.2552880651009586,0.5090479232256573,127.7364377835883,271,EdgeGAT_full_attention_ka_ka_perproduct
2922,per_chapter,584051.927093858,1994942.1287907988,0.14654403671828398,0.18180490515560532,0.48120453243900085,128.2794392337137,280,EdgeGAT_full_attention_ka_ka_perproduct
2923,per_chapter,391635.76418388856,1404508.6784524112,0.047536354857917296,0.141279278596961,0.5084807151540033,116.06678879465922,92,EdgeGAT_full_attention_ka_ka_perproduct
2924,per_chapter,837137.0231071752,2204333.610162441,0.21620587617599185,0.06585792544733526,0.4755562507332645,131.28868342592546,90,EdgeGAT_full_attention_ka_ka_perproduct
2925,per_chapter,327274.48250491516,802215.2717001231,0.2264770955820944,0.20314209360976854,0.5430463581822859,124.4769134249719,69,EdgeGAT_full_attention_ka_ka_perproduct
2926,per_chapter,1642255.6187771212,4530895.826618274,0.0640529829383435,0.16378708128741015,0.39652574100586224,141.7070770724822,57,EdgeGAT_full_attention_ka_ka_perproduct
2929,per_chapter,926044.781801057,2207594.1761957724,0.26567571130384005,0.27897448469576,0.4444170343474098,107.10146688728679,46,EdgeGAT_full_attention_ka_ka_perproduct
2930,per_chapter,1034331.3250782187,2422446.1849512733,0.1442320103328083,0.14207568940698556,0.4089092038932969,134.96756584788525,91,EdgeGAT_full_attention_ka_ka_perproduct
2931,per_chapter,1000268.7465272761,2974674.9477714114,0.24511787607570545,-0.1064446202556204,0.2945403615267331,132.76146630869036,96,EdgeGAT_full_attention_ka_ka_perproduct
2932,per_chapter,843980.1123725388,2405218.990726623,-0.5556667593747773,0.1683335104480851,0.4600552545975116,127.65196355797829,155,EdgeGAT_full_attention_ka_ka_perproduct
2933,per_chapter,4750871.420988518,32495347.95970809,-0.01882693242955713,0.18213857275200762,0.44808189872315707,130.8859776875556,368,EdgeGAT_full_attention_ka_ka_perproduct
2934,per_chapter,2643904.650416813,9638160.917298114,-0.010413802698741703,0.24850391536121386,0.55104451519887,131.82421891461456,94,EdgeGAT_full_attention_ka_ka_perproduct
2935,per_chapter,5220522.202450422,22391701.54301364,-0.052675029699040365,0.07678389135654462,0.1999124630703578,160.12591340560743,38,EdgeGAT_full_attention_ka_ka_perproduct
2936,per_chapter,486449.0643661346,1531530.8070248675,-1.841742550454338,0.3374484226736728,0.637048269008766,115.96446616202319,240,EdgeGAT_full_attention_ka_ka_perproduct
2937,per_chapter,12865404.21843287,109453062.93999395,-0.01268132869434524,0.29345061221985413,0.5441188442295734,122.75808439175388,156,EdgeGAT_full_attention_ka_ka_perproduct
2938,per_chapter,678189.6534913562,2030728.0901213787,0.15954796244067182,0.09069359125093757,0.38574108818011266,126.10234501212705,40,EdgeGAT_full_attention_ka_ka_perproduct
2939,per_chapter,209142.93953372445,708521.9790663361,-0.04591095180368532,0.09196548128019644,0.3323675108631443,131.5569835538845,167,EdgeGAT_full_attention_ka_ka_perproduct
2941,per_chapter,912687.695313128,2478566.1114839385,0.2368641436685639,0.18537203534688285,0.37625511465095773,128.9299004806093,127,EdgeGAT_full_attention_ka_ka_perproduct
3001,per_chapter,2324685.067560413,6321712.594731572,-0.0432084389027414,0.5748765985679047,0.7215771649733914,134.52055566993536,53,EdgeGAT_full_attention_ka_ka_perproduct
3002,per_chapter,14064057.008800916,51586426.463179745,-0.0005273472552300706,0.33222588013077337,0.6003890766930715,132.50361258293003,218,EdgeGAT_full_attention_ka_ka_perproduct
3003,per_chapter,4606366.66129818,40484542.91183251,-0.012524581100836096,0.15019531468061476,0.3934083478602194,132.95197272189696,150,EdgeGAT_full_attention_ka_ka_perproduct
3004,per_chapter,5674032.0152012,23054325.503931835,-0.04577450088652091,0.1986053809888837,0.45553481390176787,126.8669141581765,341,EdgeGAT_full_attention_ka_ka_perproduct
3005,per_chapter,773458.1491349544,1966282.8092142576,-0.3964825969416781,0.3027209372892029,0.6578427742811305,100.82639200083902,73,EdgeGAT_full_attention_ka_ka_perproduct
3006,per_chapter,811056.5749777869,2352333.792456707,0.019895987320573183,0.19818316718722873,0.5382987431868727,123.76286923560966,228,EdgeGAT_full_attention_ka_ka_perproduct
3101,per_chapter,572311.8993531225,979434.8059446681,-1.0473135484287002,-0.11119614288124624,0.5141329258976317,122.55718269492878,34,EdgeGAT_full_attention_ka_ka_perproduct
3102,per_chapter,2434523.065670702,8049061.3563859975,-0.053900635182902557,0.0025867466946162265,0.3400193321736911,135.5091277959347,180,EdgeGAT_full_attention_ka_ka_perproduct
3103,per_chapter,2042480.0222777878,6525668.649068977,-0.0888167687670729,0.028779902599322504,0.2634735651920306,138.6126907940523,52,EdgeGAT_full_attention_ka_ka_perproduct
3104,per_chapter,1258322.445889392,4351118.017847138,0.023446957707019322,0.04496588636327581,0.40027888286560376,117.8946551620889,76,EdgeGAT_full_attention_ka_ka_perproduct
3105,per_chapter,1871296.128337112,6588343.438783539,-0.005268197807408503,0.016004687040700127,0.3536682729084863,121.78165285061996,194,EdgeGAT_full_attention_ka_ka_perproduct
3201,per_chapter,176781.71466466726,592686.5967262995,-0.08404713077596604,0.00016546364389913304,0.35661615752370146,106.79798956105154,42,EdgeGAT_full_attention_ka_ka_perproduct
3202,per_chapter,98984.30508901419,177098.99761306317,0.5415276302844121,0.34309821422029385,0.7587296166652437,102.7613844745144,52,EdgeGAT_full_attention_ka_ka_perproduct
3203,per_chapter,1002132.7744024103,2992003.322052704,-9.249399807266913,0.2637120962668965,0.7163449163449164,98.19483703516906,36,EdgeGAT_full_attention_ka_ka_perproduct
3204,per_chapter,258597.89967548172,770498.9944728395,0.29302735748205144,0.3243651949970242,0.5912612873926169,107.23994687921335,291,EdgeGAT_full_attention_ka_ka_perproduct
3206,per_chapter,655950.6365445402,2477655.421777783,0.06618500732013488,0.13075944772450354,0.4583872410306628,116.9829225066501,180,EdgeGAT_full_attention_ka_ka_perproduct
3207,per_chapter,451230.9104113694,1533813.4788821875,0.12209358965504902,0.31928210269364077,0.6072714907543874,108.34537396877421,119,EdgeGAT_full_attention_ka_ka_perproduct
3208,per_chapter,910039.2464778941,2179441.8969529783,0.07963582727100693,0.29312197717947264,0.557926477358734,96.57834952508466,114,EdgeGAT_full_attention_ka_ka_perproduct
3209,per_chapter,491615.3393110717,1053105.7883139926,-0.20776951359667772,0.26334908614504526,0.5878529698149951,93.27796337061145,79,EdgeGAT_full_attention_ka_ka_perproduct
3210,per_chapter,125409.84223771826,230801.75335612617,0.37948945421306723,0.4385046377264893,0.6771255060728746,94.19209427478577,39,EdgeGAT_full_attention_ka_ka_perproduct
3212,per_chapter,212834.52738639986,408763.2940905571,0.46667798363656454,0.2906822443579311,0.6624743480981573,99.25750202118387,63,EdgeGAT_full_attention_ka_ka_perproduct
3213,per_chapter,193116.48444220136,642815.8221168573,-4.21089830250788,0.2561101879086992,0.5973030142781597,109.19293103234892,61,EdgeGAT_full_attention_ka_ka_perproduct
3214,per_chapter,479205.40178071184,874954.7648935629,0.24966314955931024,0.34487744784321994,0.679676511954993,102.47450605975095,80,EdgeGAT_full_attention_ka_ka_perproduct
3215,per_chapter,544182.0972906218,1051139.4378953504,0.2015776246074682,0.2023242652857684,0.5120128147301141,111.31628438073268,115,EdgeGAT_full_attention_ka_ka_perproduct
3301,per_chapter,313848.03596693365,1731757.3126050734,-0.016158275940599376,0.19532833346829204,0.43162084326080263,120.7383542300859,242,EdgeGAT_full_attention_ka_ka_perproduct
3302,per_chapter,2737829.0219075074,11148436.132583776,-0.016917871243174343,0.3717639177555544,0.6918190342240976,107.5295261451789,80,EdgeGAT_full_attention_ka_ka_perproduct
3303,per_chapter,3581829.442350203,8641922.240831539,0.08701322463165329,0.44357516039196987,0.6748414376321353,107.12127776736808,44,EdgeGAT_full_attention_ka_ka_perproduct
3304,per_chapter,2614272.2356445664,9883553.803642733,0.028486070492523274,0.440087098231124,0.7244093128684777,114.56338267445219,197,EdgeGAT_full_attention_ka_ka_perproduct
3305,per_chapter,640549.6731721386,1360134.252175926,0.025013005414892375,0.24726898231396222,0.5182274212628142,116.33450468592466,149,EdgeGAT_full_attention_ka_ka_perproduct
3306,per_chapter,443898.5143283698,1064981.7335364781,-0.10954998182573039,0.28826569946083636,0.6008924594400427,113.33139686666168,104,EdgeGAT_full_attention_ka_ka_perproduct
3307,per_chapter,428099.8698348791,995323.819061713,0.03540261424238211,0.290175729365968,0.6125444913463843,110.02215670071769,230,EdgeGAT_full_attention_ka_ka_perproduct
3401,per_chapter,589499.8369843869,1527427.317844118,0.03438531479856333,0.2959708149636302,0.49500014287072613,105.22853784255621,164,EdgeGAT_full_attention_ka_ka_perproduct
3402,per_chapter,892144.7924026034,2080592.7410283464,0.052198520906710066,0.27017902598437815,0.5577328870626921,106.0930674391963,215,EdgeGAT_full_attention_ka_ka_perproduct
3403,per_chapter,575820.5736276589,1815636.459642042,0.1905672511452332,0.4058796153407648,0.6583592964180534,109.20686911354613,135,EdgeGAT_full_attention_ka_ka_perproduct
3404,per_chapter,304797.3092713048,593925.1433446908,0.2708865533664623,0.3530074817609583,0.660958503798948,120.23098979979672,59,EdgeGAT_full_attention_ka_ka_perproduct
3405,per_chapter,257025.37555820894,1124643.4009044683,0.0727806273387055,0.27966188460680663,0.665382593822841,116.65860545905669,165,EdgeGAT_full_attention_ka_ka_perproduct
3406,per_chapter,328501.75535256875,735264.6761336718,0.5943488679902451,0.3815869603007427,0.6211003970504821,100.82979527682187,42,EdgeGAT_full_attention_ka_ka_perproduct
3407,per_chapter,325540.01600486675,1228660.4131493305,-3.6304582630104143,0.5822839322484371,0.7274131274131276,105.89272431201952,36,EdgeGAT_full_attention_ka_ka_perproduct
3501,per_chapter,1786918.0900624907,5785653.263797561,-0.09751032053506226,0.15011204961838642,0.48416424692837756,125.50525739278733,48,EdgeGAT_full_attention_ka_ka_perproduct
3502,per_chapter,796962.6966558533,1896484.619693209,-0.010141888590741832,0.08244916867531982,0.2747911853864517,128.30312429756407,74,EdgeGAT_full_attention_ka_ka_perproduct
3503,per_chapter,825570.4104947515,1761015.7576657839,-0.0971030413705034,0.27082662523796674,0.5585434173669468,116.94680300251281,35,EdgeGAT_full_attention_ka_ka_perproduct
3505,per_chapter,450686.56640746613,1047260.1117804496,0.06370460494220953,0.22241689692204647,0.45739136138396275,119.98711266030735,65,EdgeGAT_full_attention_ka_ka_perproduct
3506,per_chapter,672298.0637125312,1759188.059006331,-0.313071049669015,0.44503458709642896,0.7160951251666267,107.39504151453771,120,EdgeGAT_full_attention_ka_ka_perproduct
3507,per_chapter,1150232.5828068168,2810378.839018691,-0.034690012344569254,0.07478948397529483,0.4069872958257714,123.80461010544926,57,EdgeGAT_full_attention_ka_ka_perproduct
3604,per_chapter,678694.6242654353,2374790.8896792377,0.08684081458934989,0.31273241322187195,0.6032388663967612,118.7633771769914,39,EdgeGAT_full_attention_ka_ka_perproduct
3606,per_chapter,191851.37497794,328773.10927912255,-0.292997974823886,0.1319176543438514,0.3675870348139256,128.3134671292284,50,EdgeGAT_full_attention_ka_ka_perproduct
3701,per_chapter,552598.9755700779,1866881.8223334427,-0.04411083831172502,0.2041234713888358,0.5486427252751948,124.08677809416737,119,EdgeGAT_full_attention_ka_ka_perproduct
3702,per_chapter,480105.90670201596,2400996.790267792,-0.023566463011377214,0.1618813245452677,0.447452272269713,118.00913069289973,202,EdgeGAT_full_attention_ka_ka_perproduct
3703,per_chapter,106218.5424960347,382226.41783790104,-0.05949224437180978,0.2040630303322133,0.6079212454212454,121.77667535828382,64,EdgeGAT_full_attention_ka_ka_perproduct
3707,per_chapter,3037176.1295273076,12651089.993997611,-0.2552659602438081,0.33250775320452153,0.6119393310863365,112.01579475043108,57,EdgeGAT_full_attention_ka_ka_perproduct
3801,per_chapter,666083.3830611984,2176320.3006160352,0.4351804885334174,0.37711213991695913,0.6194757464704106,117.31049425151076,84,EdgeGAT_full_attention_ka_ka_perproduct
3802,per_chapter,376639.69717019587,856275.003991646,0.2846504872605192,0.2872113441682995,0.6439102564102563,115.29673347821397,64,EdgeGAT_full_attention_ka_ka_perproduct
3805,per_chapter,230251.46593693885,850721.4026551688,-0.0001786369224476836,0.2290438114486807,0.567351253397765,134.8146555284871,43,EdgeGAT_full_attention_ka_ka_perproduct
3806,per_chapter,211910.75807416267,494338.1267532898,0.055614598577425345,0.3966734927638065,0.6465701084768037,111.37589061327446,74,EdgeGAT_full_attention_ka_ka_perproduct
3808,per_chapter,1057867.796919154,3168329.12928614,-0.03366628492932788,0.1553140114939141,0.37625070583540443,122.48486627250882,281,EdgeGAT_full_attention_ka_ka_perproduct
3809,per_chapter,288783.83741252497,527054.573469011,0.05978749705524711,0.22359967076290488,0.4832755776932829,113.24660197090938,105,EdgeGAT_full_attention_ka_ka_perproduct
3810,per_chapter,308182.24978447624,846604.1888619228,0.19538147250837035,0.5123938594044655,0.7485599078341014,107.73552178981906,63,EdgeGAT_full_attention_ka_ka_perproduct
3811,per_chapter,1394406.8965073477,5240595.548586216,-0.023612871785909872,0.11523809829241782,0.3809070457123797,125.98933183664325,127,EdgeGAT_full_attention_ka_ka_perproduct
3812,per_chapter,1003545.0982789758,3399379.336102183,-0.17009931116602584,0.12558594550558944,0.5071739960808324,122.14332067819058,101,EdgeGAT_full_attention_ka_ka_perproduct
3814,per_chapter,295922.36550483434,490212.9179270308,0.058238814118951265,0.2042452625120459,0.5629718787613525,104.33580374033076,38,EdgeGAT_full_attention_ka_ka_perproduct
3815,per_chapter,3539265.044793772,9500674.275429472,-1.6816723875843778,0.33761676341185853,0.6492420869756684,116.54934050253208,104,EdgeGAT_full_attention_ka_ka_perproduct
3816,per_chapter,865040.5085059981,2745229.8814633843,-0.050775232014784066,0.2834382324315582,0.6818397344713133,103.54691094815642,37,EdgeGAT_full_attention_ka_ka_perproduct
3819,per_chapter,178185.63813525264,429070.5536197572,-0.9067687787036345,0.2623695126486052,0.6586707410236822,97.8062562396781,34,EdgeGAT_full_attention_ka_ka_perproduct
3820,per_chapter,307375.78094135335,835215.1995994456,-5.138020767842202,0.1753811872143658,0.6082722398511872,109.73388146935075,38,EdgeGAT_full_attention_ka_ka_perproduct
3821,per_chapter,447055.57650875783,718304.9346872988,0.7876256044689114,0.30483137986822806,0.6629488158899923,112.05021161672275,34,EdgeGAT_full_attention_ka_ka_perproduct
3822,per_chapter,4006250.6629429054,11444015.472729644,-0.1942315234950065,0.4672635590751504,0.7529616724738677,96.02502175393678,41,EdgeGAT_full_attention_ka_ka_perproduct
3823,per_chapter,817989.1170164105,2401862.5307424227,-0.05421508894919458,0.06779693008980292,0.3426417343946573,120.97086192481967,125,EdgeGAT_full_attention_ka_ka_perproduct
3824,per_chapter,1058551.8118490481,6447597.737932308,-0.015960636711979337,0.04392451088955207,0.2110764989140364,133.66306390281207,333,EdgeGAT_full_attention_ka_ka_perproduct
3825,per_chapter,116297.07390868218,421115.89655870094,-0.06491412871938196,0.08183905791397073,0.23675415171015457,136.6305185169294,93,EdgeGAT_full_attention_ka_ka_perproduct
3901,per_chapter,2954433.029291484,6858995.298412255,0.17619810958208837,0.27578157055814156,0.6034469875595582,110.31429029530977,167,EdgeGAT_full_attention_ka_ka_perproduct
3902,per_chapter,2258580.9741790183,4857877.240865578,0.030845880758021305,0.3342869351004356,0.6084392321787838,114.06977393700694,123,EdgeGAT_full_attention_ka_ka_perproduct
3903,per_chapter,2831642.6597138364,11902770.061682003,-24.13000717348844,0.21392448177902335,0.6117942605078354,121.84726338170151,150,EdgeGAT_full_attention_ka_ka_perproduct
3904,per_chapter,1347443.0719227141,3877989.178844282,0.009982864966583516,0.2110499038242949,0.5125848498143823,126.95575098641005,209,EdgeGAT_full_attention_ka_ka_perproduct
3905,per_chapter,549038.5675953672,1464354.0879820008,0.008403091560994058,0.143544092993236,0.4528482078013041,122.67382203604936,175,EdgeGAT_full_attention_ka_ka_perproduct
3906,per_chapter,1426864.8815781756,2989021.956693255,0.35734817109134354,0.25612676889201147,0.528795547833094,115.29473096481773,62,EdgeGAT_full_attention_ka_ka_perproduct
3907,per_chapter,1927676.0550951562,4280939.68314238,-0.15344129225346181,0.10702609522057893,0.4744754180014342,114.7355934922653,310,EdgeGAT_full_attention_ka_ka_perproduct
3908,per_chapter,2102508.0308155147,4425053.408364486,0.14909275184165793,0.4669766935733405,0.6547632963179428,97.74884067960957,59,EdgeGAT_full_attention_ka_ka_perproduct
3909,per_chapter,1030429.5087842199,2297892.1551977997,0.17237503571290413,0.203887151286128,0.6304710479391498,121.32420470224947,162,EdgeGAT_full_attention_ka_ka_perproduct
3910,per_chapter,2569209.953023097,10369266.387469558,-6.916913126195082,0.4518958713159119,0.6988742964352722,106.51422004556537,40,EdgeGAT_full_attention_ka_ka_perproduct
3911,per_chapter,1229709.276325022,2761653.1367285782,-0.21882028510592533,0.48903982391762146,0.7222222222222223,109.10872710149164,55,EdgeGAT_full_attention_ka_ka_perproduct
3912,per_chapter,576462.9516426385,1740098.1878024666,0.18388232037921493,0.26583789145166237,0.5253791248419538,109.32797250585986,143,EdgeGAT_full_attention_ka_ka_perproduct
3913,per_chapter,517848.27999036014,1294204.7580693462,0.2648883481038993,0.31034229773166955,0.6785714285714286,108.14214494905936,57,EdgeGAT_full_attention_ka_ka_perproduct
3914,per_chapter,991201.7627766065,2715634.6095810914,-2.9592089570014264,0.31960525122282024,0.6725806451612905,98.12100201206746,31,EdgeGAT_full_attention_ka_ka_perproduct
3915,per_chapter,654846.6617538368,1261110.151273852,-0.09684057843162464,0.1411827050267327,0.44814479195267104,101.78164771304614,107,EdgeGAT_full_attention_ka_ka_perproduct
3916,per_chapter,316881.6520107875,768347.8899240991,0.08558139298009193,0.2646076522977846,0.5692280658209813,114.32005973639812,103,EdgeGAT_full_attention_ka_ka_perproduct
3917,per_chapter,580789.6621422208,1439075.4663675602,-0.08760698968657543,0.2505766209452599,0.553286120547245,108.2832120079553,364,EdgeGAT_full_attention_ka_ka_perproduct
3918,per_chapter,777584.203772563,3682914.0928511955,0.37627775144243125,0.41079614596443126,0.6100482027020481,105.1365539088101,70,EdgeGAT_full_attention_ka_ka_perproduct
3919,per_chapter,1853156.0802577268,5908004.2488721125,-0.18279351318166315,0.47582137185693396,0.7989056087551298,98.904520407869,85,EdgeGAT_full_attention_ka_ka_perproduct
3920,per_chapter,983982.2983757396,3492277.278731857,0.04908949943792207,0.18321426893190662,0.47443577801007686,123.53093294780095,552,EdgeGAT_full_attention_ka_ka_perproduct
3921,per_chapter,873075.4049583377,2304511.8576674284,0.12781059069567569,0.16921672197717896,0.450347305036232,123.45230972937149,208,EdgeGAT_full_attention_ka_ka_perproduct
3922,per_chapter,225871.5991645044,446759.17674309335,0.548750181968578,0.2312624297263257,0.4998906427609948,112.36878623830924,104,EdgeGAT_full_attention_ka_ka_perproduct
3923,per_chapter,798322.4300172263,1775763.9327983684,0.5660014141151695,0.2341611483421644,0.6146000199458275,102.38880245566455,292,EdgeGAT_full_attention_ka_ka_perproduct
3924,per_chapter,1647090.3707865265,7771733.889506938,0.17585476281492052,0.46085232169970314,0.6573250987141845,96.71609322932065,84,EdgeGAT_full_attention_ka_ka_perproduct
3925,per_chapter,790272.6041051345,3089689.6422974034,0.052271726960484655,0.204361369149474,0.5292227548532078,113.90621952212825,156,EdgeGAT_full_attention_ka_ka_perproduct
3926,per_chapter,1848581.5009309694,9275496.404705884,0.35569054870509775,0.43111735875628177,0.6505968876004637,111.68217612773208,197,EdgeGAT_full_attention_ka_ka_perproduct
4001,per_chapter,801144.4004616966,3220034.53198973,-0.05514160970473503,0.008655801485346282,0.306879449872466,132.99330897042984,100,EdgeGAT_full_attention_ka_ka_perproduct
4002,per_chapter,957130.6595830851,2336653.873912418,0.08628342079646079,0.2743292909570011,0.5990480603477024,118.79641996147372,268,EdgeGAT_full_attention_ka_ka_perproduct
4004,per_chapter,262806.62549258466,547970.4275569699,-0.7820254636123365,0.2438907517653175,0.5492997198879552,89.85779549706527,35,EdgeGAT_full_attention_ka_ka_perproduct
4005,per_chapter,315199.7252575767,625978.77136695,0.3521518547633372,0.39870532043870677,0.7054872942675602,113.50094357440479,103,EdgeGAT_full_attention_ka_ka_perproduct
4006,per_chapter,74153.55320627248,122912.29320715032,0.31105907533796806,0.295697202445663,0.6173361522198731,112.86809647594589,44,EdgeGAT_full_attention_ka_ka_perproduct
4008,per_chapter,200672.90983027394,400521.87296405254,-0.02695631485043304,0.329909450657219,0.5951881779261606,111.22038036876549,133,EdgeGAT_full_attention_ka_ka_perproduct
4009,per_chapter,150734.5961916762,388388.1036942787,0.20881059585861406,0.4326439257047231,0.7236010712056896,94.52354618517307,280,EdgeGAT_full_attention_ka_ka_perproduct
4010,per_chapter,163742.2272211672,412481.15298509505,0.0908081549088402,0.3834881347539504,0.6648842962824585,112.68883122415416,308,EdgeGAT_full_attention_ka_ka_perproduct
4011,per_chapter,1801239.4282860572,5657058.249450242,0.12415618086259728,0.2324578837425647,0.5475663856543476,123.69865919125769,260,EdgeGAT_full_attention_ka_ka_perproduct
4012,per_chapter,160175.40313052977,503246.3501125569,-0.04519321370375273,0.3199907826826103,0.592192905414205,115.13794535486043,140,EdgeGAT_full_attention_ka_ka_perproduct
4013,per_chapter,71115.85859155745,202255.19193397774,0.5206005400193112,0.2503784316401074,0.6178576870333687,111.78700992737312,80,EdgeGAT_full_attention_ka_ka_perproduct
4014,per_chapter,142261.3645565783,386172.60243489145,0.07018544751411249,0.32023298841521286,0.6780010576414595,108.24194436744013,61,EdgeGAT_full_attention_ka_ka_perproduct
4015,per_chapter,335594.4583417644,951108.6629107557,0.2518424871310635,0.049577358569241614,0.42324190370197273,117.09876892412177,101,EdgeGAT_full_attention_ka_ka_perproduct
4016,per_chapter,430018.8288903821,1104123.943743912,0.28070833760451097,0.31516148302983127,0.5846008053596717,119.39511662241904,247,EdgeGAT_full_attention_ka_ka_perproduct
4017,per_chapter,118191.34881064204,315725.3817958041,-0.4414405657433951,0.4005860296542394,0.690982404692082,98.52449255325202,32,EdgeGAT_full_attention_ka_ka_perproduct
4101,per_chapter,1972279.59554107,4714156.133293054,0.13471227479181358,0.01125805524108714,0.34172615602289536,124.59046686478561,72,EdgeGAT_full_attention_ka_ka_perproduct
4102,per_chapter,333822.7463036095,786119.3711033829,-0.09315170380489102,0.05609406215280044,0.20521390374331552,133.68349978181072,33,EdgeGAT_full_attention_ka_ka_perproduct
4103,per_chapter,924308.8101959641,2777394.609063028,0.09816707967188498,0.2115061814875463,0.34313725490196084,116.69994455484651,35,EdgeGAT_full_attention_ka_ka_perproduct
4104,per_chapter,1248468.131413411,2813379.965738159,-0.5066722060177904,0.12038000702667773,0.3814187562401636,129.16693210632744,96,EdgeGAT_full_attention_ka_ka_perproduct
4106,per_chapter,289215.7126537115,859178.6782420481,-0.07364891732597267,0.06622958288478986,0.30579199203853724,123.77819808367133,62,EdgeGAT_full_attention_ka_ka_perproduct
4107,per_chapter,670411.8496778453,1635872.8167121767,-0.043443573883556574,0.19721465215506728,0.43524136595508056,118.95953187281802,158,EdgeGAT_full_attention_ka_ka_perproduct
4113,per_chapter,590787.1036828263,1607250.8876196325,-3.2838478105125555,-0.00029206414901850053,0.3272635814889336,126.18940246028076,71,EdgeGAT_full_attention_ka_ka_perproduct
4114,per_chapter,236274.56484826753,646052.8877201743,-0.0687113704945177,0.17101112021599685,0.3101673101673102,128.67014926158768,36,EdgeGAT_full_attention_ka_ka_perproduct
4115,per_chapter,103952.08482136135,312451.26990155055,-0.7651500907368578,0.2551761676040697,0.5241256705475404,123.64629852929978,37,EdgeGAT_full_attention_ka_ka_perproduct
4201,per_chapter,357016.65390718344,930671.6725215355,0.4989899512924082,0.2468766594845151,0.45748987854251005,105.44387896426142,38,EdgeGAT_full_attention_ka_ka_perproduct
4202,per_chapter,1334499.84879801,6737739.698374786,0.1342066678267544,0.3971383109784278,0.6338916888119638,115.48101563285276,478,EdgeGAT_full_attention_ka_ka_perproduct
4203,per_chapter,305269.98419190623,892949.6030741272,-0.03302879430382122,0.3345868161025872,0.5861374861745481,113.45607966060092,190,EdgeGAT_full_attention_ka_ka_perproduct
4205,per_chapter,1227206.9888152885,6565177.138008894,-0.03142155224286847,0.3105730681786414,0.5869827846572032,105.11860662113025,43,EdgeGAT_full_attention_ka_ka_perproduct
4301,per_chapter,1252370.8448345116,5705656.630504709,-0.04798764223950269,0.11521087226821358,0.26771390374331555,117.48881080856577,33,EdgeGAT_full_attention_ka_ka_perproduct
4302,per_chapter,197179.18573808798,559193.2285863928,-0.10400077104075933,0.01803483381444204,0.39948317556892593,121.24513032971261,60,EdgeGAT_full_attention_ka_ka_perproduct
4303,per_chapter,449365.6105927391,1903235.81533815,0.3458183226840129,0.463356657158715,0.6897192359878928,102.73402286163346,66,EdgeGAT_full_attention_ka_ka_perproduct
4401,per_chapter,1359933.7272943498,4863707.07219448,-0.060058541908440066,0.10330888558788931,0.37745775241435836,122.0245472549548,150,EdgeGAT_full_attention_ka_ka_perproduct
4402,per_chapter,428765.6537304853,1367162.5815513986,-0.06552989752333871,0.10224579585529314,0.33943205641318847,129.96769703930678,54,EdgeGAT_full_attention_ka_ka_perproduct
4403,per_chapter,2000667.42411316,10651005.279902238,-0.022314389532169132,0.10807325863538797,0.4159847114574251,130.82145420161095,263,EdgeGAT_full_attention_ka_ka_perproduct
4404,per_chapter,140697.82554845104,360863.9223974571,-0.1475042312163375,0.09772434962440635,0.44696158025423044,122.0362659187509,49,EdgeGAT_full_attention_ka_ka_perproduct
4406,per_chapter,308351.24485716596,682159.3565517232,-0.15983652498312106,-0.024624259703219575,0.3165900642765198,110.93878103197044,33,EdgeGAT_full_attention_ka_ka_perproduct
4407,per_chapter,941839.22554941,3869198.044594657,-0.048610042743382875,0.05868776817011023,0.23636294441398564,124.47447145155344,301,EdgeGAT_full_attention_ka_ka_perproduct
4408,per_chapter,479481.49354861147,1273918.509113703,-0.11234047933839397,0.05878577777368821,0.341195339402802,120.05630209403337,86,EdgeGAT_full_attention_ka_ka_perproduct
4409,per_chapter,629523.5469439346,2790387.431289525,-0.04503962746961232,0.10075672945225711,0.3962464201450071,117.74958381430184,102,EdgeGAT_full_attention_ka_ka_perproduct
4410,per_chapter,664458.3701684158,1509287.2415635514,-0.14472165675495385,0.17694889240619827,0.47462185047708944,134.4956061633725,107,EdgeGAT_full_attention_ka_ka_perproduct
4411,per_chapter,920248.1479722775,3168056.8310469436,-0.05683533985078393,0.07774669103132248,0.45643006480265624,132.4417632049273,158,EdgeGAT_full_attention_ka_ka_perproduct
4412,per_chapter,603520.9446928038,2059842.1118155099,0.09704096637418491,0.17423261806176027,0.3864359714930555,118.25154675261503,178,EdgeGAT_full_attention_ka_ka_perproduct
4413,per_chapter,164681.67702633791,329002.7655846181,-0.10680414498128021,0.2995021019598324,0.5790878754171301,117.0665539592363,30,EdgeGAT_full_attention_ka_ka_perproduct
4414,per_chapter,136592.81730239777,576687.3419730079,0.3098588045196452,0.4207545298437192,0.5598455598455598,99.46043297385354,36,EdgeGAT_full_attention_ka_ka_perproduct
4415,per_chapter,601001.7133542397,1412857.6269036327,-2.3723421466425174,0.12322204841500839,0.5211270382824466,111.13833237058066,77,EdgeGAT_full_attention_ka_ka_perproduct
4416,per_chapter,514500.90292226593,1715900.8717689111,-1.3015456157828722,0.27995678360187537,0.5230614973262033,116.24470198763375,33,EdgeGAT_full_attention_ka_ka_perproduct
4417,per_chapter,128129.39949819783,265700.27787408425,0.040146744771208165,0.29340410569996034,0.6960784313725491,112.65417336603267,35,EdgeGAT_full_attention_ka_ka_perproduct
4418,per_chapter,387483.25476044806,1256226.6514504796,-0.06345501686984334,0.09393098198102345,0.3579634300576952,111.58157327654932,267,EdgeGAT_full_attention_ka_ka_perproduct
4419,per_chapter,98501.92878589511,453407.8619862672,0.3635716426207489,0.2931657270265494,0.5183695421901156,103.20834926444,131,EdgeGAT_full_attention_ka_ka_perproduct
4420,per_chapter,108480.13409523726,325401.70560967695,0.8769046845058868,0.5089699641897917,0.6574964438122333,90.02161825335506,75,EdgeGAT_full_attention_ka_ka_perproduct
4421,per_chapter,350716.388023267,1548827.3816143929,0.49954531395112134,0.3012943938304714,0.5210638495042165,117.64101186378015,109,EdgeGAT_full_attention_ka_ka_perproduct
4501,per_chapter,27273.815709740342,60912.04559116746,-0.09727759625695676,-0.22803252848276334,0.07007786429365963,135.1148439339266,30,EdgeGAT_full_attention_ka_ka_perproduct
4503,per_chapter,117553.45708180053,409698.0696560085,-0.07682181493635754,0.2330352454463669,0.5425690276110444,123.75424862078678,50,EdgeGAT_full_attention_ka_ka_perproduct
4504,per_chapter,140228.15266799516,580172.3794006228,-0.055694914307641064,0.3513932167026711,0.6552941176470587,112.55865695580694,51,EdgeGAT_full_attention_ka_ka_perproduct
4601,per_chapter,40490.40932400356,126329.25490682964,0.5010485427717983,0.2841044734191701,0.5379376230467925,117.39406925861601,152,EdgeGAT_full_attention_ka_ka_perproduct
4602,per_chapter,115643.31956233562,500319.77446161106,0.4356094855378798,0.3506370121665502,0.6469776970566485,105.90193708733149,135,EdgeGAT_full_attention_ka_ka_perproduct
4703,per_chapter,11429260.341962624,23881131.042804837,-1.6664520008016295,-0.13809616648983547,0.22652332349962362,121.63308877632792,55,EdgeGAT_full_attention_ka_ka_perproduct
4706,per_chapter,1219778.1830750231,5805033.127820673,-0.04051907304033975,0.20014051297527158,0.4628186501328682,136.08334602216135,86,EdgeGAT_full_attention_ka_ka_perproduct
4707,per_chapter,2741931.2087508147,8643215.278950304,-3.894164634872231,-0.008595659288953117,0.5454363986174636,103.95384306963193,113,EdgeGAT_full_attention_ka_ka_perproduct
4801,per_chapter,419327.49427088327,826672.7816018893,-0.06262455362530273,0.20909699786621816,0.5141268075639599,111.34726052989214,30,EdgeGAT_full_attention_ka_ka_perproduct
4802,per_chapter,306265.8613886581,920627.7705629744,0.021002878770420286,0.19393805361573657,0.5239567620867333,124.91722708713628,313,EdgeGAT_full_attention_ka_ka_perproduct
4803,per_chapter,840508.7442668921,1829374.6051201138,-0.047874154275169056,0.36954401417045646,0.5774859287054409,114.14847324302279,40,EdgeGAT_full_attention_ka_ka_perproduct
4804,per_chapter,463149.42735381454,1555065.7121633464,0.05314394871849126,0.21409521658361763,0.41649549810041747,120.79074214220553,243,EdgeGAT_full_attention_ka_ka_perproduct
4805,per_chapter,721485.9572336267,1879150.6769981757,-0.062139674275837775,0.09928876987343427,0.3599557806475873,131.0494033226004,255,EdgeGAT_full_attention_ka_ka_perproduct
4806,per_chapter,209491.03426283348,576454.9460879082,0.0129208889377731,0.2427135680239998,0.5561098767310059,122.47632953221195,98,EdgeGAT_full_attention_ka_ka_perproduct
4807,per_chapter,264861.7742060794,663428.9591161896,-0.5887855187825637,0.2744158369550749,0.6774193548387096,114.31950504094952,30,EdgeGAT_full_attention_ka_ka_perproduct
4808,per_chapter,226814.7154645406,482589.8931410637,-0.5162447773030536,0.16862962666752135,0.45545469023729895,123.51940949511622,91,EdgeGAT_full_attention_ka_ka_perproduct
4809,per_chapter,105221.6295624485,222789.02305560748,0.2118273594075718,0.17708083710276812,0.4924972567492375,118.83260217180032,61,EdgeGAT_full_attention_ka_ka_perproduct
4810,per_chapter,563690.7821652864,1533925.2559684538,0.15401871415646629,0.21096270198113964,0.5291052633461575,123.10636340552212,258,EdgeGAT_full_attention_ka_ka_perproduct
4811,per_chapter,651579.0776287602,2006793.5965048834,0.0704108239732335,0.17828936715893262,0.5180226972177009,122.82741708581545,225,EdgeGAT_full_attention_ka_ka_perproduct
4813,per_chapter,363178.2518945755,652195.3359589394,-0.16092104414649788,0.19087720665269559,0.4829767247677697,118.20935639319154,66,EdgeGAT_full_attention_ka_ka_perproduct
4814,per_chapter,158265.64048738262,407147.1010510394,0.3421085242476821,0.33144568407588615,0.6087454212454212,105.02655544747358,64,EdgeGAT_full_attention_ka_ka_perproduct
4816,per_chapter,222740.91944077506,664494.0926928109,-12.173095575862986,0.046242138671584,0.48935655539429124,116.59967940759996,53,EdgeGAT_full_attention_ka_ka_perproduct
4817,per_chapter,68308.88064391675,156973.76161790115,0.2994458408693892,0.24400926027562175,0.5880898509501685,107.73046806777869,105,EdgeGAT_full_attention_ka_ka_perproduct
4818,per_chapter,599247.6113168922,1762579.1700383602,0.017298687904084398,0.1833817793386877,0.39896330058011903,124.70791307022483,186,EdgeGAT_full_attention_ka_ka_perproduct
4819,per_chapter,625946.76797375,1584599.1506664548,0.21074217278763552,0.1925761170759518,0.5008275369550116,115.28446835471438,243,EdgeGAT_full_attention_ka_ka_perproduct
4820,per_chapter,138902.3795168742,698511.4334258134,0.23602541921220443,0.22796518428759538,0.5537794024821658,114.3020571965468,212,EdgeGAT_full_attention_ka_ka_perproduct
4821,per_chapter,287194.00497260055,604635.2351610067,0.6023721895065246,0.29775386898387035,0.5705813408345054,99.05306483919657,80,EdgeGAT_full_attention_ka_ka_perproduct
4822,per_chapter,141050.68503603965,321861.699927335,-0.070219878658218,0.08386899779477142,0.40575566990661327,128.69661356967126,54,EdgeGAT_full_attention_ka_ka_perproduct
4823,per_chapter,344464.51666805556,1091287.009926297,0.42575626854568094,0.17419565589224228,0.44947459095128567,116.49585573587066,200,EdgeGAT_full_attention_ka_ka_perproduct
4901,per_chapter,518511.0073577336,1299600.9199597347,0.0576591697743607,0.23826395862759997,0.5214627537888363,120.93185580803392,110,EdgeGAT_full_attention_ka_ka_perproduct
4902,per_chapter,207772.27821590635,419906.52177142526,0.021079598467991345,0.1762793765707409,0.4711792702273929,139.5812604504626,62,EdgeGAT_full_attention_ka_ka_perproduct
4903,per_chapter,159107.7598366595,448016.0963173696,0.7511196650007425,0.5423651027987345,0.7486631016042781,104.19857418234378,33,EdgeGAT_full_attention_ka_ka_perproduct
4905,per_chapter,50447.48306729026,151005.05523091782,0.12291186400520637,0.3088096191598023,0.5483689059055246,128.67725124975092,56,EdgeGAT_full_attention_ka_ka_perproduct
4906,per_chapter,99056.60979822242,364764.510044722,-0.046604152996898573,0.4195371521214345,0.6127633865196456,107.15186870823132,31,EdgeGAT_full_attention_ka_ka_perproduct
4907,per_chapter,2512112.105650099,12373900.732073855,-0.031570945773170545,0.22049062583166112,0.7326612903225806,123.1772977114574,31,EdgeGAT_full_attention_ka_ka_perproduct
4908,per_chapter,310558.2720079306,1110133.546662559,-4.429250188251093,0.2882393667931922,0.5584607339505984,122.5452137238682,58,EdgeGAT_full_attention_ka_ka_perproduct
4909,per_chapter,215990.14898506645,820860.5594527948,-1.6626437801458045,0.36443422344717913,0.6063789868667919,128.55213227933552,40,EdgeGAT_full_attention_ka_ka_perproduct
4910,per_chapter,37234.343542932904,83049.00082136205,0.8213997865528306,0.3800840986131435,0.7568661779188096,102.16702310008836,38,EdgeGAT_full_attention_ka_ka_perproduct
4911,per_chapter,882287.4698798361,2757463.8450279157,-3.0165730466176397,0.3114115483523615,0.6317788018433178,121.05752511082193,125,EdgeGAT_full_attention_ka_ka_perproduct
5007,per_chapter,201289.43572255925,636258.0856348849,0.14991352749970932,0.24836452696016575,0.5218309859154929,121.97842648182025,71,EdgeGAT_full_attention_ka_ka_perproduct
5101,per_chapter,588457.5285196913,1830471.7634899414,-0.10257742667605751,0.10850105700357071,0.37922535463174534,118.51456459298714,77,EdgeGAT_full_attention_ka_ka_perproduct
5102,per_chapter,282754.7692509006,806840.0988688853,-0.10572396149429975,0.16076682990969648,0.4203208556149732,130.95660434484992,34,EdgeGAT_full_attention_ka_ka_perproduct
5105,per_chapter,723609.7561186607,2768447.9598334315,0.27719848793317614,0.15010412917432803,0.3819399991851455,131.73632900709757,75,EdgeGAT_full_attention_ka_ka_perproduct
5106,per_chapter,411761.5169767224,895654.8740785085,-1.0931037058257091,0.08846835469251169,0.43779406937301674,125.48026422998,38,EdgeGAT_full_attention_ka_ka_perproduct
5107,per_chapter,821007.9140546952,2788911.066347289,-6.666431852961573,0.3221457683641208,0.6201173622416101,121.33685252551393,37,EdgeGAT_full_attention_ka_ka_perproduct
5108,per_chapter,285218.0173313763,907596.7171134321,0.580631470227154,0.4807230859809545,0.7185828877005348,105.42559436175792,33,EdgeGAT_full_attention_ka_ka_perproduct
5109,per_chapter,89636.63623642281,191248.33785582148,-1.705367970912949,0.28076446794008025,0.5992952783650458,104.08206626154966,44,EdgeGAT_full_attention_ka_ka_perproduct
5111,per_chapter,145260.60415837594,342892.30311245436,-0.036784395005268644,0.27453293427255854,0.5272431999868477,107.59999025349873,97,EdgeGAT_full_attention_ka_ka_perproduct
5112,per_chapter,291630.6088682139,828105.9010250779,-0.05180684004551028,0.2589510208658419,0.5087880963361652,105.79349936788726,99,EdgeGAT_full_attention_ka_ka_perproduct
5201,per_chapter,5239571.452313581,14003455.23527393,0.476297471206482,0.27634293887097516,0.5109970674486803,143.157725308156,32,EdgeGAT_full_attention_ka_ka_perproduct
5202,per_chapter,193143.152926063,523691.19678286125,-0.1219262302861277,0.14122365703750261,0.47485412614615186,119.29382985093223,60,EdgeGAT_full_attention_ka_ka_perproduct
5204,per_chapter,26868.892911963027,52677.03942499599,-0.08939953917871568,0.12429136165021293,0.3704910540583646,120.38181159052945,80,EdgeGAT_full_attention_ka_ka_perproduct
5205,per_chapter,1021853.7842786027,4743446.912792259,-0.03668453790352988,0.2674872200768261,0.5435351846991144,129.3737902312917,361,EdgeGAT_full_attention_ka_ka_perproduct
5206,per_chapter,315424.2157862767,906239.8407033043,-0.06133165891955672,0.30303544455901077,0.6397948044187468,119.37784982143924,224,EdgeGAT_full_attention_ka_ka_perproduct
5207,per_chapter,74109.7377539693,148869.13930774573,-0.26015332649311906,0.14988470356288297,0.4692322470173039,129.33985006277032,52,EdgeGAT_full_attention_ka_ka_perproduct
5208,per_chapter,246033.41014053838,872513.6186054178,0.16000754494080505,0.2524559151832376,0.4793222888806643,112.47050700480288,444,EdgeGAT_full_attention_ka_ka_perproduct
5209,per_chapter,171981.1345879918,508631.5091897035,0.11692808432097457,0.249131414004518,0.5687642955540504,116.45592801769725,349,EdgeGAT_full_attention_ka_ka_perproduct
5210,per_chapter,114690.22526269108,250892.67371491206,0.1601770698753997,0.20469933782224214,0.5041697869519159,109.60492972791928,214,EdgeGAT_full_attention_ka_ka_perproduct
5211,per_chapter,172905.3672404718,554335.7113696549,0.2136466649316,0.22795130500256577,0.5430705774361337,116.62103700862419,257,EdgeGAT_full_attention_ka_ka_perproduct
5212,per_chapter,58868.044202070785,124914.55036149363,-0.036402574649984754,0.16538904613781413,0.46810342536179544,114.51240441509118,197,EdgeGAT_full_attention_ka_ka_perproduct
5301,per_chapter,2121922.6123078414,7139161.301063421,-0.09569563315554386,-0.010485242826964392,0.43488022169875995,147.63277081593586,49,EdgeGAT_full_attention_ka_ka_perproduct
5303,per_chapter,32125.185987492434,79098.10261595352,-0.15851675181653024,0.056483804396873394,0.31764705882352934,129.2867141493626,34,EdgeGAT_full_attention_ka_ka_perproduct
5306,per_chapter,329071.91567794513,970970.966013938,-0.08940038024461283,0.018383180448309666,0.37837837837837834,131.736022466295,37,EdgeGAT_full_attention_ka_ka_perproduct
5308,per_chapter,44316.93246755752,106022.28796847785,-0.0635645056631291,0.08081300845801409,0.26667545058770153,116.23603647776046,45,EdgeGAT_full_attention_ka_ka_perproduct
5309,per_chapter,183143.37340526958,473936.48028742167,0.5232338955936127,0.22551769496671858,0.4211560077338476,115.41240196578913,85,EdgeGAT_full_attention_ka_ka_perproduct
5310,per_chapter,37776.86908918118,103906.1669813864,-0.14617681681825268,0.07828586887355249,0.3047379363168837,129.99269276247776,38,EdgeGAT_full_attention_ka_ka_perproduct
5401,per_chapter,162221.87651395056,349586.18771722633,0.3141877985554721,0.10053265395608191,0.34189949764108296,108.48258382631045,62,EdgeGAT_full_attention_ka_ka_perproduct
5402,per_chapter,586857.4986279823,1911137.9167416599,0.08749536066222996,0.1693755152114872,0.4612983183106014,121.23350026776603,438,EdgeGAT_full_attention_ka_ka_perproduct
5403,per_chapter,441888.2335513611,1697158.9198517115,-0.032484664062812696,0.1684785532581603,0.3991031955072216,132.86889070564737,106,EdgeGAT_full_attention_ka_ka_perproduct
5404,per_chapter,142598.69319946598,256413.49242314452,0.21851140778937606,0.2877507939483206,0.6125770636191331,120.64810770667202,87,EdgeGAT_full_attention_ka_ka_perproduct
5407,per_chapter,408321.6922962902,2989043.5892616813,0.06892951829608651,0.26044904264647506,0.5241039694656898,114.88843786355423,606,EdgeGAT_full_attention_ka_ka_perproduct
5408,per_chapter,101880.44720816716,286079.35104687937,0.1010618662957733,0.3137363644078852,0.574496877835931,101.79670552064313,173,EdgeGAT_full_attention_ka_ka_perproduct
5501,per_chapter,490177.6502108462,1882257.879779711,-0.03774692678804703,0.23965807824060703,0.4834378059809742,135.86736133082715,59,EdgeGAT_full_attention_ka_ka_perproduct
5503,per_chapter,546187.8667037337,1636194.4237800876,0.04355668583547967,0.09516711119187504,0.41057655537406124,119.07258752472086,125,EdgeGAT_full_attention_ka_ka_perproduct
5504,per_chapter,807485.1959661093,1712086.3957518581,-0.028976210689385384,0.2888687916294842,0.5427419354838711,119.23510334841426,31,EdgeGAT_full_attention_ka_ka_perproduct
5505,per_chapter,161884.08457605066,445777.6005773545,-0.010152328713568526,-0.050075375190983484,0.26232829725002116,111.26667097103895,42,EdgeGAT_full_attention_ka_ka_perproduct
5506,per_chapter,71626.98910541869,138904.1570553592,-0.14629560151143162,0.30274360066249706,0.629652250257663,112.40532725160948,68,EdgeGAT_full_attention_ka_ka_perproduct
5508,per_chapter,258082.00283214278,1052134.0214343774,0.006996103208556703,0.08031876118432935,0.4978732841134956,125.93719326695474,53,EdgeGAT_full_attention_ka_ka_perproduct
5509,per_chapter,449911.96629732684,1931165.1279139942,-0.11563178746825398,0.21037175887301052,0.5410307965733908,116.87697958166498,294,EdgeGAT_full_attention_ka_ka_perproduct
5510,per_chapter,308110.38688406994,717283.8678241909,-0.26375854353868355,0.21567016082616552,0.5799155215549701,118.79658289411623,87,EdgeGAT_full_attention_ka_ka_perproduct
5511,per_chapter,85695.63113476084,208461.92217390065,-0.2502357565264792,0.13150441597126294,0.45803218472057816,123.28390964759541,62,EdgeGAT_full_attention_ka_ka_perproduct
5512,per_chapter,311686.83807400055,949846.2991751679,-0.529769499248266,0.2345329309978902,0.5805871779633618,117.03770978832004,140,EdgeGAT_full_attention_ka_ka_perproduct
5513,per_chapter,131157.6669813906,432918.5726972422,0.11213612040570753,0.1807195143407495,0.39289552457988386,111.49617355491024,211,EdgeGAT_full_attention_ka_ka_perproduct
5514,per_chapter,147079.8972009078,425080.7428816655,-0.04087312614878047,0.16989503019090446,0.4359375674371995,113.13776908640354,221,EdgeGAT_full_attention_ka_ka_perproduct
5515,per_chapter,211481.5000520617,1059439.4891993355,0.03958160574536318,0.31581994074118735,0.5917473514354777,96.24124909187222,190,EdgeGAT_full_attention_ka_ka_perproduct
5516,per_chapter,141984.25616969453,785475.3933640908,0.09497572667884224,0.2765241247619824,0.5438190097401826,99.64392844134402,328,EdgeGAT_full_attention_ka_ka_perproduct
5601,per_chapter,413080.6836681256,1030588.3289930188,-0.083401436347603,0.21227267194161936,0.46683588399430354,125.83506982414374,110,EdgeGAT_full_attention_ka_ka_perproduct
5602,per_chapter,91637.48445683312,249416.81651416098,0.048920288873603224,0.15091216116186745,0.4804363372805659,113.14327300959759,107,EdgeGAT_full_attention_ka_ka_perproduct
5603,per_chapter,464138.8130336898,1280858.1257614351,0.27650252987384705,0.3030034519383722,0.5337092936612318,101.68666646231692,243,EdgeGAT_full_attention_ka_ka_perproduct
5604,per_chapter,146618.60434218578,402682.3334075404,0.2075941588673087,0.38133063251750554,0.6113744645033246,101.515245381266,63,EdgeGAT_full_attention_ka_ka_perproduct
5607,per_chapter,108081.36608481372,317140.581161226,0.12891867955346747,0.1579933677334826,0.46354117781853266,118.43037013836818,191,EdgeGAT_full_attention_ka_ka_perproduct
5608,per_chapter,151012.7807648633,342957.172766733,0.5521084370535141,0.10383426244210614,0.4664887453873953,108.66567742312164,103,EdgeGAT_full_attention_ka_ka_perproduct
5609,per_chapter,181284.95432673386,554343.5738503734,-0.1789212685218069,0.3665714456531185,0.654338549075391,98.50774276415937,37,EdgeGAT_full_attention_ka_ka_perproduct
5701,per_chapter,70218.7379391664,194327.62474681583,-0.006990369529072726,0.21519991735230481,0.4753663003663003,95.86096800876284,64,EdgeGAT_full_attention_ka_ka_perproduct
5702,per_chapter,86343.29135924105,304960.5461575151,0.025264701641261933,0.17540706087851932,0.455128676979959,113.98731064487437,318,EdgeGAT_full_attention_ka_ka_perproduct
5703,per_chapter,287697.9120474748,809904.2908750506,0.1762355603621899,0.25499099873762,0.5611209126165393,113.50572549802729,131,EdgeGAT_full_attention_ka_ka_perproduct
5704,per_chapter,136771.5820013463,292570.2446030519,-0.16732745222675516,0.11053679421580964,0.5219460602855632,127.70452053921122,62,EdgeGAT_full_attention_ka_ka_perproduct
5705,per_chapter,341878.5646075241,1084063.843776223,0.7186211377461207,0.41321691692195306,0.6100047415836889,108.00530169167813,37,EdgeGAT_full_attention_ka_ka_perproduct
5801,per_chapter,100870.6705405649,293894.96941742534,0.28887500180627634,0.31168409125913166,0.546198270370876,111.49330409191072,224,EdgeGAT_full_attention_ka_ka_perproduct
5802,per_chapter,79272.92691651231,306148.3775634753,-0.041881549297956955,0.14878815682410196,0.35538638311269366,118.12131511680228,71,EdgeGAT_full_attention_ka_ka_perproduct
5804,per_chapter,195346.972950308,610869.5392404576,0.07420594632251487,0.31452007494870493,0.559325708121644,117.36116255251063,98,EdgeGAT_full_attention_ka_ka_perproduct
5806,per_chapter,171467.89263681186,564582.8339196877,0.2790104405326268,0.25455970715355203,0.4970921859377294,116.2331986280811,191,EdgeGAT_full_attention_ka_ka_perproduct
5807,per_chapter,139463.78894943927,430914.3404638212,0.26749664251288063,0.267470773923718,0.5536353671903544,116.42744488371348,69,EdgeGAT_full_attention_ka_ka_perproduct
5808,per_chapter,38694.49083645252,76000.50742387597,0.7043976086325292,0.3507295778205113,0.5797331029185868,105.53928369321766,63,EdgeGAT_full_attention_ka_ka_perproduct
5810,per_chapter,152899.89557297766,662499.3003809677,0.17498120025870412,0.34790910147528153,0.637630021892027,115.85886450853684,102,EdgeGAT_full_attention_ka_ka_perproduct
5811,per_chapter,65729.87327469632,130752.16571367111,0.621108326923006,0.5530002913200972,0.8153225806451615,79.42479752153115,31,EdgeGAT_full_attention_ka_ka_perproduct
5901,per_chapter,93405.09197036231,249442.58943041693,0.40549699862562927,0.3390508597210249,0.5859193438140807,108.79497824581763,56,EdgeGAT_full_attention_ka_ka_perproduct
5902,per_chapter,544285.9012297228,1448312.2848107768,0.05285887811515966,0.428456734857507,0.6638841242614827,113.75294511077811,54,EdgeGAT_full_attention_ka_ka_perproduct
5903,per_chapter,717208.995948268,2296427.5285499278,0.4286696090833355,0.47684147097383767,0.6679498197478824,93.35549763886344,103,EdgeGAT_full_attention_ka_ka_perproduct
5904,per_chapter,98834.83140060237,233938.5625284752,-0.136189282276723,-0.036736105721770995,0.23952292373345005,124.55022226585388,38,EdgeGAT_full_attention_ka_ka_perproduct
5906,per_chapter,148425.35890160926,319896.30861570325,-0.8155680598730719,0.30008675226175663,0.6857750329047282,109.39207674120965,84,EdgeGAT_full_attention_ka_ka_perproduct
5907,per_chapter,288197.4147746309,797369.8891475645,-1.2732938405094898,0.4723848599094832,0.7358870967741936,101.99641557697186,31,EdgeGAT_full_attention_ka_ka_perproduct
5909,per_chapter,293693.35634929955,1046102.952187507,-9.19336710682725,0.2572190203034259,0.6436950146627565,112.6391981639098,32,EdgeGAT_full_attention_ka_ka_perproduct
5910,per_chapter,171264.46825069637,480833.5096361239,-3.1348279434442183,0.3750379280035898,0.6586707410236822,99.24527735391202,34,EdgeGAT_full_attention_ka_ka_perproduct
5911,per_chapter,252442.06966836943,598937.8057494861,0.0616152541119287,0.2881659976028186,0.5956432058572403,111.22898379285206,154,EdgeGAT_full_attention_ka_ka_perproduct
6001,per_chapter,539556.363393998,2843416.8762305495,0.1037540796780747,0.1392485263056229,0.37914581580333334,115.05996670219052,153,EdgeGAT_full_attention_ka_ka_perproduct
6002,per_chapter,235418.49315218444,623234.6470422399,-1.1795238190119326,0.22959666229325848,0.5150367274443308,102.97821995120951,45,EdgeGAT_full_attention_ka_ka_perproduct
6003,per_chapter,65426.39349395667,125976.57431703123,-0.11199998381116161,0.0015703510092343054,0.2600372668600772,130.03186443156483,86,EdgeGAT_full_attention_ka_ka_perproduct
6004,per_chapter,1658462.2284335988,5996862.989150013,0.12650769174281462,0.19050767610277952,0.4889610389610391,120.84048012422643,55,EdgeGAT_full_attention_ka_ka_perproduct
6005,per_chapter,227413.46620719074,982960.8909314625,-0.020878743106354403,0.12411335777382682,0.4066157513447541,125.74566667252027,236,EdgeGAT_full_attention_ka_ka_perproduct
6006,per_chapter,672819.0810226287,2890846.2630614815,0.033901224714510514,0.1894647569611969,0.4115969517317841,116.40722967865212,333,EdgeGAT_full_attention_ka_ka_perproduct
6101,per_chapter,144458.6130026471,311787.9709058735,0.17217228971143406,0.3137785582962347,0.5982910289777637,95.61470228860611,106,EdgeGAT_full_attention_ka_ka_perproduct
6102,per_chapter,158727.5944637388,519828.3110883327,0.012020683014245526,0.2870626820931981,0.5595162415790631,107.76424547095331,136,EdgeGAT_full_attention_ka_ka_perproduct
6103,per_chapter,291256.1732587005,1100932.2432169574,0.06325183624634867,0.2649373871281864,0.49617373809991006,114.2670409370539,410,EdgeGAT_full_attention_ka_ka_perproduct
6104,per_chapter,309345.7479437508,1476187.2897088656,0.1216978837590148,0.3044394557250435,0.5493581279016462,115.26074767430876,748,EdgeGAT_full_attention_ka_ka_perproduct
6105,per_chapter,529691.2573605333,1264577.2836654314,-0.09396421815579248,0.29259206967103835,0.5852280206264333,110.60178713262769,111,EdgeGAT_full_attention_ka_ka_perproduct
6106,per_chapter,328447.3873868492,1119350.5624442913,-0.06895556213301779,0.3501546984343046,0.5931799091701424,105.67422361974307,116,EdgeGAT_full_attention_ka_ka_perproduct
6107,per_chapter,296020.89888680965,1051873.440714624,0.09797025016157745,0.1668648796233676,0.40043619543832115,119.96997236962272,257,EdgeGAT_full_attention_ka_ka_perproduct
6108,per_chapter,359362.7178517373,1470473.305001302,0.029915804400794,0.1858790755846199,0.45729551997859225,118.64572076403701,352,EdgeGAT_full_attention_ka_ka_perproduct
6109,per_chapter,2552315.9017073535,6381227.346814675,0.27812932434087845,0.35163874195780387,0.556505460905819,101.95005619000801,82,EdgeGAT_full_attention_ka_ka_perproduct
6110,per_chapter,1589815.023826467,6348098.245160181,0.20465248509454192,0.305086116824666,0.5402326909418793,117.47994420750332,216,EdgeGAT_full_attention_ka_ka_perproduct
6111,per_chapter,356890.437875663,961343.4604191622,0.21973528571468393,0.3065632355322102,0.5205865017658559,119.34173029128416,112,EdgeGAT_full_attention_ka_ka_perproduct
6112,per_chapter,188965.24121221888,836577.2966226569,0.005349600731169191,0.1038264168881683,0.32098801621928713,122.24920829340131,255,EdgeGAT_full_attention_ka_ka_perproduct
6113,per_chapter,627514.1225527655,1640721.9831504968,-0.6319153010574163,0.3013635074402776,0.5139511981617244,118.58801428985724,38,EdgeGAT_full_attention_ka_ka_perproduct
6114,per_chapter,869599.9365952063,3723224.4892067183,-0.007209488242089446,0.23254776542109168,0.4031276425954208,109.09518384835748,109,EdgeGAT_full_attention_ka_ka_perproduct
6115,per_chapter,548692.9725688648,2330852.8894899455,0.07715550629240708,0.19999738488816265,0.44702668444415317,123.88030111384165,300,EdgeGAT_full_attention_ka_ka_perproduct
6116,per_chapter,225786.33968697116,892000.9728510902,0.337136722924681,0.3371002050902151,0.5951949202954162,112.56526170663366,158,EdgeGAT_full_attention_ka_ka_perproduct
6117,per_chapter,172572.75134681945,513585.2007212217,0.675088074812825,0.35161611394015413,0.5549678724299779,100.01732505785783,111,EdgeGAT_full_attention_ka_ka_perproduct
6201,per_chapter,677325.9746894487,2897598.1647583577,0.022240008801809985,0.3211090335508141,0.5533029407759209,112.59730783480413,148,EdgeGAT_full_attention_ka_ka_perproduct
6202,per_chapter,696386.2483170279,3599053.366902241,0.09170929681561246,0.37978649062929926,0.5795721840297923,108.61977080625698,153,EdgeGAT_full_attention_ka_ka_perproduct
6203,per_chapter,527510.7380986467,2049734.3868218344,-0.014135285781348816,0.2972733838925643,0.5539635095868172,116.73238675972885,514,EdgeGAT_full_attention_ka_ka_perproduct
6204,per_chapter,533458.4901698119,2601203.143138373,0.024721566367764125,0.27280694163735153,0.5196209138200114,119.60432545570106,874,EdgeGAT_full_attention_ka_ka_perproduct
6205,per_chapter,519450.64738831634,1289411.6479191436,0.17055707099639517,0.35137280979632646,0.5657028661555513,103.35239380570462,120,EdgeGAT_full_attention_ka_ka_perproduct
6206,per_chapter,319696.5466950627,860200.9577790182,0.10886227320523734,0.30613795149384726,0.555083564907603,119.76358793298894,182,EdgeGAT_full_attention_ka_ka_perproduct
6207,per_chapter,105166.71974126711,329320.1091976824,0.027816912425026374,0.20089460900304545,0.4469883113754484,112.26844928272541,223,EdgeGAT_full_attention_ka_ka_perproduct
6208,per_chapter,111424.48687603009,342389.8515647457,0.23299988488657908,0.2045216243124186,0.4844325614496955,109.65178260225062,262,EdgeGAT_full_attention_ka_ka_perproduct
6209,per_chapter,114374.50042740056,243696.0211209558,0.17242956947129529,0.2812800539365836,0.508107464485128,106.24693957760425,108,EdgeGAT_full_attention_ka_ka_perproduct
6210,per_chapter,300707.42465022847,830498.1612802405,0.4823074677922987,0.2798625942490728,0.5758873792204051,112.83322235247259,175,EdgeGAT_full_attention_ka_ka_perproduct
6211,per_chapter,250281.5284075745,1147421.7280790207,0.17605205779105537,0.30186347299771044,0.5220287080420768,105.4067933346744,325,EdgeGAT_full_attention_ka_ka_perproduct
6212,per_chapter,743476.2383348297,2861876.7390204775,0.007594043609535417,0.24904963046948025,0.48018312712632605,118.95176041746622,133,EdgeGAT_full_attention_ka_ka_perproduct
6213,per_chapter,27445.303769265833,78576.9301063922,0.5497865756647631,0.3720943244624554,0.6014423076923077,98.84613799935929,65,EdgeGAT_full_attention_ka_ka_perproduct
6214,per_chapter,191970.76247619934,807597.9233927776,0.11288484067431237,0.37185335745521253,0.6304312666044375,109.09606687726725,174,EdgeGAT_full_attention_ka_ka_perproduct
6215,per_chapter,48048.01907965836,153195.6546024508,0.2579256541154643,0.2872744819711297,0.5381806096939701,103.20973477628239,94,EdgeGAT_full_attention_ka_ka_perproduct
6216,per_chapter,187562.60850716717,422763.3912536065,0.5389052427221336,0.4192247567899865,0.6781376518218624,105.36535376405195,39,EdgeGAT_full_attention_ka_ka_perproduct
6217,per_chapter,263524.3934925545,702430.5116513732,-0.01528415364370761,0.17959554062780814,0.4504978662873399,112.35861289277287,75,EdgeGAT_full_attention_ka_ka_perproduct
6301,per_chapter,296272.4670048219,1996061.737598952,0.19407101831528328,0.2672888015157048,0.4960814836892909,112.04449131548616,162,EdgeGAT_full_attention_ka_ka_perproduct
6302,per_chapter,374980.22052740445,1511816.0080864795,0.14852049736133865,0.19113507363349536,0.4068546903366614,120.71505629086725,522,EdgeGAT_full_attention_ka_ka_perproduct
6303,per_chapter,212447.8116505628,1258629.1500790117,0.17517484263939798,0.2855334964020536,0.6074651073328897,116.53543404723561,170,EdgeGAT_full_attention_ka_ka_perproduct
6304,per_chapter,126336.67866450775,548630.694245692,0.4107467616058218,0.1832388195832212,0.43589259826251675,117.5918767857121,215,EdgeGAT_full_attention_ka_ka_perproduct
6305,per_chapter,193566.63121059246,606048.7004254992,0.20251609360219858,0.07980469379457744,0.3294378457287754,117.80564705841184,209,EdgeGAT_full_attention_ka_ka_perproduct
6306,per_chapter,205116.71985548243,776077.8025473845,0.3842842670907787,0.23721603307832417,0.5241162549420604,118.64354095402754,223,EdgeGAT_full_attention_ka_ka_perproduct
6307,per_chapter,668886.768911633,3999468.785882479,0.22749690915482534,0.3800125696167166,0.6109424143606726,106.4619620990641,117,EdgeGAT_full_attention_ka_ka_perproduct
6309,per_chapter,1376367.1945154862,4211442.951212482,-4.997955554539692,0.3134109060709932,0.6808630393996248,114.71246378033703,40,EdgeGAT_full_attention_ka_ka_perproduct
6310,per_chapter,105350.54906476519,250075.02419665176,-0.06590806441099861,0.18331125654723035,0.4551440657674196,116.54988072641936,67,EdgeGAT_full_attention_ka_ka_perproduct
6401,per_chapter,143719.4564525588,432764.3419584499,0.08113064056058117,0.2693546800073987,0.5383141427822387,116.67344318039348,101,EdgeGAT_full_attention_ka_ka_perproduct
6402,per_chapter,1297466.768755781,10392761.365477478,0.1139263220896164,0.34565964846012,0.5608628080402109,118.97558814191507,174,EdgeGAT_full_attention_ka_ka_perproduct
6403,per_chapter,873307.6129488809,3619128.409258789,0.042500388832367175,0.2879452141746496,0.5499794412912885,121.47066224546033,281,EdgeGAT_full_attention_ka_ka_perproduct
6404,per_chapter,1384066.1425004825,6948945.882493092,0.1698232889977055,0.3862237667659433,0.6256294210029958,119.34785205936944,117,EdgeGAT_full_attention_ka_ka_perproduct
6405,per_chapter,187719.7633293595,388645.1306285489,0.5806711015476449,0.2198938409565132,0.4260780244814627,112.53603396473697,113,EdgeGAT_full_attention_ka_ka_perproduct
6406,per_chapter,650947.3293378717,1803126.120105145,0.2932823187680773,0.3073473281807325,0.5451035093311095,116.54645925577363,101,EdgeGAT_full_attention_ka_ka_perproduct
6504,per_chapter,143828.09068303,662187.7730855115,-4.819650465851329,0.4310848248734621,0.634008097165992,105.9552171127911,39,EdgeGAT_full_attention_ka_ka_perproduct
6505,per_chapter,837894.0605710918,3305068.7588405497,0.2059808488056375,0.40164513810650804,0.6197523406825732,96.66133405358306,43,EdgeGAT_full_attention_ka_ka_perproduct
6506,per_chapter,313009.0520229185,1156186.0055652398,-0.2566977308540779,0.3046829211508989,0.5304931554931553,116.3966233075876,111,EdgeGAT_full_attention_ka_ka_perproduct
6507,per_chapter,185210.7111650929,463061.3648317862,-0.4936136001704172,0.2532173323779975,0.5923605805958746,114.31387565231017,34,EdgeGAT_full_attention_ka_ka_perproduct
6601,per_chapter,82257.42967254599,240014.9055960376,0.9568194139122272,0.43944506805749983,0.6110537152765234,108.71578146006406,94,EdgeGAT_full_attention_ka_ka_perproduct
6602,per_chapter,81167.15950057162,386946.4143077904,-1.3163522316782372,0.40711863932442816,0.6686217008797654,101.03548098308023,32,EdgeGAT_full_attention_ka_ka_perproduct
6603,per_chapter,110065.13184333095,350410.5788115234,0.024254227518461513,0.18922309943711446,0.35834875115633674,121.21495924715988,47,EdgeGAT_full_attention_ka_ka_perproduct
6702,per_chapter,784141.6163656246,4097633.0962185534,-0.8727793995349951,0.5395801199918827,0.7811656026389474,98.45023684470358,68,EdgeGAT_full_attention_ka_ka_perproduct
6704,per_chapter,809384.5308156452,3487084.9201364517,0.03148285592292721,0.359803874021543,0.6734481275572677,117.61760982217126,113,EdgeGAT_full_attention_ka_ka_perproduct
6802,per_chapter,373297.6021134644,2104011.7784664407,0.07143210293667634,0.1784900550928028,0.3711950592436702,110.44581701076848,257,EdgeGAT_full_attention_ka_ka_perproduct
6804,per_chapter,209162.86686902898,728674.1194532746,0.11566963884592096,0.3358952667726115,0.6149499682820209,122.69495331789489,156,EdgeGAT_full_attention_ka_ka_perproduct
6805,per_chapter,229336.01403445264,511626.51697278,-0.34232765604036475,0.30441027323053216,0.6778602254456069,104.89007708726679,104,EdgeGAT_full_attention_ka_ka_perproduct
6806,per_chapter,516128.6308621131,1097384.8927046745,-0.008532149619885354,0.25716828930695135,0.5711049119183761,109.42100514329537,92,EdgeGAT_full_attention_ka_ka_perproduct
6807,per_chapter,438788.6671647817,1059204.1220937672,-2.548823976601406,0.10422074576005824,0.4483405483405484,114.88087614825824,55,EdgeGAT_full_attention_ka_ka_perproduct
6808,per_chapter,199530.11678520226,421054.2514916403,0.40039328755327674,0.23037020598256341,0.43893214682981085,111.28003546180267,30,EdgeGAT_full_attention_ka_ka_perproduct
6809,per_chapter,335162.98499141674,1076879.7403343583,-0.08566901687726602,0.12412375215446292,0.4739503321728697,115.65766196924983,96,EdgeGAT_full_attention_ka_ka_perproduct
6810,per_chapter,788922.136332715,2152808.8089991095,0.06191421918348883,0.051089051400185825,0.41931769047728085,115.08565763919363,141,EdgeGAT_full_attention_ka_ka_perproduct
6811,per_chapter,281403.5309645598,664432.0443578552,-0.1405450717355914,0.07214511755910313,0.2911823535017968,131.90087897506913,86,EdgeGAT_full_attention_ka_ka_perproduct
6812,per_chapter,35609.43704821059,131890.0651404315,-0.0331733335043467,0.010029166665412759,0.24864960151049958,124.59729436837348,62,EdgeGAT_full_attention_ka_ka_perproduct
6813,per_chapter,182551.92081035316,573642.9179567957,0.050444226627644806,0.24975623528109048,0.4978277873316544,110.46646366598027,77,EdgeGAT_full_attention_ka_ka_perproduct
6814,per_chapter,96423.86185497331,196781.53046103113,0.3604433413121161,0.26342831299893466,0.4362621731042784,111.8925853905126,38,EdgeGAT_full_attention_ka_ka_perproduct
6815,per_chapter,670399.4221546092,1886521.2504727584,0.09977554575303949,0.2510757764085101,0.5745508336762083,122.81746208910779,107,EdgeGAT_full_attention_ka_ka_perproduct
6902,per_chapter,369742.1761631306,894440.30423192,0.5865908873893837,0.4919068739736081,0.7259710930442638,94.0988051236893,81,EdgeGAT_full_attention_ka_ka_perproduct
6903,per_chapter,190885.77737988802,424626.7930511466,0.2696647433655407,0.3502089501119138,0.6539957131335796,102.47364720257504,78,EdgeGAT_full_attention_ka_ka_perproduct
6904,per_chapter,639139.3018137614,2455385.407495328,-0.0031705050853025885,0.13732986382467205,0.42252776308831297,124.05013403718881,61,EdgeGAT_full_attention_ka_ka_perproduct
6905,per_chapter,194432.1713206776,461256.5545869804,-0.054204007284908595,0.24478720856378655,0.513061224489796,115.74260636802303,49,EdgeGAT_full_attention_ka_ka_perproduct
6907,per_chapter,956610.670278636,3394594.6698448188,-0.010003350171365888,0.25740687741179347,0.5204955730133982,115.39954945928758,153,EdgeGAT_full_attention_ka_ka_perproduct
6909,per_chapter,597825.5819778935,2247468.041164346,0.08576568107102633,0.3999256545880968,0.649670874635752,112.52953060944309,106,EdgeGAT_full_attention_ka_ka_perproduct
6910,per_chapter,761058.4597250161,4411771.202177289,0.18699075076734795,0.189511258503554,0.46319264469949406,123.38708026915594,73,EdgeGAT_full_attention_ka_ka_perproduct
6911,per_chapter,714050.8414165399,3599769.426841049,0.5157453110073638,0.4275352556203442,0.6357621326042379,109.3455784282511,76,EdgeGAT_full_attention_ka_ka_perproduct
6912,per_chapter,159101.6696365078,345590.067737297,0.7367655290172297,0.4975749368206579,0.7165545741836156,82.84025457691538,42,EdgeGAT_full_attention_ka_ka_perproduct
6913,per_chapter,438869.9256908858,2278363.50708512,-4.366276822632297,0.40876847527817606,0.6728022759601706,105.34820601042729,75,EdgeGAT_full_attention_ka_ka_perproduct
6914,per_chapter,355494.70556325215,1457776.5378218787,-2.180255437889136,0.4643447657103842,0.691137693742363,105.60391352911465,72,EdgeGAT_full_attention_ka_ka_perproduct
7001,per_chapter,714082.2343472037,1298103.5836145792,-0.02508207101332416,0.13644410803745644,0.3806949806949807,94.98948142072352,36,EdgeGAT_full_attention_ka_ka_perproduct
7002,per_chapter,433476.6436151082,1368511.9323777396,0.008741793540406051,0.4308366493150463,0.7018228063747379,118.56157529403326,96,EdgeGAT_full_attention_ka_ka_perproduct
7003,per_chapter,2056457.3505965653,14326775.937105138,0.18394703073479346,0.31952237300421016,0.42404288349453084,125.80103945079266,82,EdgeGAT_full_attention_ka_ka_perproduct
7004,per_chapter,3858053.6801048378,14285887.86845036,-1.3980819612938862,0.35369426959342853,0.5055335968379446,130.35012875016798,45,EdgeGAT_full_attention_ka_ka_perproduct
7005,per_chapter,990912.1262268047,3093855.9633156545,0.12046782389488797,0.23178367134823663,0.4782233016077535,125.1682982717033,106,EdgeGAT_full_attention_ka_ka_perproduct
7006,per_chapter,2393484.348630032,7371531.879191576,-1.9133359262397254,0.4503376905831984,0.6707850707850709,118.10896863885183,36,EdgeGAT_full_attention_ka_ka_perproduct
7007,per_chapter,485098.0158473711,1981649.46204297,0.2745138124875104,0.34742904342160186,0.5947111670043302,107.96887162424356,141,EdgeGAT_full_attention_ka_ka_perproduct
7008,per_chapter,982882.7496582153,1813598.9057567087,-0.9860939729355593,0.3246795779339199,0.6088617265087853,128.6078318534167,34,EdgeGAT_full_attention_ka_ka_perproduct
7009,per_chapter,326407.6768685721,1550433.6423512504,0.45138101092623006,0.5157431990229988,0.7294665359248352,93.953726018199,112,EdgeGAT_full_attention_ka_ka_perproduct
7010,per_chapter,925263.0628077143,2856516.9032814554,-0.05402814196677874,0.19725622275676902,0.38566046187609165,129.15121267801558,94,EdgeGAT_full_attention_ka_ka_perproduct
7011,per_chapter,32616.804780263952,77703.72060975297,-0.015483507962095855,0.47885956166323385,0.6989669597882694,101.42582574569785,52,EdgeGAT_full_attention_ka_ka_perproduct
7013,per_chapter,210421.81113398043,1053741.1442040394,0.16789721741619423,0.33694603974172976,0.5830668841276244,119.41101302425376,315,EdgeGAT_full_attention_ka_ka_perproduct
7015,per_chapter,158070.86744403694,513371.09893548983,-12.339641578852213,0.4372366872777068,0.7402597402597402,123.83316152302413,34,EdgeGAT_full_attention_ka_ka_perproduct
7016,per_chapter,173529.77684980095,493177.0551597461,0.3364270086667397,0.24410903395896422,0.5714122355631789,114.86870689518315,54,EdgeGAT_full_attention_ka_ka_perproduct
7017,per_chapter,123050.65690690766,301501.1576693062,0.1283701377365284,0.38400292624328436,0.6488934056007227,110.97407955089442,81,EdgeGAT_full_attention_ka_ka_perproduct
7018,per_chapter,180080.86116708224,739561.6832548352,0.554838770706785,0.413655534420555,0.6480373396843198,106.08681610247186,84,EdgeGAT_full_attention_ka_ka_perproduct
7019,per_chapter,516279.8658355783,1309982.1080092932,0.021861374293984936,0.19970676739547422,0.4802909211012895,118.32327567615852,234,EdgeGAT_full_attention_ka_ka_perproduct
7020,per_chapter,769698.484026049,2456610.8437184147,-0.8785882174419894,0.5238752655155514,0.7621013133208256,103.4445285844795,40,EdgeGAT_full_attention_ka_ka_perproduct
7101,per_chapter,11505096.603682019,49064258.822540835,-561.0866360556561,0.10581261867575398,0.540961135300758,136.11879146463602,53,EdgeGAT_full_attention_ka_ka_perproduct
7102,per_chapter,37210071.10395862,110599644.1217673,-0.11447315738256614,0.1143212339880687,0.3367969176034341,142.11016113251495,76,EdgeGAT_full_attention_ka_ka_perproduct
7103,per_chapter,3042974.798186856,9418443.637770291,0.14678487226528636,0.2908536430819746,0.5167478091528724,135.15201123519694,79,EdgeGAT_full_attention_ka_ka_perproduct
7104,per_chapter,17145016.800217677,60460481.19782092,-44.818810252075984,0.16491184636781164,0.5548872180451128,139.6524347156588,56,EdgeGAT_full_attention_ka_ka_perproduct
7105,per_chapter,227424.12798612285,532394.8243477124,0.3806263660312056,0.2901846618384585,0.5899788315092079,131.53112424666412,31,EdgeGAT_full_attention_ka_ka_perproduct
7106,per_chapter,28413209.259116787,181689293.97760752,-0.0197870762942034,0.17850796168238825,0.469849268229581,127.57596007583352,70,EdgeGAT_full_attention_ka_ka_perproduct
7108,per_chapter,122797371.76490721,412505826.45042133,-0.058656939948806164,0.039415606814620086,0.154357653984992,137.61238931922276,73,EdgeGAT_full_attention_ka_ka_perproduct
7110,per_chapter,9210973.317418039,23054844.60649188,0.17685460640780515,0.2613032246926291,0.5342493547952404,131.3959071606386,112,EdgeGAT_full_attention_ka_ka_perproduct
7112,per_chapter,5980203.283794506,16631290.432118343,0.051899970453811894,0.10520339126911626,0.45348763995555075,119.46903487858978,106,EdgeGAT_full_attention_ka_ka_perproduct
7113,per_chapter,9793045.621984813,35521201.37362917,0.0014589815963524932,0.28249468123097,0.5074207656489583,131.23504687780573,110,EdgeGAT_full_attention_ka_ka_perproduct
7114,per_chapter,591570.1131733957,3185571.082027001,0.13156812455621225,0.2196713680113267,0.5460129112683038,110.68786486168732,72,EdgeGAT_full_attention_ka_ka_perproduct
7115,per_chapter,5458608.48132465,27456894.357117545,-55.171289754437815,0.07957360297388905,0.551089863058099,136.3157670118729,42,EdgeGAT_full_attention_ka_ka_perproduct
7116,per_chapter,3194263.831688575,13406697.66008768,-19.306230660335107,0.3343264106155245,0.589937106918239,125.27561598339778,54,EdgeGAT_full_attention_ka_ka_perproduct
7117,per_chapter,559115.0793839095,1797009.3597490531,0.43215866316275897,0.27002533323426925,0.5011756013089326,117.75212316547959,112,EdgeGAT_full_attention_ka_ka_perproduct
7201,per_chapter,983720.4989428037,4117784.4729661145,-0.05086320679792533,0.2268159813574998,0.5453441295546558,126.53746636262149,39,EdgeGAT_full_attention_ka_ka_perproduct
7202,per_chapter,3012438.9121968495,11238987.58497075,-0.05826831927691156,-0.01357361026593873,0.23207000192628596,125.52789325690799,199,EdgeGAT_full_attention_ka_ka_perproduct
7203,per_chapter,1726813.1799367517,4627818.250371279,0.02137981455914706,0.2914534974679942,0.5261261261261262,144.89322351006143,36,EdgeGAT_full_attention_ka_ka_perproduct
7204,per_chapter,4831354.135570604,14376438.149167323,0.02599546781262274,0.19292175149461221,0.43894571012907435,114.65451273127687,200,EdgeGAT_full_attention_ka_ka_perproduct
7205,per_chapter,558273.2156956749,1310158.5819383191,-0.4501027126215791,0.18424497115279814,0.5763882924671025,120.65105031352472,68,EdgeGAT_full_attention_ka_ka_perproduct
7206,per_chapter,143550.33581649075,256589.32472485528,0.13009700675183755,0.1250749351465662,0.386892177589852,130.79406024809836,44,EdgeGAT_full_attention_ka_ka_perproduct
7207,per_chapter,10898425.793707758,31196107.9196181,-0.07870674692391555,0.1592795199354935,0.4070377053697435,147.22554272234896,85,EdgeGAT_full_attention_ka_ka_perproduct
7208,per_chapter,3212952.9277522727,10255808.507482946,-0.009505318758735948,0.20365373944435416,0.42226890297719455,125.95498103835232,308,EdgeGAT_full_attention_ka_ka_perproduct
7209,per_chapter,1836616.8175249828,8103756.18403242,-0.037856324061717794,0.009719809575501559,0.18378122681345652,133.14649737332306,198,EdgeGAT_full_attention_ka_ka_perproduct
7210,per_chapter,2535609.097786336,8217265.604550249,-0.006879375872175908,0.16078689384381173,0.4055989093335125,123.85361315090553,272,EdgeGAT_full_attention_ka_ka_perproduct
7211,per_chapter,655553.2933673593,1641191.27058913,-0.3585870224490768,0.0578373280918032,0.4610745735218651,120.46035406329455,130,EdgeGAT_full_attention_ka_ka_perproduct
7212,per_chapter,654363.763252766,1559055.3634734107,-0.05436828035679864,0.20815781589914895,0.4559052135936883,123.92984439004793,133,EdgeGAT_full_attention_ka_ka_perproduct
7213,per_chapter,1872197.6210417822,4522949.329444318,0.15095199142415838,0.22691284219270602,0.46312269047416327,127.79960399259012,87,EdgeGAT_full_attention_ka_ka_perproduct
7214,per_chapter,2060934.2257007875,6174317.982382845,-0.06561731221578215,0.08067131753436141,0.3636253954780852,124.96647131438291,139,EdgeGAT_full_attention_ka_ka_perproduct
7215,per_chapter,316298.75911734975,667279.1750381489,-0.05518886070436002,0.24687710952396358,0.653299132841644,117.12408328417546,85,EdgeGAT_full_attention_ka_ka_perproduct
7216,per_chapter,626094.5755359937,1945756.3809274856,-0.013780744290292635,0.15114832360463626,0.43934693038215533,116.29257773387826,333,EdgeGAT_full_attention_ka_ka_perproduct
7217,per_chapter,504911.0454829794,1198184.7547667124,0.30182656467275504,0.1601957384846765,0.4986790342334384,116.3491812657921,122,EdgeGAT_full_attention_ka_ka_perproduct
7218,per_chapter,1052412.5068852834,4228138.851945689,-0.060436001600397304,0.19893121715900797,0.4942835559361286,118.2271453278779,62,EdgeGAT_full_attention_ka_ka_perproduct
7219,per_chapter,1459336.6062241509,5390984.531250663,-0.020974089624282932,0.3275267026693074,0.6784984557575477,115.4362567940403,281,EdgeGAT_full_attention_ka_ka_perproduct
7220,per_chapter,472425.6639540452,1544478.169724955,0.057667358317115,0.49219097267265144,0.7435969562477525,101.03923091464723,92,EdgeGAT_full_attention_ka_ka_perproduct
7222,per_chapter,343821.38742827,1110340.9979127357,0.13901754809637235,0.48967416304450495,0.7355972705252704,101.93802499191216,147,EdgeGAT_full_attention_ka_ka_perproduct
7224,per_chapter,2016049.6072228076,5117183.102002873,-0.10670197739337017,0.16390465783672492,0.3885017421602788,129.32528698303872,41,EdgeGAT_full_attention_ka_ka_perproduct
7225,per_chapter,4106589.807472323,8666809.26092512,-0.07483552675904792,0.21447307808524263,0.4907223273801295,131.40279051298108,138,EdgeGAT_full_attention_ka_ka_perproduct
7226,per_chapter,1003732.3890017769,2272424.685108997,-0.06019410993975405,0.23316721525068151,0.5055306756615039,122.00910946282215,104,EdgeGAT_full_attention_ka_ka_perproduct
7227,per_chapter,2329164.1007635216,6153082.004948456,0.12786514765752088,0.17710867415465792,0.44392712550607294,139.4430640344699,39,EdgeGAT_full_attention_ka_ka_perproduct
7228,per_chapter,916651.9631248115,3772837.7291204296,0.026647218886530433,0.2634116098183735,0.5879499294793,120.85885936807705,195,EdgeGAT_full_attention_ka_ka_perproduct
7229,per_chapter,368562.86557342234,1099504.7892922456,0.3429365361550175,0.48587488010027857,0.714732227939775,104.17744813570837,54,EdgeGAT_full_attention_ka_ka_perproduct
7301,per_chapter,862923.9886949399,2071828.8484911781,0.10439857378998774,-0.049044004858519674,0.34830890386635194,131.64338319473129,58,EdgeGAT_full_attention_ka_ka_perproduct
7302,per_chapter,624121.7302954232,1729337.0951489466,-0.1578365817971361,0.3655854530512761,0.6068815080051034,124.2157648492543,90,EdgeGAT_full_attention_ka_ka_perproduct
7303,per_chapter,935531.2483309928,1774413.592841676,-0.9478973707497453,0.12047347695372546,0.3445855614973262,128.85033278322805,33,EdgeGAT_full_attention_ka_ka_perproduct
7304,per_chapter,911146.5942938938,3550592.351302368,0.05682040906357366,0.3261700884118294,0.5987210377049959,112.30065422479936,378,EdgeGAT_full_attention_ka_ka_perproduct
7305,per_chapter,446625.36790520366,1071748.825821433,0.10877900094297321,0.25748224839814404,0.6238702737164961,119.65639363711063,137,EdgeGAT_full_attention_ka_ka_perproduct
7306,per_chapter,744692.3242935551,2144475.403963883,0.02717095127190783,0.12069243646368388,0.4808892822667954,119.46117774059257,287,EdgeGAT_full_attention_ka_ka_perproduct
7307,per_chapter,351813.46925573377,986636.7504034657,-0.4282851176596556,0.4305923146775328,0.7027128462802655,98.70629203414309,358,EdgeGAT_full_attention_ka_ka_perproduct
7308,per_chapter,1982167.2431800961,9455943.716565948,0.09698874546940595,0.18416588090732078,0.4819293020687485,107.21326494425647,176,EdgeGAT_full_attention_ka_ka_perproduct
7309,per_chapter,501552.7435706852,731370.999854041,0.6644957340871932,0.2730496915148929,0.5429643527204504,87.51596995219285,40,EdgeGAT_full_attention_ka_ka_perproduct
7310,per_chapter,656255.0444640293,1631813.6175751314,-2.60800334936599,0.16007997259385975,0.4744709652321314,105.26044327740578,113,EdgeGAT_full_attention_ka_ka_perproduct
7311,per_chapter,412373.56021079206,1005028.1664695118,0.45837627601064035,0.3484762861702081,0.6703412866203564,91.86563770615379,43,EdgeGAT_full_attention_ka_ka_perproduct
7312,per_chapter,487589.2449719643,1639191.8620069935,0.3820710522687556,0.25676569478491873,0.5834956183057449,110.2276049574148,79,EdgeGAT_full_attention_ka_ka_perproduct
7313,per_chapter,156809.6635079511,454786.42410060886,0.15137399232013282,-0.2209510799686205,-0.09072580645161292,113.30722848996975,31,EdgeGAT_full_attention_ka_ka_perproduct
7314,per_chapter,207762.20069020847,724031.4396360973,0.10289063739944193,0.20045731665181976,0.5155436426296164,106.84686395412983,298,EdgeGAT_full_attention_ka_ka_perproduct
7315,per_chapter,138524.26727513637,429701.9211938636,0.35260971102040206,0.40590430519793486,0.6706059750662474,101.66647376319136,251,EdgeGAT_full_attention_ka_ka_perproduct
7316,per_chapter,93854.77595042881,203042.07557379297,0.1644475515790893,0.35154015622601753,0.7193548387096775,93.79887180544358,31,EdgeGAT_full_attention_ka_ka_perproduct
7317,per_chapter,722155.4426666948,1603585.5896558021,0.47986871676935083,0.06566017414276293,0.26943319838056684,117.8598541625729,39,EdgeGAT_full_attention_ka_ka_perproduct
7318,per_chapter,363084.4953867935,1483037.9634229867,0.25943004770552824,0.42325438670545945,0.6778486794226436,112.42505777043488,443,EdgeGAT_full_attention_ka_ka_perproduct
7319,per_chapter,33465.7275518,97497.88487469278,0.4653176526776438,0.4706600952685672,0.7453971306949635,96.17762514069726,65,EdgeGAT_full_attention_ka_ka_perproduct
7320,per_chapter,160553.85505655117,415771.0767484254,0.30293411485139576,0.5103907497445925,0.7337647143494415,96.35259430228648,109,EdgeGAT_full_attention_ka_ka_perproduct
7321,per_chapter,350829.50248849526,1144332.938122254,0.3305339124446969,0.21614282656247052,0.4905503470638391,121.53667427459958,221,EdgeGAT_full_attention_ka_ka_perproduct
7322,per_chapter,278765.6507234419,662183.1350033075,-0.061265027725790455,0.1760173014248737,0.5024219361138018,121.1968865152635,77,EdgeGAT_full_attention_ka_ka_perproduct
7323,per_chapter,422187.82635606796,3033673.1954696006,0.23603783938789635,0.3297904550540446,0.5732503798753027,110.65474230091652,224,EdgeGAT_full_attention_ka_ka_perproduct
7324,per_chapter,252821.1376717355,1042490.5458377199,0.37221579553565265,0.2749122555070648,0.6255859639615227,107.09879505308999,121,EdgeGAT_full_attention_ka_ka_perproduct
7325,per_chapter,306154.9507138456,589005.7837410886,0.4114894591113434,0.2704721413424833,0.47912804425762384,111.00320096917847,93,EdgeGAT_full_attention_ka_ka_perproduct
7326,per_chapter,1512842.01245689,6294571.3817412,0.285720681329827,0.3385770538703702,0.5964212173105372,119.27074229425976,148,EdgeGAT_full_attention_ka_ka_perproduct
7403,per_chapter,23552637.19865975,99195706.54988545,-0.05648091606535521,0.1765601558031178,0.47749842807930504,132.81991803466076,145,EdgeGAT_full_attention_ka_ka_perproduct
7404,per_chapter,10870977.347550588,23858482.229128998,0.42510253879338,0.579354052228306,0.708479755538579,76.13067337290546,34,EdgeGAT_full_attention_ka_ka_perproduct
7406,per_chapter,402755.0128577933,697835.0070215251,-0.2548870457324208,0.16998896763628857,0.4214285714285715,129.73438185767677,41,EdgeGAT_full_attention_ka_ka_perproduct
7407,per_chapter,720082.5038093597,1713317.9324400013,0.062076603896653926,0.29575813792814176,0.6288453289462507,113.97452374708399,93,EdgeGAT_full_attention_ka_ka_perproduct
7408,per_chapter,2950764.915264131,11155802.037439983,-0.059953393571640756,0.1777009324418496,0.48210909044735556,127.93998954255335,127,EdgeGAT_full_attention_ka_ka_perproduct
7409,per_chapter,1046080.520862108,3312730.8824176723,-0.08288154046575658,0.38103981628071804,0.6934203879241576,111.15449535016533,173,EdgeGAT_full_attention_ka_ka_perproduct
7410,per_chapter,33309264.316384602,152658447.3639251,-644.1505979769706,0.2627750665932477,0.5608103542922236,133.18289201333448,81,EdgeGAT_full_attention_ka_ka_perproduct
7411,per_chapter,488868.89020634216,1905274.5987514576,0.028004449234250828,0.2786067479006007,0.5840032271799961,112.48982668883669,113,EdgeGAT_full_attention_ka_ka_perproduct
7412,per_chapter,642636.3126147883,1927446.080538631,-2.5885276626219684,0.22684068277151526,0.5743269680660811,114.92417824188838,68,EdgeGAT_full_attention_ka_ka_perproduct
7413,per_chapter,679116.4118549685,1963499.4596351262,-39.44668299299025,0.05343375989300314,0.48211068211068214,99.43169578104141,36,EdgeGAT_full_attention_ka_ka_perproduct
7415,per_chapter,57829.99919256013,150345.7693123186,0.03231450774993572,0.33994322885791994,0.62026661911005,104.00427363743037,156,EdgeGAT_full_attention_ka_ka_perproduct
7418,per_chapter,144172.49738560696,628952.2779109471,0.044054155339124046,0.17426207230244317,0.5191483676646641,109.41037035940435,68,EdgeGAT_full_attention_ka_ka_perproduct
7419,per_chapter,375267.2096288795,861903.3775633668,-1.273706556447057,0.3582559651538557,0.6700091575091575,120.281968694622,64,EdgeGAT_full_attention_ka_ka_perproduct
7502,per_chapter,3727192.71054644,8778157.500304079,0.012553181743380049,0.18160417417367125,0.40737498632235475,135.66622489797797,38,EdgeGAT_full_attention_ka_ka_perproduct
7505,per_chapter,858484.792601344,2287866.881852914,0.09163877251335173,0.20947835274566085,0.43768263129720986,131.96713725018145,70,EdgeGAT_full_attention_ka_ka_perproduct
7506,per_chapter,1009103.4181148551,2752491.8990175095,-0.014308062942937072,0.2596902292168495,0.5651603020024073,112.25476517895973,38,EdgeGAT_full_attention_ka_ka_perproduct
7507,per_chapter,363175.43413905014,927476.0294655198,-0.017217158503904928,0.3658808528419243,0.6158315688733553,118.45363253006813,56,EdgeGAT_full_attention_ka_ka_perproduct
7508,per_chapter,555905.6932701032,1178540.003851653,0.21293479915323588,0.17411849393252166,0.4948979591836734,124.99997694603103,49,EdgeGAT_full_attention_ka_ka_perproduct
7601,per_chapter,18332641.774401262,50806810.409477614,-0.10355087008866493,0.08568193452910933,0.3604291002493012,138.7572998505872,62,EdgeGAT_full_attention_ka_ka_perproduct
7602,per_chapter,8634991.782372814,16811300.387623817,0.1479814086227773,0.35924353010345944,0.7291497975708502,88.71194176533368,39,EdgeGAT_full_attention_ka_ka_perproduct
7603,per_chapter,550979.7663228117,1443174.9463127495,-0.17946513041986933,0.09674997648544026,0.3344910903050438,121.6508120965388,43,EdgeGAT_full_attention_ka_ka_perproduct
7604,per_chapter,1147195.532467647,2743681.1193334865,0.03360731830571251,0.14971321227681988,0.3923306423306423,118.60631387186152,111,EdgeGAT_full_attention_ka_ka_perproduct
7605,per_chapter,3264075.557968028,20470271.388449967,-0.024371626863706863,0.10288525577964225,0.3219196477991333,136.3358513405567,88,EdgeGAT_full_attention_ka_ka_perproduct
7606,per_chapter,1862853.3610341533,4502512.950457214,0.19353479511006777,0.10999199528080761,0.44738578761368786,131.74079538461453,126,EdgeGAT_full_attention_ka_ka_perproduct
7607,per_chapter,838042.3772457555,1958789.013308717,0.5974723980892449,0.31049210509234937,0.6495529442748592,108.1690598701059,108,EdgeGAT_full_attention_ka_ka_perproduct
7608,per_chapter,270694.00946894905,634958.8036507805,-0.42380654996449296,0.2949880700592946,0.6637273707918637,115.75289213467195,68,EdgeGAT_full_attention_ka_ka_perproduct
7609,per_chapter,109731.0660823994,238761.63436250912,0.6863416384631416,0.34335806099445587,0.5419630156472262,97.02812846040808,37,EdgeGAT_full_attention_ka_ka_perproduct
7610,per_chapter,1060995.7637629597,3005961.0798541987,0.38908544129723566,0.27788309863830396,0.7044727424474259,96.44178767359315,78,EdgeGAT_full_attention_ka_ka_perproduct
7611,per_chapter,194188.6120927356,331076.4179058649,0.6373264446017224,0.3554378862269152,0.5854105571847507,115.43223757727165,32,EdgeGAT_full_attention_ka_ka_perproduct
7612,per_chapter,1372722.218097545,2421617.0846233554,-0.5249601057125688,-0.008172648127006577,0.2541208791208791,135.196761048086,64,EdgeGAT_full_attention_ka_ka_perproduct
7613,per_chapter,189965.91789207535,614078.126365061,0.00046518814353790905,0.46188181041366827,0.7752932551319647,93.86359693809521,32,EdgeGAT_full_attention_ka_ka_perproduct
7614,per_chapter,811140.7197577577,1877832.1518229304,-0.196329916474842,0.20178977755389937,0.4401017576318224,120.12118757806056,47,EdgeGAT_full_attention_ka_ka_perproduct
7615,per_chapter,476783.95375888835,2414577.5890026935,0.278044466428519,0.20885290784933308,0.5020247287012899,121.83142116780795,73,EdgeGAT_full_attention_ka_ka_perproduct
7616,per_chapter,796964.4768071915,3044342.8759069084,0.2359701610120628,0.19280912589556365,0.4592773645592757,128.6225859707699,107,EdgeGAT_full_attention_ka_ka_perproduct
7801,per_chapter,1769274.1051710157,3846979.2017517504,-0.07492795444123268,0.17153370238506738,0.49848132206846457,107.24222479854993,66,EdgeGAT_full_attention_ka_ka_perproduct
7804,per_chapter,104492.62315451559,249634.75477929178,-0.06098500438885801,0.11482239842153874,0.35761799213047063,127.30858425693717,51,EdgeGAT_full_attention_ka_ka_perproduct
7901,per_chapter,3892286.0358642815,14693130.939202221,-0.06887643544241717,0.12208011105494698,0.38225845308025963,119.69790827591942,65,EdgeGAT_full_attention_ka_ka_perproduct
7902,per_chapter,777250.4344560488,1681399.6379761207,-0.02890328216063165,0.1841436227000589,0.4825361512791991,97.58889718066818,30,EdgeGAT_full_attention_ka_ka_perproduct
7903,per_chapter,427518.87183140084,1234282.254899461,-3.1527262406559338,0.1113842863152118,0.4799795099462136,108.28766727055945,52,EdgeGAT_full_attention_ka_ka_perproduct
7907,per_chapter,141601.53607853816,282244.43049653206,0.32282913733363117,0.44674266586760536,0.7433719433719433,97.40356811516389,36,EdgeGAT_full_attention_ka_ka_perproduct
8001,per_chapter,1413795.7730148542,3067542.837219065,-0.17670203152199515,0.3672833292975811,0.5783783783783785,121.3924255890924,36,EdgeGAT_full_attention_ka_ka_perproduct
8101,per_chapter,325020.64630237524,750089.1321182154,0.3193380703419578,0.21445469457121835,0.4255648897297939,113.85435202515414,88,EdgeGAT_full_attention_ka_ka_perproduct
8102,per_chapter,789626.4395602121,3064738.303134196,-0.025657911012617385,0.28984931226444877,0.5671932706502897,124.9942413365582,75,EdgeGAT_full_attention_ka_ka_perproduct
8103,per_chapter,1542318.520620459,2991305.6477541933,-1.9433075497721366,0.20008883147063006,0.5021473138319423,135.63720055338177,42,EdgeGAT_full_attention_ka_ka_perproduct
8104,per_chapter,1750361.0779503328,5240353.535904097,-0.7974488390338046,0.09518858803425756,0.38647740169755923,138.33030032717747,69,EdgeGAT_full_attention_ka_ka_perproduct
8105,per_chapter,983902.0658411783,2339459.503518716,-0.061792309154171,0.2590385222470942,0.6369420636184913,108.76942842816561,50,EdgeGAT_full_attention_ka_ka_perproduct
8108,per_chapter,1668049.1372560905,4176246.984971636,0.0061706169894624185,0.279756610341098,0.4927022739291379,118.93443528193077,61,EdgeGAT_full_attention_ka_ka_perproduct
8112,per_chapter,1049421.6562934313,3788342.8848152687,-0.009377402591494777,0.04261600637774732,0.21017921507075832,123.50067739561665,100,EdgeGAT_full_attention_ka_ka_perproduct
8201,per_chapter,58186.10137178317,160462.98914117386,0.6194991345498613,0.3586442066340956,0.6034038114333868,111.76637345590552,184,EdgeGAT_full_attention_ka_ka_perproduct
8202,per_chapter,170328.08820282182,535404.9208919622,-0.16171867440783338,0.47740429068184576,0.7296013498683266,109.22348834470243,214,EdgeGAT_full_attention_ka_ka_perproduct
8203,per_chapter,106998.6719669333,473377.16602232546,0.3245771154649596,0.49479729305504927,0.6907073569739012,101.51675948366187,140,EdgeGAT_full_attention_ka_ka_perproduct
8204,per_chapter,74041.23200016494,306852.31911613705,0.7386035831035341,0.6155138527173962,0.8057671386900814,78.0058877641214,111,EdgeGAT_full_attention_ka_ka_perproduct
8205,per_chapter,131835.3205239145,683261.8426670233,0.3732340094770361,0.38262465287585523,0.6643770341216736,103.86346478060415,325,EdgeGAT_full_attention_ka_ka_perproduct
8206,per_chapter,170261.51830008827,595874.1765848907,0.7128853529598396,0.5694649414161197,0.7078799249530957,93.15819445659423,40,EdgeGAT_full_attention_ka_ka_perproduct
8207,per_chapter,336213.32204618957,1005217.7887291753,0.27307557665975524,0.3868977976007346,0.6772022524176506,111.32359346159988,332,EdgeGAT_full_attention_ka_ka_perproduct
8208,per_chapter,110281.08241220788,278313.8990632179,0.31675013611944225,0.40585317982032976,0.6784572732583639,105.2158919564216,163,EdgeGAT_full_attention_ka_ka_perproduct
8209,per_chapter,1995695.0899449016,4728607.526133599,-0.0738497252298489,0.4610758369384118,0.6824866310160428,132.5405848180681,33,EdgeGAT_full_attention_ka_ka_perproduct
8210,per_chapter,125407.6873929607,398110.54382159887,0.27940393971104194,0.3028839601384895,0.5665106951871658,94.57206980539333,33,EdgeGAT_full_attention_ka_ka_perproduct
8211,per_chapter,92039.34864510581,314365.960228354,0.5163042935066532,0.3851020885033819,0.6848891251171831,117.96258171043421,200,EdgeGAT_full_attention_ka_ka_perproduct
8212,per_chapter,525095.3429812284,1338450.133278225,-0.2704143414723865,0.17716429510153864,0.48878250554087616,139.31733710053072,95,EdgeGAT_full_attention_ka_ka_perproduct
8213,per_chapter,595246.4602188598,3253458.307674142,-13.81247937069273,0.41890583881319554,0.7475708502024291,106.7761387293373,39,EdgeGAT_full_attention_ka_ka_perproduct
8214,per_chapter,96000.34097410631,422062.70518887293,0.19782281943887436,0.4735708380161412,0.688208820882088,107.90438432821165,100,EdgeGAT_full_attention_ka_ka_perproduct
8215,per_chapter,154508.22504145486,898666.6133493067,0.22165941858382188,0.3477856868313599,0.6717515180987295,106.58127952187688,134,EdgeGAT_full_attention_ka_ka_perproduct
8301,per_chapter,275582.7326588476,1053606.549466407,0.3447980470508314,0.3992451446872569,0.7102178732450306,111.02836031459582,239,EdgeGAT_full_attention_ka_ka_perproduct
8302,per_chapter,611516.7753118699,2141733.9813469932,0.3026022042722101,0.43671434485047367,0.7271513850040109,103.15973412989376,298,EdgeGAT_full_attention_ka_ka_perproduct
8303,per_chapter,95666.57412884527,197332.5776183155,0.9358802411872237,0.4578211386977443,0.719298245614035,107.0404510482739,37,EdgeGAT_full_attention_ka_ka_perproduct
8304,per_chapter,28934.773658940358,71250.84610659957,0.9482086977716279,0.47491434319518777,0.6885026737967915,86.44883041399022,33,EdgeGAT_full_attention_ka_ka_perproduct
8305,per_chapter,75420.07471037886,304982.90374357736,0.3230994477078526,0.28834890457381934,0.5799162212307257,112.36349724102304,93,EdgeGAT_full_attention_ka_ka_perproduct
8306,per_chapter,145670.50260837883,841514.1327170866,0.24341997288603257,0.31943562658195657,0.6045352337282722,101.67400090676348,135,EdgeGAT_full_attention_ka_ka_perproduct
8307,per_chapter,203480.6434109805,525158.5443300611,0.24989680301886652,0.39362445403404667,0.6756724399393409,100.68235298232466,67,EdgeGAT_full_attention_ka_ka_perproduct
8308,per_chapter,302948.28609581373,799761.9590640941,0.35832993110449596,0.3375876435492824,0.5780503944207376,116.95784018077671,103,EdgeGAT_full_attention_ka_ka_perproduct
8309,per_chapter,884916.5477037698,2280541.3767401786,-0.06516474649949555,0.0974721318728291,0.4658653846153847,121.46931371957876,65,EdgeGAT_full_attention_ka_ka_perproduct
8310,per_chapter,168665.06189796227,333647.75452546537,0.48713722287796024,0.34501470796141687,0.7104716052084473,115.02441372734403,38,EdgeGAT_full_attention_ka_ka_perproduct
8311,per_chapter,258825.68379299683,677457.8166033603,0.1254580023504338,0.3013203445723067,0.5935083275498522,113.88278606744986,136,EdgeGAT_full_attention_ka_ka_perproduct
8401,per_chapter,10964356.361090977,42346966.11889971,-0.050385571207316904,0.303813417337633,0.5862348178137652,139.61132897193573,39,EdgeGAT_full_attention_ka_ka_perproduct
8402,per_chapter,413919.9712858205,1669459.6608118804,0.046023312942804706,0.28418510775337014,0.5334314535573489,114.41434696991546,118,EdgeGAT_full_attention_ka_ka_perproduct
8403,per_chapter,726878.2405839277,1625361.1363711539,-0.048070450976381185,0.2944431394981002,0.5751041956098917,130.6116742722074,60,EdgeGAT_full_attention_ka_ka_perproduct
8404,per_chapter,267747.4070488723,761973.0167407969,-0.24609538974564127,0.14553534881849484,0.5181340244353942,106.26472234788544,74,EdgeGAT_full_attention_ka_ka_perproduct
8405,per_chapter,163264.531722116,289781.7120504764,0.048803774517560794,0.20653644969866147,0.4700854700854701,108.11606033280816,53,EdgeGAT_full_attention_ka_ka_perproduct
8406,per_chapter,2430709.905702937,9883730.584710233,-0.042356592006536076,0.2379861836096372,0.4771853146853147,150.7596267906631,65,EdgeGAT_full_attention_ka_ka_perproduct
8407,per_chapter,1945813.2305499422,8518264.48005577,-0.04072535978587721,0.2103028932332498,0.47758624670774014,125.21858532757916,222,EdgeGAT_full_attention_ka_ka_perproduct
8408,per_chapter,1754320.2485278929,5946266.320733965,0.155900380498592,0.5278809140288403,0.7311246931791758,94.66135461142406,103,EdgeGAT_full_attention_ka_ka_perproduct
8409,per_chapter,1736817.4873050905,4796007.659704654,0.2574979344260354,0.40799859620891843,0.6524794411052948,114.68872676360664,119,EdgeGAT_full_attention_ka_ka_perproduct
8410,per_chapter,209150.3942566269,635719.1792009944,-0.04012917304084351,0.19337553096320148,0.4901027636991147,125.62334016019965,69,EdgeGAT_full_attention_ka_ka_perproduct
8411,per_chapter,10813136.107181929,35911342.23092058,-0.024674626878819828,0.2546193274729007,0.5503050011414966,139.04323667377264,187,EdgeGAT_full_attention_ka_ka_perproduct
8412,per_chapter,513007.89407146786,1261148.9273635445,0.24744015343008985,0.4483758419194882,0.6856729320620955,102.77451883224646,238,EdgeGAT_full_attention_ka_ka_perproduct
8413,per_chapter,637342.8358032712,2112664.027470643,0.17998007761384893,0.34829598446500554,0.6063026543883296,110.89716953183235,436,EdgeGAT_full_attention_ka_ka_perproduct
8414,per_chapter,1044130.9178966905,3398377.961953941,0.40946631401493505,0.4130185649392836,0.6524119464181444,109.87025770676735,343,EdgeGAT_full_attention_ka_ka_perproduct
8415,per_chapter,1620872.0218086815,5337638.953860911,0.33911897555630377,0.27774571737166687,0.596235203668825,118.31675506880607,214,EdgeGAT_full_attention_ka_ka_perproduct
8416,per_chapter,134235.25146258742,290515.39137039904,0.12943360720091046,0.47993684986905405,0.7061071638746298,108.15102102915246,113,EdgeGAT_full_attention_ka_ka_perproduct
8417,per_chapter,400352.32056798623,967133.2796531721,0.427086881269935,0.48477818610522194,0.720119590873328,105.20756862315304,124,EdgeGAT_full_attention_ka_ka_perproduct
8418,per_chapter,696383.4505286253,1971449.1071239877,0.4435998559236365,0.2762996454862465,0.5458362298158325,117.18483574704833,345,EdgeGAT_full_attention_ka_ka_perproduct
8419,per_chapter,621383.0152736944,1421238.859702272,0.35566497878251013,0.36024158215188684,0.6740286555120037,109.4202306279916,363,EdgeGAT_full_attention_ka_ka_perproduct
8420,per_chapter,361067.45227494097,2297537.801764497,0.003242308735871502,0.42107282504351384,0.657672312066279,102.91822964191523,87,EdgeGAT_full_attention_ka_ka_perproduct
8421,per_chapter,777141.8636460877,2539438.983019324,0.1663578273638302,0.3689831572130885,0.6246604057872105,119.29005887693407,393,EdgeGAT_full_attention_ka_ka_perproduct
8422,per_chapter,790176.5282982258,2306715.4308399605,0.12020997107180098,0.363234959985001,0.6365219942809623,112.48601282271547,208,EdgeGAT_full_attention_ka_ka_perproduct
8423,per_chapter,120679.5872191619,395896.80731424945,0.3875826109565368,0.36035305884375046,0.6723593092734662,103.39287504193744,241,EdgeGAT_full_attention_ka_ka_perproduct
8424,per_chapter,380289.32170563407,927147.4317211411,0.2924045303353293,0.4326308924835427,0.7046871970364341,105.84167036939559,286,EdgeGAT_full_attention_ka_ka_perproduct
8425,per_chapter,172920.3189476652,530099.0743800197,0.4217687039148511,0.49384808088388077,0.7084683449384148,92.37191813174674,239,EdgeGAT_full_attention_ka_ka_perproduct
8426,per_chapter,1162454.1094314314,3268375.540715886,0.02771876206739654,0.23868530515466735,0.49635909874979056,103.5202742275501,235,EdgeGAT_full_attention_ka_ka_perproduct
8427,per_chapter,1311118.9798059613,3055856.4691622253,0.3273773365815038,0.46069279817151076,0.6582617457396651,102.34876909401972,110,EdgeGAT_full_attention_ka_ka_perproduct
8428,per_chapter,837383.9105175437,1943968.6277955004,0.18321669352106362,0.2415093663874308,0.5781268366222041,114.6926935478489,252,EdgeGAT_full_attention_ka_ka_perproduct
8429,per_chapter,1972791.6285019324,8820481.994628686,0.001960339658283683,0.18333761891277178,0.4229164451503029,96.74525038655581,240,EdgeGAT_full_attention_ka_ka_perproduct
8430,per_chapter,787989.060174568,3220786.2810843117,0.001465063515652676,0.2371027996362266,0.5036848276876174,98.58700164601132,239,EdgeGAT_full_attention_ka_ka_perproduct
8431,per_chapter,1121450.2194506233,3838957.5228552935,0.1598773084124947,0.3630201564897021,0.641691046278255,107.50702143850934,291,EdgeGAT_full_attention_ka_ka_perproduct
8432,per_chapter,310885.11675156315,622832.8676973245,-0.05191632666900592,0.2568538746358753,0.5582466519365048,107.64171368583202,237,EdgeGAT_full_attention_ka_ka_perproduct
8433,per_chapter,701150.4562114908,1672948.38872905,0.11378690560642313,0.39703229989043287,0.6537512441247562,111.26199289501062,296,EdgeGAT_full_attention_ka_ka_perproduct
8434,per_chapter,426477.97902508173,814043.4016465974,-0.11132546813691646,0.09324682230112358,0.32631925036988324,112.01954093618265,78,EdgeGAT_full_attention_ka_ka_perproduct
8435,per_chapter,55002.88705754551,115499.27184089509,0.20158531081435982,0.2545509135631904,0.6099866590432628,101.53442727864778,54,EdgeGAT_full_attention_ka_ka_perproduct
8436,per_chapter,307536.7583540338,604797.9774498454,0.04244421506473617,0.3417825946934846,0.60007926583164,118.37249018759744,175,EdgeGAT_full_attention_ka_ka_perproduct
8437,per_chapter,139461.15387992986,334616.253388679,0.26585394724733635,0.37043617561439046,0.6216847063472639,89.22884131844133,95,EdgeGAT_full_attention_ka_ka_perproduct
8438,per_chapter,390665.44659002713,880488.5293804938,0.09808587671883462,0.3691234466032862,0.6185734136174155,106.22004829631766,255,EdgeGAT_full_attention_ka_ka_perproduct
8439,per_chapter,303864.1738565461,734051.7251600686,0.15196268042053285,0.36606520733778314,0.6210199692780337,109.11091019464453,125,EdgeGAT_full_attention_ka_ka_perproduct
8440,per_chapter,96172.28193426557,161363.9257526209,0.05039541696727734,0.22098255886404128,0.5980519480519483,98.30233189973717,55,EdgeGAT_full_attention_ka_ka_perproduct
8441,per_chapter,457567.8959657493,1258560.682354689,0.07526686708692609,0.3924870110964803,0.6484757918866435,111.1447006535276,173,EdgeGAT_full_attention_ka_ka_perproduct
8442,per_chapter,92713.92256717739,161415.8792188528,0.22327771275554842,0.27646432831964285,0.5339784097248351,98.45912640471937,93,EdgeGAT_full_attention_ka_ka_perproduct
8443,per_chapter,1502589.2229409977,6672585.69684381,0.015363168626634338,0.2790895201918664,0.5635867686289442,116.17773666566129,379,EdgeGAT_full_attention_ka_ka_perproduct
8445,per_chapter,721294.775345634,3871392.735227237,-0.002928639043028314,0.32714309340922376,0.6020241243019498,116.30201017480599,137,EdgeGAT_full_attention_ka_ka_perproduct
8446,per_chapter,817679.5258221133,3301072.1070179516,-0.027781735281500408,0.20301920066666257,0.4524225333501176,122.31279295827555,68,EdgeGAT_full_attention_ka_ka_perproduct
8447,per_chapter,238599.6703097944,644671.7153198188,0.4769993678462683,0.30671552122141077,0.5021985969025632,99.61057430884154,85,EdgeGAT_full_attention_ka_ka_perproduct
8448,per_chapter,213575.57581469117,999124.6318550617,-0.0005336117945682339,0.28935960047806686,0.5368250433072531,109.38912514699793,249,EdgeGAT_full_attention_ka_ka_perproduct
8450,per_chapter,530929.901442938,1891014.8063366998,0.30233839036547205,0.21515071988583034,0.490819359846024,126.51760842987167,161,EdgeGAT_full_attention_ka_ka_perproduct
8451,per_chapter,172117.34083144306,549119.8955194665,0.1818648793446762,0.4131101145949122,0.656040355125381,103.23817007633183,242,EdgeGAT_full_attention_ka_ka_perproduct
8452,per_chapter,175239.73273006082,526401.2119520105,0.47514490057601555,0.3426950868202221,0.5905509056174142,110.09684117308585,158,EdgeGAT_full_attention_ka_ka_perproduct
8453,per_chapter,131780.5182505161,396029.5732169984,0.10028245619994558,0.2698870351202719,0.5894432826685708,110.80085917568054,98,EdgeGAT_full_attention_ka_ka_perproduct
8454,per_chapter,524929.0076415609,1564846.15672403,0.0859803709398308,0.2654742829887674,0.5397291846730049,125.72078413395806,90,EdgeGAT_full_attention_ka_ka_perproduct
8455,per_chapter,612150.5192412498,1273245.5633113396,0.31325537112751023,0.39312210567805783,0.5973812592229076,116.7512575301758,104,EdgeGAT_full_attention_ka_ka_perproduct
8456,per_chapter,782824.9886263068,3151440.317834329,0.0004711904558718505,0.23375415460526516,0.5968832517852216,117.84811816303507,162,EdgeGAT_full_attention_ka_ka_perproduct
8457,per_chapter,2153561.8619355396,9096785.37451864,0.002714834764750762,0.15823724247074133,0.47563872800822476,127.50535078322042,60,EdgeGAT_full_attention_ka_ka_perproduct
8458,per_chapter,855753.3796763582,3517850.1817512466,0.0281251937792667,0.3436045834719442,0.5814439295764413,103.70470586503622,105,EdgeGAT_full_attention_ka_ka_perproduct
8459,per_chapter,170925.7807573429,685875.4737695587,0.03181759239404591,0.32104306502905233,0.6086902658804058,109.00747430469224,267,EdgeGAT_full_attention_ka_ka_perproduct
8460,per_chapter,305709.9221235133,988230.6972384922,0.09937953667100596,0.3849055239269279,0.6779534604233829,109.2958336071179,222,EdgeGAT_full_attention_ka_ka_perproduct
8461,per_chapter,222901.92133299782,855144.507919772,0.07333364075035242,0.38724918735500846,0.6770713972925769,114.01372760826459,126,EdgeGAT_full_attention_ka_ka_perproduct
8462,per_chapter,434731.40284500975,1237198.1637482534,0.13146354250272008,0.35463298829855605,0.6338360039100747,111.91826643588149,220,EdgeGAT_full_attention_ka_ka_perproduct
8463,per_chapter,295867.7800015984,660247.2585881698,0.03309136860917483,0.3452913413123574,0.6280461946639853,103.90264764355872,97,EdgeGAT_full_attention_ka_ka_perproduct
8464,per_chapter,214275.65175318826,491270.4921135428,0.29225678405279865,0.43581682745774175,0.7145303666968879,111.56731293202562,96,EdgeGAT_full_attention_ka_ka_perproduct
8465,per_chapter,229179.67932171823,644163.7512618422,0.21461319841329596,0.4096742781149115,0.6724030866823264,105.99222075154108,260,EdgeGAT_full_attention_ka_ka_perproduct
8466,per_chapter,451069.50201393606,1062627.339466619,0.14700431365557953,0.44151659827373346,0.6930676820867162,104.76037339724363,235,EdgeGAT_full_attention_ka_ka_perproduct
8467,per_chapter,528574.6848188946,2132991.1940224166,-0.0011001559913088599,0.4825221500110509,0.7175082279843013,107.28519163599404,341,EdgeGAT_full_attention_ka_ka_perproduct
8468,per_chapter,70893.69727771195,153608.28472012767,0.33946060553555935,0.4557753860304923,0.7209692373445694,101.67254365245304,120,EdgeGAT_full_attention_ka_ka_perproduct
8470,per_chapter,361601.9797912988,1576250.6561481901,0.02940924385721666,0.20231506741772587,0.4945645151902073,127.59684004103993,166,EdgeGAT_full_attention_ka_ka_perproduct
8471,per_chapter,10517191.090642516,46293537.64685113,0.05266617130152018,0.5454823816948107,0.7811172240875858,106.45497686534623,328,EdgeGAT_full_attention_ka_ka_perproduct
8472,per_chapter,560083.5598873266,1380150.9987380006,-0.6459189335786899,0.014234718407585278,0.3940308517773306,130.98293140601902,71,EdgeGAT_full_attention_ka_ka_perproduct
8473,per_chapter,5225378.984141687,23665586.834729876,-0.03293136127696594,0.3123956993344391,0.6168169810726373,129.44143462311183,178,EdgeGAT_full_attention_ka_ka_perproduct
8474,per_chapter,425928.397065095,1336003.5067536298,0.22893011253124584,0.2974822129454243,0.5886626274031246,101.85656654764992,235,EdgeGAT_full_attention_ka_ka_perproduct
8475,per_chapter,1793241.157984173,5845240.381330447,-0.09097746311433141,0.10803420976652689,0.40296803652968044,137.59214424888742,73,EdgeGAT_full_attention_ka_ka_perproduct
8476,per_chapter,261301.90652993586,698668.7422163549,-0.049077015777309496,0.2900542187876525,0.5661656302576212,105.14141957734735,108,EdgeGAT_full_attention_ka_ka_perproduct
8477,per_chapter,975901.0824843656,2893643.802412642,0.24396597252840624,0.3598161864048822,0.6606495941312578,111.80219553403401,237,EdgeGAT_full_attention_ka_ka_perproduct
8478,per_chapter,376933.77632221294,923738.6709277354,-0.06309563508549276,0.21469234466238862,0.42756132756132764,135.27212356432037,55,EdgeGAT_full_attention_ka_ka_perproduct
8479,per_chapter,1281949.5713440715,5632559.788150852,0.019488198953676927,0.2829308843183923,0.548627241002901,113.48553465907945,354,EdgeGAT_full_attention_ka_ka_perproduct
8480,per_chapter,435867.2522939425,2059318.5643023378,0.0700958410701219,0.27850029183147407,0.5588526171224835,110.99064938619618,260,EdgeGAT_full_attention_ka_ka_perproduct
8481,per_chapter,1925848.2547259375,7405263.539425506,0.18931611844104113,0.5336192760367682,0.7488020136577791,103.41641133442903,241,EdgeGAT_full_attention_ka_ka_perproduct
8482,per_chapter,594179.7962522646,1756929.7399555915,0.24516874967296565,0.47500490528591455,0.6930027948614135,101.58661787258758,283,EdgeGAT_full_attention_ka_ka_perproduct
8483,per_chapter,714365.8351810055,2052367.4557756898,0.42204118520313294,0.5843053289318634,0.7727724324389158,95.29019173737504,273,EdgeGAT_full_attention_ka_ka_perproduct
8484,per_chapter,206515.89853169624,495889.44505365833,0.5917256885692412,0.5244684736487079,0.7056329386719957,88.23512188308035,118,EdgeGAT_full_attention_ka_ka_perproduct
8486,per_chapter,141203801.2349388,526103411.6842415,-18.226545015143998,0.3421160300259979,0.6487248600456148,136.48212460875533,105,EdgeGAT_full_attention_ka_ka_perproduct
8487,per_chapter,592858.2571655054,1390905.8419949426,0.46484145585280756,0.4609579800954495,0.6813547954393024,98.6515815981347,71,EdgeGAT_full_attention_ka_ka_perproduct
8501,per_chapter,648040.1656661581,2003871.8375110258,0.27535348883255506,0.4300340125512955,0.6801362316762809,104.75781473467384,480,EdgeGAT_full_attention_ka_ka_perproduct
8502,per_chapter,847774.2620658715,3041987.410598863,0.07332927168918713,0.23229122519958445,0.5408358776697316,104.97280148919599,224,EdgeGAT_full_attention_ka_ka_perproduct
8503,per_chapter,1595553.6733239847,5208748.956294813,0.5998210921628464,0.5173899359174112,0.727954971857411,100.01567081533587,40,EdgeGAT_full_attention_ka_ka_perproduct
8504,per_chapter,2362589.3595210523,11991303.066852951,0.07637265568198615,0.3406812654310297,0.610767341549421,122.12581825652072,385,EdgeGAT_full_attention_ka_ka_perproduct
8505,per_chapter,1079469.5743284195,3265156.832997761,-0.17844024915874712,0.4913536816324807,0.7543970187388267,109.8795690581325,137,EdgeGAT_full_attention_ka_ka_perproduct
8506,per_chapter,617785.9272375014,1660709.9493123137,-0.2842793868289446,0.25155149412503264,0.5656213011890586,121.62268119567821,185,EdgeGAT_full_attention_ka_ka_perproduct
8507,per_chapter,3148385.6028928813,27287296.66772463,0.04188020348186017,0.33817095203434,0.6400385376047293,116.27420887180651,243,EdgeGAT_full_attention_ka_ka_perproduct
8508,per_chapter,687992.453822947,2615035.2729637986,0.3344816837255693,0.35608874926497025,0.6345980003003908,112.96976061624177,132,EdgeGAT_full_attention_ka_ka_perproduct
8509,per_chapter,1373795.531438694,6271005.469256843,-0.25967471613839344,0.4520738038008053,0.7386426031431665,119.11868994849775,109,EdgeGAT_full_attention_ka_ka_perproduct
8510,per_chapter,554940.2726118411,1510973.9636468699,-0.6817488742998181,0.4575058476368452,0.7334815750666345,121.08182204787848,121,EdgeGAT_full_attention_ka_ka_perproduct
8511,per_chapter,378583.87842593575,1070903.483770791,0.22730069144210663,0.4414999637329703,0.6907061121004798,102.87827935887141,251,EdgeGAT_full_attention_ka_ka_perproduct
8512,per_chapter,608217.9956334129,1807552.988172416,0.37965440985256427,0.42008209506994254,0.6812761936220978,124.55608565928293,171,EdgeGAT_full_attention_ka_ka_perproduct
8513,per_chapter,586524.0007056203,2123615.194085319,0.24584358211081403,0.3214587512262256,0.5845238095238094,120.1133402008436,64,EdgeGAT_full_attention_ka_ka_perproduct
8514,per_chapter,312621.1000786583,1049480.7100592412,0.2292975123035318,0.544371476371144,0.7373335413496216,96.38476777032672,160,EdgeGAT_full_attention_ka_ka_perproduct
8515,per_chapter,306839.68154951016,772255.7236397606,0.1636115714844626,0.35821073258707825,0.6671221203534744,111.00449173507634,266,EdgeGAT_full_attention_ka_ka_perproduct
8516,per_chapter,731272.164034355,2827168.3851726158,0.34461359268687664,0.39278854132602325,0.6632025365526525,115.77118819549761,486,EdgeGAT_full_attention_ka_ka_perproduct
8517,per_chapter,14036955.730224866,89175232.00154088,0.11700417236120098,0.32672118295814556,0.6017203786230308,128.3239761656121,269,EdgeGAT_full_attention_ka_ka_perproduct
8518,per_chapter,1734626.6930712233,6274714.49121688,-2.274582022555318,0.536351769972772,0.7493069816852372,105.40816284083382,294,EdgeGAT_full_attention_ka_ka_perproduct
8519,per_chapter,320037.2877656208,941706.2595340658,0.04744052501368634,0.18868828746185473,0.512637070589358,121.86127614871249,106,EdgeGAT_full_attention_ka_ka_perproduct
8521,per_chapter,653193.153308145,2096808.3610312566,0.1808934910820077,0.28355019799764025,0.6053571428571427,124.61096312072671,64,EdgeGAT_full_attention_ka_ka_perproduct
8522,per_chapter,2373902.132556132,9882568.852301886,-31.035655558374287,0.30279181338680106,0.6139696945142209,119.92390184308361,42,EdgeGAT_full_attention_ka_ka_perproduct
8523,per_chapter,1343055.4123369763,5591024.3853148585,0.04841461681038106,0.3976103115082581,0.6623505720022591,121.72796116954798,288,EdgeGAT_full_attention_ka_ka_perproduct
8525,per_chapter,2091411.1722938328,9157695.685311873,0.0406185050090323,0.4197814099468874,0.6679141886389073,115.04118572543278,111,EdgeGAT_full_attention_ka_ka_perproduct
8526,per_chapter,1082564.251988217,3539145.895112058,0.0068836538421004345,0.5527083783819243,0.7722503600910844,107.44320676735657,114,EdgeGAT_full_attention_ka_ka_perproduct
8527,per_chapter,268783.9890056575,1230619.1896203815,0.11224453155306324,0.3089450240722863,0.6036822876047878,117.66857033865332,227,EdgeGAT_full_attention_ka_ka_perproduct
8528,per_chapter,1481315.9678001918,7537937.421305329,0.10261435305973976,0.28712986729992585,0.5699304418442809,118.99432771025944,309,EdgeGAT_full_attention_ka_ka_perproduct
8529,per_chapter,22045860.502216674,124638619.95136596,-45.30999319311527,0.4125996740910933,0.7149728997289972,108.55803485030093,81,EdgeGAT_full_attention_ka_ka_perproduct
8530,per_chapter,229159.788313316,394214.77953109465,0.08944878156689196,0.2983298808898027,0.6092511090769707,108.81064057627843,80,EdgeGAT_full_attention_ka_ka_perproduct
8531,per_chapter,1310344.4038132848,3938508.180491071,-3.454907265562106,0.46068788080283596,0.74739593977125,101.73954532827058,142,EdgeGAT_full_attention_ka_ka_perproduct
8532,per_chapter,11022659.917289944,49006791.310942456,-14.428234328902173,0.28235082165525516,0.5684193614278414,128.26523944212528,236,EdgeGAT_full_attention_ka_ka_perproduct
8533,per_chapter,2360832.6964153578,10004550.959701337,-16.987818719596866,0.3095003114924384,0.6391698027618724,132.4776776369901,196,EdgeGAT_full_attention_ka_ka_perproduct
8534,per_chapter,293217805.8030748,1820422977.549687,-3626.781388486068,0.5413514392659848,0.7245644599303137,129.22561978813297,41,EdgeGAT_full_attention_ka_ka_perproduct
8535,per_chapter,278762.21988898556,711916.3221153859,0.20871479203694,0.40519204055446045,0.6444013978822619,106.18519564231863,198,EdgeGAT_full_attention_ka_ka_perproduct
8536,per_chapter,1368375.8396299407,4964743.516358773,0.27022216262771936,0.46325592914117353,0.6988381081322007,110.35800343725045,395,EdgeGAT_full_attention_ka_ka_perproduct
8537,per_chapter,2432317.9837840907,6074878.363284899,0.5863476673055202,0.4186632205022045,0.6538389878815248,110.20606513412581,81,EdgeGAT_full_attention_ka_ka_perproduct
8538,per_chapter,1770893.6833674,4711818.602346871,0.3303899656242697,0.4712311873647941,0.6857385408321997,107.28391446118175,82,EdgeGAT_full_attention_ka_ka_perproduct
8539,per_chapter,256116.19374341084,1721070.073505992,0.1574327794427577,0.46006471173603136,0.7276468762849093,109.79973115167125,372,EdgeGAT_full_attention_ka_ka_perproduct
8540,per_chapter,263302.30090070213,705831.3625500817,0.01651017528648968,0.25776995671892244,0.5799686230279851,120.09197784203522,186,EdgeGAT_full_attention_ka_ka_perproduct
8541,per_chapter,51205840.89396886,255961117.3036395,-87.61260347357997,0.39585462785443315,0.657461371682537,129.50752527528314,210,EdgeGAT_full_attention_ka_ka_perproduct
8542,per_chapter,2135788311.2979827,12307784905.521305,-4078.3131983390326,0.4923843147806275,0.7026231155438087,136.84024641530436,168,EdgeGAT_full_attention_ka_ka_perproduct
8543,per_chapter,2011368.5881205846,7364184.453629374,0.24692350615343472,0.4122976346935153,0.6900448635638363,110.31897013041068,169,EdgeGAT_full_attention_ka_ka_perproduct
8544,per_chapter,2180639.8820711076,8040046.042777542,0.13648727530962534,0.3215045309316432,0.5969170225584061,112.60432999602013,312,EdgeGAT_full_attention_ka_ka_perproduct
8545,per_chapter,1035190.3812506696,3429505.8923095795,0.22313915386172334,0.3569573224829641,0.6115400657853515,114.84834670015506,116,EdgeGAT_full_attention_ka_ka_perproduct
8546,per_chapter,157681.6335196494,336761.15098023857,0.47972651617323336,0.39751052050330393,0.680952520576974,93.35492172263112,85,EdgeGAT_full_attention_ka_ka_perproduct
8547,per_chapter,1164644.8868717654,5202508.158766015,-14.554212727852564,0.39901490020766683,0.638704820313255,109.03914578167509,96,EdgeGAT_full_attention_ka_ka_perproduct
8548,per_chapter,2235693.579704503,6117118.802442396,-0.3944819540394653,0.11749905822438811,0.46107252014448463,115.37874614671087,60,EdgeGAT_full_attention_ka_ka_perproduct
8606,per_chapter,6510751.046218528,17130853.2718138,-0.5977505062411705,0.04386906367390975,0.36672268907563016,142.12071927041822,50,EdgeGAT_full_attention_ka_ka_perproduct
8607,per_chapter,823045.6501714818,2754541.0671313014,-0.025757598858855646,0.3438973812412317,0.5893807669894341,115.80300820877181,164,EdgeGAT_full_attention_ka_ka_perproduct
8609,per_chapter,3592865.810665241,19978082.8737702,-1.5931842692390372,0.4515585378431337,0.6768292682926831,99.00701417698127,41,EdgeGAT_full_attention_ka_ka_perproduct
8701,per_chapter,2118039.854410477,7426487.394022603,-0.0318526642704966,0.16350508659113572,0.4526331830129338,117.69427340889746,206,EdgeGAT_full_attention_ka_ka_perproduct
8702,per_chapter,1947959.9890190586,4361075.194067849,0.08654917021770592,0.05787629307566122,0.2698282300224048,121.29263804286789,104,EdgeGAT_full_attention_ka_ka_perproduct
8703,per_chapter,7895814.127906626,28082220.120879646,-0.0105989769842878,0.35644693110277825,0.6017399744396836,116.28612116697322,427,EdgeGAT_full_attention_ka_ka_perproduct
8704,per_chapter,4218172.300031044,17843003.113360256,-0.030560287870638136,0.3005284595797435,0.5887161904777878,112.66150901464074,210,EdgeGAT_full_attention_ka_ka_perproduct
8705,per_chapter,862871.7163592435,1891072.6644811812,0.11033207388355504,0.18043112022115138,0.46206033427278503,91.70274970059535,121,EdgeGAT_full_attention_ka_ka_perproduct
8706,per_chapter,686796.4222157215,1520641.3909734907,-0.03726248099008456,0.07666587335016417,0.4084677419354839,116.44136662667827,31,EdgeGAT_full_attention_ka_ka_perproduct
8707,per_chapter,3855101.4532295493,15334585.23690569,-0.050554370642625246,0.25296628203158567,0.5976104473464853,125.54718831200198,60,EdgeGAT_full_attention_ka_ka_perproduct
8708,per_chapter,1959145.587152851,7410047.238113133,0.16956985570121508,0.4661481855831068,0.7112278030260832,110.95232899461986,538,EdgeGAT_full_attention_ka_ka_perproduct
8709,per_chapter,200535.49895212645,389019.187261478,0.15379385209762064,0.3198591912652712,0.6019000511090674,102.69629012252102,74,EdgeGAT_full_attention_ka_ka_perproduct
8711,per_chapter,1119287.4464528025,3944056.695988786,0.04729549787350551,0.3786829981390005,0.609542747045646,116.13288058270979,205,EdgeGAT_full_attention_ka_ka_perproduct
8712,per_chapter,1814467.7499026165,6338896.109347902,-2.0499379067863863,0.429425730104672,0.6349710033920559,111.81768533000714,38,EdgeGAT_full_attention_ka_ka_perproduct
8713,per_chapter,218679.6403679155,610023.5900643491,0.5510664497428897,0.4071657730206981,0.6239221377956117,115.3946716056723,52,EdgeGAT_full_attention_ka_ka_perproduct
8714,per_chapter,685978.2721096077,2678775.7635502922,0.17515455728716034,0.34416438067770216,0.6242504606350903,117.25914007471798,265,EdgeGAT_full_attention_ka_ka_perproduct
8715,per_chapter,274644.8816433756,467579.09506730514,0.9482923811572528,0.5251806374219359,0.7234530175706646,124.0116690074337,34,EdgeGAT_full_attention_ka_ka_perproduct
8716,per_chapter,894933.4093941817,2242255.438601578,-0.046889537192044584,0.19896319960562792,0.5445349908297514,106.93126764117291,227,EdgeGAT_full_attention_ka_ka_perproduct
8802,per_chapter,17026550.205474827,66460115.97262701,-0.019368251393436564,0.20778139527243422,0.4317369999612253,134.45267439726345,124,EdgeGAT_full_attention_ka_ka_perproduct
8803,per_chapter,3407341.524932976,9839094.211651409,-0.008955389152623061,0.20636111638565546,0.46849327535323587,121.19246720983863,137,EdgeGAT_full_attention_ka_ka_perproduct
8805,per_chapter,364989.47476993536,745201.3486316138,0.3083774691819319,0.019359399511279074,0.3555878084179971,109.88540998029951,52,EdgeGAT_full_attention_ka_ka_perproduct
8901,per_chapter,40929272.8581594,125940305.62773763,0.03369657308311291,0.16928072898301416,0.4512486944959995,136.20272234377956,61,EdgeGAT_full_attention_ka_ka_perproduct
8903,per_chapter,1359879.21789983,5304955.260430413,0.06942595873770985,0.21281750384299836,0.5633675645597853,111.29359679548867,99,EdgeGAT_full_attention_ka_ka_perproduct
8905,per_chapter,15112910.078488128,62979379.285910346,-0.025323506562289877,0.0483807560828623,0.25220714410549816,133.95466900936557,45,EdgeGAT_full_attention_ka_ka_perproduct
8907,per_chapter,250837.91711209863,575636.8537702888,-0.08120678526921066,0.20868073520606523,0.5235805860805861,109.26104531648255,64,EdgeGAT_full_attention_ka_ka_perproduct
9001,per_chapter,4939413.066155257,19024082.81776655,-4.055091574790975,0.33092138421122164,0.6293447188940889,131.7751885175818,168,EdgeGAT_full_attention_ka_ka_perproduct
9002,per_chapter,3677189.8075343855,15414617.936827146,-19.849289281529565,0.49584264841039305,0.7389537126734042,119.82713227497209,124,EdgeGAT_full_attention_ka_ka_perproduct
9003,per_chapter,2437750.5376381613,9745263.110552404,-23.882047498375933,0.3605564032976377,0.6428363811896658,121.67224686232969,99,EdgeGAT_full_attention_ka_ka_perproduct
9004,per_chapter,1796191.6305023192,6341197.838565032,-1.4221181321095253,0.5208083980201801,0.7432440976744773,104.36803211257622,78,EdgeGAT_full_attention_ka_ka_perproduct
9005,per_chapter,323454.41296891816,878623.9983893055,-2.2449288615298406,0.3130123435697285,0.6012149438088489,111.69466874825096,84,EdgeGAT_full_attention_ka_ka_perproduct
9006,per_chapter,1226623.6584114823,6439343.139359646,-13.09162815238468,0.36379806999473463,0.7268117485857075,110.08207777746983,208,EdgeGAT_full_attention_ka_ka_perproduct
9007,per_chapter,102963.47230573784,319003.6252292294,0.32269054478095505,0.23656209807325024,0.6200994796133424,107.01810307304598,121,EdgeGAT_full_attention_ka_ka_perproduct
9008,per_chapter,112640.04468780283,255693.9568576733,-1.8991892990492643,0.3608588180009218,0.6671677606788952,106.62287848863042,47,EdgeGAT_full_attention_ka_ka_perproduct
9010,per_chapter,162226.91438315753,819939.025839854,0.014151154355322548,0.40085616805818747,0.6665821146245725,102.94292574315955,93,EdgeGAT_full_attention_ka_ka_perproduct
9011,per_chapter,1664152.4052559335,6343992.518246424,-10.274730113650461,0.2030131266943218,0.549594064949608,108.26023552552815,95,EdgeGAT_full_attention_ka_ka_perproduct
9012,per_chapter,1753728.3109925492,6183221.094185447,-0.013393240804193907,0.44721698570788704,0.6899861239592969,113.70105803014047,47,EdgeGAT_full_attention_ka_ka_perproduct
9013,per_chapter,3549664.2338024396,11727239.461849917,-17.898732163237746,0.327845041022064,0.6677944603367989,116.85924565603287,127,EdgeGAT_full_attention_ka_ka_perproduct
9014,per_chapter,391593.92059244186,793328.1615131883,0.2042107283750043,0.3843477625563937,0.7102108254615473,110.90399105905475,122,EdgeGAT_full_attention_ka_ka_perproduct
9015,per_chapter,425141.1371248531,1187087.8210168458,0.1161790839645852,0.3027450220183463,0.5475940913334283,120.93783457209446,198,EdgeGAT_full_attention_ka_ka_perproduct
9016,per_chapter,111289.63160526527,250500.91529145953,0.07919150590296109,0.42068584480564764,0.6440615835777125,107.0734493170157,32,EdgeGAT_full_attention_ka_ka_perproduct
9017,per_chapter,89846.66154603679,389439.10332722723,0.2740813734875507,0.37673140520081627,0.6684066690021154,102.00900889950482,165,EdgeGAT_full_attention_ka_ka_perproduct
9018,per_chapter,2231183.5383116114,8933008.528649699,0.08089917772851818,0.36784589971198767,0.6490414132467167,110.65323195830221,428,EdgeGAT_full_attention_ka_ka_perproduct
9019,per_chapter,1577002.028158813,5115781.317001602,0.18500917058466437,0.4050215796216403,0.7017857496319805,111.01086243338484,77,EdgeGAT_full_attention_ka_ka_perproduct
9020,per_chapter,266294.7840512709,587019.4923609293,-0.06471991667295618,0.24163352798425597,0.7217503217503218,96.44490939614401,36,EdgeGAT_full_attention_ka_ka_perproduct
9021,per_chapter,2843010.0215361402,8382906.177948563,0.083795259733496,0.3267154556817724,0.6272077623980579,120.07713227047299,261,EdgeGAT_full_attention_ka_ka_perproduct
9022,per_chapter,853621.4001351013,1983319.5385556312,0.17300599876393485,0.28707188656000593,0.6134298202708259,108.51881115940219,220,EdgeGAT_full_attention_ka_ka_perproduct
9023,per_chapter,802864.0840735284,2281443.4818037674,-1.5981411011398126,0.3423109998956114,0.607085020242915,93.29689768730341,39,EdgeGAT_full_attention_ka_ka_perproduct
9024,per_chapter,175232.3589880482,382228.3469713482,0.5114586721613216,0.29362522471373287,0.6606126141299343,99.0124766709001,95,EdgeGAT_full_attention_ka_ka_perproduct
9025,per_chapter,261391.89173868796,696368.1794916287,0.21691125024230495,0.47745278102950384,0.761589077974191,98.65567594318566,144,EdgeGAT_full_attention_ka_ka_perproduct
9026,per_chapter,538792.7294121651,1583165.1705528016,-0.11751792503953862,0.559694333522069,0.769475833493881,88.82631953157382,164,EdgeGAT_full_attention_ka_ka_perproduct
9027,per_chapter,1260262.3707893984,3569644.0790178925,0.33937186978961986,0.6123592188436057,0.8050089583178283,91.58209002856107,222,EdgeGAT_full_attention_ka_ka_perproduct
9028,per_chapter,370668.82903499703,974875.1618072094,0.3019031262426436,0.37611662524454215,0.6285412144729825,106.7408505630491,127,EdgeGAT_full_attention_ka_ka_perproduct
9029,per_chapter,2507879.0166261476,13340713.13091428,-106.1192011338271,0.40290815027811844,0.7489424860853432,115.47308042475441,99,EdgeGAT_full_attention_ka_ka_perproduct
9030,per_chapter,1270218.310695859,4944574.6654032245,-0.4582795965577524,0.41223197917691556,0.7022010272505587,104.22808228825924,379,EdgeGAT_full_attention_ka_ka_perproduct
9031,per_chapter,2822923.354797768,11837676.274933163,0.0171640181340722,0.4110673850762355,0.6675026421231088,115.2880756672066,215,EdgeGAT_full_attention_ka_ka_perproduct
9032,per_chapter,829269.8311114967,3218809.715279974,0.15494516539066616,0.44137350681966636,0.7223944965722678,110.90611218610631,181,EdgeGAT_full_attention_ka_ka_perproduct
9033,per_chapter,650423.6291187525,2136570.775844654,-5.784496130110727,0.49520243356550964,0.7756097560975611,88.91897845647718,41,EdgeGAT_full_attention_ka_ka_perproduct
9101,per_chapter,1020193.420620499,2998505.463212175,0.06718544235996915,0.2826495284896733,0.5512451728234117,126.79139508221053,174,EdgeGAT_full_attention_ka_ka_perproduct
9102,per_chapter,721218.7455441332,1745519.8921561483,0.08441843683849548,0.31930089483476887,0.6051046529219378,122.2273740068421,218,EdgeGAT_full_attention_ka_ka_perproduct
9103,per_chapter,11025.52841134904,19602.08594090819,-0.002542596903165384,0.09040995817007325,0.6461609620721555,95.5938509012302,47,EdgeGAT_full_attention_ka_ka_perproduct
9105,per_chapter,77234.37877687914,275592.0873050507,0.388156294348875,0.38891463432798523,0.751733720467358,109.16932134983004,160,EdgeGAT_full_attention_ka_ka_perproduct
9106,per_chapter,41853.01477067194,95410.0491944019,0.6362203655198448,0.48613509551143086,0.6857013222711953,94.01422170717191,57,EdgeGAT_full_attention_ka_ka_perproduct
9107,per_chapter,84986.23533439083,232236.53051788887,-0.39632122776221856,0.3842440362102397,0.7217741935483871,87.50873291675306,31,EdgeGAT_full_attention_ka_ka_perproduct
9108,per_chapter,1744955.5878491467,5725377.812532938,-1.3771001655511994,0.3471556578362436,0.7296598826936375,116.52498532902248,74,EdgeGAT_full_attention_ka_ka_perproduct
9109,per_chapter,17675.90793530383,38406.83149358594,0.37652928552944753,0.4064334760338324,0.6857444880700694,116.52328447109012,43,EdgeGAT_full_attention_ka_ka_perproduct
9110,per_chapter,1228584.898941448,3026937.639359381,-0.9462728044212474,0.10722354814395274,0.4874881221335645,130.41780811261313,51,EdgeGAT_full_attention_ka_ka_perproduct
9111,per_chapter,4318176.211200585,19074442.10397317,-618.6513853061299,0.33300652020771426,0.6750646549974818,117.36430992672358,68,EdgeGAT_full_attention_ka_ka_perproduct
9112,per_chapter,327932.5081192043,1198624.6696059091,-335.7254081008278,-0.2764454712907547,0.562683284457478,107.04649711012708,32,EdgeGAT_full_attention_ka_ka_perproduct
9113,per_chapter,677172.0161304809,2929414.6961722365,-22.193644544181616,0.4556801574960745,0.7034283598667159,108.54545610105278,74,EdgeGAT_full_attention_ka_ka_perproduct
9114,per_chapter,326240.7438625237,869616.9227665709,0.37735918026463167,0.385105541664463,0.6685387864823349,121.52437715846425,63,EdgeGAT_full_attention_ka_ka_perproduct
9201,per_chapter,190544.3026839565,554448.4204512952,-0.2200398797009655,0.5114348817083363,0.7353894107236824,114.92430263431064,76,EdgeGAT_full_attention_ka_ka_perproduct
9202,per_chapter,103507.8101642341,289798.6535857183,0.5861736051424823,0.5404615721907269,0.7361271121351767,104.25783082707562,63,EdgeGAT_full_attention_ka_ka_perproduct
9205,per_chapter,207864.26934031112,575112.3104320874,-0.6796771229438501,0.476284070804876,0.7064714025536366,102.7112403149108,56,EdgeGAT_full_attention_ka_ka_perproduct
9206,per_chapter,60836.314002182255,138282.63460138452,0.7989125067626232,0.42730746557246546,0.642296918767507,96.34070761285952,35,EdgeGAT_full_attention_ka_ka_perproduct
9207,per_chapter,210901.85410004476,530139.7012699299,0.4760894379737308,0.5883160969725575,0.7669007901668131,98.70421765770313,67,EdgeGAT_full_attention_ka_ka_perproduct
9208,per_chapter,49111.30435556832,135036.37713772518,-1.3405409793655108,0.3793239927821386,0.657936507936508,106.27641114985163,55,EdgeGAT_full_attention_ka_ka_perproduct
9209,per_chapter,170727.85401208844,449435.32236380316,-0.6472869826027161,0.3909011392612666,0.6703629218302055,111.25582885777806,129,EdgeGAT_full_attention_ka_ka_perproduct
9303,per_chapter,675914.3046306806,1557282.179339296,-0.16531121911995528,-0.008047897634384071,0.22022005804126146,139.1791108005896,57,EdgeGAT_full_attention_ka_ka_perproduct
9305,per_chapter,684577.4355880682,2150395.803501493,-0.04379325797344236,0.33257442970243345,0.5540927127872282,131.3978850358905,58,EdgeGAT_full_attention_ka_ka_perproduct
9306,per_chapter,5479615.375836161,32414927.232094098,-0.01958699591111257,0.19192870019628172,0.3894328124806218,127.67279682671038,66,EdgeGAT_full_attention_ka_ka_perproduct
9401,per_chapter,844240.3182465878,4030066.0432893084,0.22254121481365174,0.239809605904595,0.5112597285052873,115.26142615571582,433,EdgeGAT_full_attention_ka_ka_perproduct
9402,per_chapter,220535.3696353007,521528.46287222026,0.7048324853007881,0.3900819627269223,0.6818719700729091,106.48749351671705,68,EdgeGAT_full_attention_ka_ka_perproduct
9403,per_chapter,936952.9792077924,4412441.819566052,0.322032264931563,0.27584014166308035,0.5230475865045074,109.42196710894775,423,EdgeGAT_full_attention_ka_ka_perproduct
9404,per_chapter,693678.0942879384,4063198.89566757,0.17790119849744845,0.19274014471529122,0.4648901089744594,116.01779075538303,179,EdgeGAT_full_attention_ka_ka_perproduct
9405,per_chapter,1088824.6967658775,7389691.47929749,0.315349796809162,0.34050511501406056,0.6138037310331822,115.27209456016575,325,EdgeGAT_full_attention_ka_ka_perproduct
9406,per_chapter,1838803.6636302536,6166229.147031598,-0.01967009811535614,0.11810400172336877,0.39899672004630526,119.94520030566689,72,EdgeGAT_full_attention_ka_ka_perproduct
9503,per_chapter,5659370.494911885,25391672.356997896,0.6410080011948638,0.5334281229826892,0.7369743132647274,104.87251846850603,42,EdgeGAT_full_attention_ka_ka_perproduct
9504,per_chapter,2046105.4111222029,12274065.000826586,0.16219625828348994,0.4851346545621118,0.7511397997459375,112.29756641400161,177,EdgeGAT_full_attention_ka_ka_perproduct
9505,per_chapter,425655.73646436544,1916099.2530270042,0.9027204116993557,0.461752532903284,0.7193928174750092,111.72859167222306,74,EdgeGAT_full_attention_ka_ka_perproduct
9506,per_chapter,565860.873524104,2472189.952585514,0.18918761231853876,0.3563457334243251,0.6385054308326161,121.6036201415003,514,EdgeGAT_full_attention_ka_ka_perproduct
9507,per_chapter,319267.5937087882,838582.5017722335,0.32908416896971615,0.33372540428963393,0.5839822483944123,117.55880225317247,122,EdgeGAT_full_attention_ka_ka_perproduct
9508,per_chapter,428529.41964137024,1007409.7017498232,-0.9620228353842184,0.3226707534040718,0.5548979591836734,119.05733733877926,49,EdgeGAT_full_attention_ka_ka_perproduct
9601,per_chapter,26783.65661497936,54207.04442114983,0.5100395463081124,0.2538920416203645,0.46073781291172594,113.30935754602334,45,EdgeGAT_full_attention_ka_ka_perproduct
9602,per_chapter,372400.67520492745,854674.6547903903,0.01598583101623796,0.49799974714998685,0.7580645161290321,112.4319218625492,32,EdgeGAT_full_attention_ka_ka_perproduct
9603,per_chapter,225073.77363930925,1125418.8546064564,0.4654643054294664,0.346397486124407,0.6091443520173768,108.42186026163108,259,EdgeGAT_full_attention_ka_ka_perproduct
9604,per_chapter,6382.600648545094,9884.487148885408,0.41830066491473583,0.2866348987610393,0.6733870967741935,85.74414530500411,32,EdgeGAT_full_attention_ka_ka_perproduct
9605,per_chapter,86697.93222582754,285498.531230942,0.4050353898857175,0.3895030123322526,0.6401544401544401,103.66065772499536,36,EdgeGAT_full_attention_ka_ka_perproduct
9606,per_chapter,223206.2002157455,886215.832138049,-4.32108207233896,0.46072139914806576,0.6905271815102116,106.52455522737694,148,EdgeGAT_full_attention_ka_ka_perproduct
9607,per_chapter,213178.01189865128,653830.174545194,0.46496075596983255,0.41387636468284783,0.640488003989415,103.65352998453766,91,EdgeGAT_full_attention_ka_ka_perproduct
9608,per_chapter,173302.6722970271,708986.978301934,0.21329993824969573,0.308913489166992,0.6264226472464087,120.54528430827267,246,EdgeGAT_full_attention_ka_ka_perproduct
9609,per_chapter,98871.77695891426,397174.25207550125,0.3525102850747246,0.4165188451579006,0.6617224046769552,115.57881144075273,97,EdgeGAT_full_attention_ka_ka_perproduct
9610,per_chapter,61595.76540097061,114707.82636349663,0.97557967392971,0.38770764104168287,0.6302521008403361,122.81114146897497,34,EdgeGAT_full_attention_ka_ka_perproduct
9611,per_chapter,189424.76414027417,771693.215588479,-19.37390925232959,0.4973403917613771,0.8064839572192514,114.8103566601549,33,EdgeGAT_full_attention_ka_ka_perproduct
9612,per_chapter,220412.93702490712,681349.5074489587,0.04023824199428305,0.31009088033881393,0.5744116553271656,127.75579155452552,63,EdgeGAT_full_attention_ka_ka_perproduct
9613,per_chapter,500764.37208731193,2026888.3216866127,-9.268544634379108,0.3440028520014017,0.6401421399161672,129.19112581221356,112,EdgeGAT_full_attention_ka_ka_perproduct
9615,per_chapter,247551.17264788275,901665.2362713909,0.32102462260320397,0.4940780247195252,0.7355472089992211,106.3354877753142,108,EdgeGAT_full_attention_ka_ka_perproduct
9616,per_chapter,174859.10503643294,456981.2301903187,0.6698911870832845,0.4954550291013774,0.7134798922212988,100.59755369756785,62,EdgeGAT_full_attention_ka_ka_perproduct
9617,per_chapter,529082.8106371736,1686746.7946576711,0.9038853616227325,0.6357284323199405,0.8637651821862349,83.0425637065851,39,EdgeGAT_full_attention_ka_ka_perproduct
9618,per_chapter,164190.562505242,458495.2369008839,-0.34212683566947977,0.3874825168890934,0.6391290075500602,104.74567612578227,38,EdgeGAT_full_attention_ka_ka_perproduct
9619,per_chapter,1983591.5796802072,3857491.5103140646,0.4697923817953088,0.31784972772776454,0.6588607082084109,109.86954866704934,42,EdgeGAT_full_attention_ka_ka_perproduct
9620,per_chapter,65653.59322372472,140858.65534908517,0.9558037112378572,0.4538806455163774,0.785917496443812,110.62097842711611,37,EdgeGAT_full_attention_ka_ka_perproduct
9701,per_chapter,3490655.6032579616,15523516.165970018,0.12131383622820391,0.5793281173097458,0.8033106134371957,113.857746913169,79,EdgeGAT_full_attention_ka_ka_perproduct
9703,per_chapter,1870358.4850678628,5771608.340203878,-4.658563374287626,0.13862004449613763,0.812753036437247,106.44255477585108,39,EdgeGAT_full_attention_ka_ka_perproduct
9705,per_chapter,1891696.9998958288,7321265.611225818,-38.57404761021336,0.25829306252442596,0.6153225806451614,134.5305267070843,31,EdgeGAT_full_attention_ka_ka_perproduct
-1,overall,1916031.067327766,34083406.952706255,-0.3779425436207755,0.3370877588504575,0.5926813496751934,119.73041058068206,123777,EdgeGAT_full_blend_tk_tk_perproduct
1001,per_chapter,6355705.406327278,20294003.314479508,-0.0979314057334193,0.14375990840181252,0.46802065674125487,138.4892510284897,85,EdgeGAT_full_blend_tk_tk_perproduct
1003,per_chapter,17933408.779644925,95456282.35737851,-0.036227513239030396,-0.09384649244083443,0.10961791831357047,137.23250191487716,45,EdgeGAT_full_blend_tk_tk_perproduct
1004,per_chapter,214158.48661086554,451593.6621596105,-0.039011819769955824,0.31181196786725673,0.5282229965156795,118.25885424093623,41,EdgeGAT_full_blend_tk_tk_perproduct
1005,per_chapter,5767560.460090052,16911686.185474988,0.17306937287001112,0.2471242223456368,0.5418956043956042,128.08182690147257,64,EdgeGAT_full_blend_tk_tk_perproduct
1006,per_chapter,1607975.066940437,4610035.991708438,0.0730415410153975,0.16466820076542266,0.4117150914677332,143.06322439259438,124,EdgeGAT_full_blend_tk_tk_perproduct
1007,per_chapter,8386387.1912816735,36300034.58460054,0.0064522798846271545,0.10833858570570598,0.15833242149031623,137.90129370879492,38,EdgeGAT_full_blend_tk_tk_perproduct
1008,per_chapter,229660.6836136305,1134201.3807138633,-0.03462417169443599,0.15872006636244396,0.39824472531224764,124.15272542255806,152,EdgeGAT_full_blend_tk_tk_perproduct
1101,per_chapter,2030035.1436550897,4836614.047181087,-0.10226853010214976,0.11768183418053746,0.46829268292682935,117.24452333574607,40,EdgeGAT_full_blend_tk_tk_perproduct
1102,per_chapter,280065.3435814726,1108033.043169446,-0.05748704917227743,0.23779313475391994,0.6271849309601725,123.24825221592097,67,EdgeGAT_full_blend_tk_tk_perproduct
1103,per_chapter,177934.43594933994,366773.56506544596,-0.10093927498643263,0.1775680474662038,0.4232465231279712,125.11994330394789,99,EdgeGAT_full_blend_tk_tk_perproduct
1104,per_chapter,316814.93555305037,1629020.1785739972,-0.02320927552344343,0.18427139106704005,0.41853459319869596,123.44253965911243,156,EdgeGAT_full_blend_tk_tk_perproduct
1105,per_chapter,262934.105013515,624869.0676394313,-0.08849103366817435,0.02120881612124792,0.31002689240510856,135.8166111741315,50,EdgeGAT_full_blend_tk_tk_perproduct
1106,per_chapter,132850.3618336488,377306.2834706501,-0.1026002795527734,0.12626020018044626,0.3127053576101986,130.16822820721262,89,EdgeGAT_full_blend_tk_tk_perproduct
1107,per_chapter,2052362.257506954,5800565.934665438,-0.12314941129807444,0.16465669370955793,0.39137347881406026,128.74951886032454,47,EdgeGAT_full_blend_tk_tk_perproduct
1108,per_chapter,445204.2204693638,1828121.362481101,-0.04820033811872948,0.168728711057902,0.4260708592119631,122.64973885552884,147,EdgeGAT_full_blend_tk_tk_perproduct
1201,per_chapter,27037290.022647485,102781983.39925246,0.06593378573298858,0.29243959002210473,0.5700452488687783,136.5129098015184,51,EdgeGAT_full_blend_tk_tk_perproduct
1202,per_chapter,756263.6940754782,2955832.214108075,0.036064252121119744,0.07473794127660072,0.21246201099565765,136.6414267276024,73,EdgeGAT_full_blend_tk_tk_perproduct
1204,per_chapter,752161.4196565722,3160874.8546590866,-0.05646986531565368,0.23540441528301648,0.5457174638487208,111.45523102507116,30,EdgeGAT_full_blend_tk_tk_perproduct
1205,per_chapter,3089060.889554791,4708321.683328124,-0.697911157164516,-0.3514855057167958,0.20242914979757085,139.97911109392672,39,EdgeGAT_full_blend_tk_tk_perproduct
1206,per_chapter,1415689.4274911163,3839870.260532759,-0.01860174458043673,0.31049670256857254,0.5470522803114571,139.028703267384,30,EdgeGAT_full_blend_tk_tk_perproduct
1207,per_chapter,395779.2725560411,1500373.9919970643,-0.051455038469087055,0.02919523068212071,0.1932362116287675,137.03028112804446,216,EdgeGAT_full_blend_tk_tk_perproduct
1208,per_chapter,1361026.1368789922,6813462.219684888,0.04132084225972554,0.25514379667505493,0.5481608538212311,138.1295109770522,54,EdgeGAT_full_blend_tk_tk_perproduct
1209,per_chapter,826734.7444722571,2380477.125971021,-2.0307383079591195,0.10509239584190067,0.41465370589744477,121.36794112631719,211,EdgeGAT_full_blend_tk_tk_perproduct
1211,per_chapter,523136.4299258612,1593633.3715066183,-0.07536039860926502,0.11095903510844962,0.34200656352555087,139.81668724922432,80,EdgeGAT_full_blend_tk_tk_perproduct
1212,per_chapter,283769.1514691425,1305494.1600036896,-0.040962914220934454,0.07838431965396675,0.2954423856279806,123.99408090065786,146,EdgeGAT_full_blend_tk_tk_perproduct
1214,per_chapter,1876319.1871585604,7212000.624532671,0.02302315816277023,0.28537667051776705,0.3897959183673469,127.36293258994785,49,EdgeGAT_full_blend_tk_tk_perproduct
1301,per_chapter,333580.035603455,1552271.1079214308,-0.04219857189566234,0.06201642296156551,0.4168670754916762,106.96668309242041,62,EdgeGAT_full_blend_tk_tk_perproduct
1302,per_chapter,385516.7765400736,1352372.2117935799,-0.015143899190728227,0.14618941661049356,0.3204743692126336,117.23565948517427,198,EdgeGAT_full_blend_tk_tk_perproduct
1401,per_chapter,56658.09317775459,142877.5652406976,0.1833600997851732,0.017386257841506603,0.24884528762835434,135.05025631537814,68,EdgeGAT_full_blend_tk_tk_perproduct
1404,per_chapter,213675.89590863697,534851.1952538629,-0.06923047564916018,0.038277524313286904,0.15954363243909958,127.73705216077961,46,EdgeGAT_full_blend_tk_tk_perproduct
1501,per_chapter,899942.7565577934,2028550.5068640446,-0.1059568015674992,0.19283224775607788,0.516391663048198,149.38707259165162,48,EdgeGAT_full_blend_tk_tk_perproduct
1502,per_chapter,1304119.3226681463,2947532.534974828,0.006887233810646487,0.3369111329060891,0.6431699044094973,102.90750473185038,46,EdgeGAT_full_blend_tk_tk_perproduct
1504,per_chapter,1062976.5333189978,2686794.3505109623,-0.1532161734857187,-0.04593188141395488,0.05598933009469192,138.262727348323,60,EdgeGAT_full_blend_tk_tk_perproduct
1507,per_chapter,8607575.570784993,38950548.13069808,-0.03478158013976396,0.1810953020769358,0.49073113819030334,128.08884135178866,57,EdgeGAT_full_blend_tk_tk_perproduct
1508,per_chapter,1406713.8163296853,5983385.818487939,-0.057064310355819714,-0.11529042718018956,0.26600284495021337,148.69418956601658,37,EdgeGAT_full_blend_tk_tk_perproduct
1509,per_chapter,871649.8876832628,2899182.7459129514,-0.1834129696197182,-0.012393695652555659,0.30777366472765727,116.68870397745081,61,EdgeGAT_full_blend_tk_tk_perproduct
1511,per_chapter,4216461.2767413,12235812.80285245,-0.11950627783671841,-0.1052417391201832,0.13968787515006,131.74396833729617,50,EdgeGAT_full_blend_tk_tk_perproduct
1512,per_chapter,2874309.7592387805,11479845.141282273,-0.057769961095961664,0.02074356804016353,0.35560726415393595,146.28573842236,78,EdgeGAT_full_blend_tk_tk_perproduct
1513,per_chapter,828347.5931450384,3659867.2053272794,-0.05096843360164005,-0.055909961675885134,0.11422073840587674,131.56139372769874,77,EdgeGAT_full_blend_tk_tk_perproduct
1514,per_chapter,1850017.7239870082,5759181.673168273,-0.1003903917741491,0.24010053708944457,0.4574951359920639,138.1453186101147,87,EdgeGAT_full_blend_tk_tk_perproduct
1515,per_chapter,372873.0519359871,1178024.9913505572,0.021438326614935388,0.19009237732734396,0.42726675987380447,121.26265957725502,184,EdgeGAT_full_blend_tk_tk_perproduct
1516,per_chapter,1024731.0914669267,3020974.2051332262,-0.07595006458250042,0.11353121136219801,0.4279217345319936,123.44687499346098,61,EdgeGAT_full_blend_tk_tk_perproduct
1517,per_chapter,917286.4369712593,1677220.8229785995,0.1663002957033235,0.09865798852672503,0.4482043687523138,111.01642714285866,74,EdgeGAT_full_blend_tk_tk_perproduct
1518,per_chapter,6102379.671533683,18670096.31042386,-4.448630598771029,0.38459160617288357,0.6143724696356276,95.11458163630715,39,EdgeGAT_full_blend_tk_tk_perproduct
1521,per_chapter,81693.98207355477,226036.78260989182,-0.08053870483001457,0.23875259776257607,0.5467873303167421,114.77359827064278,51,EdgeGAT_full_blend_tk_tk_perproduct
1601,per_chapter,4336967.739013389,20762603.514357783,-115.49713932882413,0.09498045204728944,0.476547842401501,103.74152763676356,40,EdgeGAT_full_blend_tk_tk_perproduct
1602,per_chapter,1311100.4805747662,3823330.015413397,-0.2442732416752842,0.13823881969202112,0.4018428423588272,127.88163359567423,277,EdgeGAT_full_blend_tk_tk_perproduct
1604,per_chapter,681100.6333196138,2053035.7796425568,-0.0047156465458668695,0.1131319194465853,0.3583207666352485,131.31088378006328,274,EdgeGAT_full_blend_tk_tk_perproduct
1605,per_chapter,857789.9893903645,3156763.558652546,0.0035022449337877015,0.1565708029692826,0.4054935813432376,133.18401698526708,322,EdgeGAT_full_blend_tk_tk_perproduct
1701,per_chapter,1662935.3163528591,4125812.4817069457,-0.18791267442779236,-0.0044599962080464906,0.2673428963516939,131.09329233582255,149,EdgeGAT_full_blend_tk_tk_perproduct
1702,per_chapter,479884.23489166354,1317746.1346035243,-0.021978103632939616,0.1520423870960187,0.39769652354444524,129.0033843700289,220,EdgeGAT_full_blend_tk_tk_perproduct
1703,per_chapter,965591.6299610351,3175362.9482407263,-0.09581005020360944,0.08133937822859172,0.38920027341079977,133.64978871712609,56,EdgeGAT_full_blend_tk_tk_perproduct
1704,per_chapter,1016273.095220534,2066271.3079845118,-0.020814846760800476,0.2916197537334574,0.4599101011090433,122.39910633290204,82,EdgeGAT_full_blend_tk_tk_perproduct
1801,per_chapter,1514785.3636923502,7081555.897329925,-0.044436271220988255,-0.26711780650211003,0.071412680756396,136.63772554867367,30,EdgeGAT_full_blend_tk_tk_perproduct
1803,per_chapter,898863.340569346,2286162.8724928903,-0.14718963005419639,-0.05727813169996332,0.17894736842105266,140.04705560424563,39,EdgeGAT_full_blend_tk_tk_perproduct
1805,per_chapter,482797.0992516991,1553384.570222264,-0.08443928622965657,0.14617820615033073,0.34150344676660466,126.69008380452776,38,EdgeGAT_full_blend_tk_tk_perproduct
1806,per_chapter,983880.4710474635,2095696.1849464604,-0.03763389393200778,0.2852274644155257,0.5372526152612215,123.9805804469662,197,EdgeGAT_full_blend_tk_tk_perproduct
1901,per_chapter,2141853.679023241,6235736.331498873,-0.015578996639105114,0.47425528689757,0.6712536880640796,105.97556518387104,117,EdgeGAT_full_blend_tk_tk_perproduct
1902,per_chapter,613906.6965179829,1810086.8836169767,-0.08043561356495132,0.22826310349296752,0.4640015585756022,126.3697419567854,176,EdgeGAT_full_blend_tk_tk_perproduct
1904,per_chapter,379233.3617923637,917601.407418878,-0.10987644965843635,0.25948597911329874,0.5453888384831428,115.76427740675742,136,EdgeGAT_full_blend_tk_tk_perproduct
1905,per_chapter,1183747.4295391978,2803704.1691656583,-0.1182534800532391,0.22523562263888386,0.41104521936460325,130.9611228529545,219,EdgeGAT_full_blend_tk_tk_perproduct
2001,per_chapter,203408.54161371448,424302.90468527406,0.08887815090117634,0.16689705961762769,0.35830635989852155,112.97986959278401,70,EdgeGAT_full_blend_tk_tk_perproduct
2002,per_chapter,943804.0321580546,2412085.4388112486,-0.40748359940036827,0.13477932842498086,0.37719651240777996,124.72504139834444,71,EdgeGAT_full_blend_tk_tk_perproduct
2003,per_chapter,570188.2296669752,2574154.7372711017,0.26178008334695524,0.22400596259417505,0.4364958749457229,123.23224960521888,48,EdgeGAT_full_blend_tk_tk_perproduct
2004,per_chapter,1728690.2901658025,4741632.598779781,0.03188985661474231,0.24343416676849394,0.46814520746650373,131.55039407909638,68,EdgeGAT_full_blend_tk_tk_perproduct
2005,per_chapter,383849.6014859422,1221750.8548027158,-0.06302513752097028,0.1763134808332799,0.43496703376416596,130.6673216246085,302,EdgeGAT_full_blend_tk_tk_perproduct
2006,per_chapter,145406.70758832069,371573.45138215116,0.702592672855838,0.08905184350897433,0.24221364221364225,103.84285505891988,36,EdgeGAT_full_blend_tk_tk_perproduct
2007,per_chapter,348110.01471744257,893047.514456971,-0.041828750514443236,0.2850888727788462,0.5019870206874794,122.6528603516194,110,EdgeGAT_full_blend_tk_tk_perproduct
2008,per_chapter,400138.99769086315,1206803.7021458389,-0.030761994705254647,0.19768944243101316,0.437726920390479,126.52417618159035,377,EdgeGAT_full_blend_tk_tk_perproduct
2009,per_chapter,688597.679280078,2162738.590960135,-0.930737428822513,0.144794614780705,0.3992451549772912,122.27557696613466,503,EdgeGAT_full_blend_tk_tk_perproduct
2101,per_chapter,422973.59536254255,1006706.4360745013,-0.11399869992231815,0.24536330770108472,0.38981209122610766,120.02319589188355,132,EdgeGAT_full_blend_tk_tk_perproduct
2102,per_chapter,270637.6184577751,612338.3920250272,-0.009146739913845403,0.19334783074199346,0.43031124543529703,115.62585808980361,105,EdgeGAT_full_blend_tk_tk_perproduct
2103,per_chapter,803722.6010698872,2200228.553847353,-0.07219161753771353,0.29945662176971377,0.5540854901021296,119.44375768794198,152,EdgeGAT_full_blend_tk_tk_perproduct
2104,per_chapter,717561.793081774,1666769.2210947992,-0.2522143171327196,0.3597318478715522,0.6182836339689464,111.6123059091781,73,EdgeGAT_full_blend_tk_tk_perproduct
2105,per_chapter,1535231.4179387726,2727994.329209367,-0.13933673191172224,0.16813881443076195,0.48684210526315785,107.27041312268757,39,EdgeGAT_full_blend_tk_tk_perproduct
2106,per_chapter,4185480.620356928,10983237.56737616,-0.23463310648781333,0.33784362249943123,0.6199781705218085,128.18547104028096,83,EdgeGAT_full_blend_tk_tk_perproduct
2201,per_chapter,954008.0171848238,3763777.8678001063,0.009139599459987435,0.20735903642995912,0.4390896159317212,113.94335386910501,75,EdgeGAT_full_blend_tk_tk_perproduct
2202,per_chapter,1290440.4991758682,2664372.8898720862,-0.14681812173738384,0.2132063040024561,0.4526096923008963,109.52777220051837,115,EdgeGAT_full_blend_tk_tk_perproduct
2203,per_chapter,1730699.299708635,4353545.662660388,-0.028289128306953293,0.3641961559716551,0.6915971153067013,106.49697545998637,42,EdgeGAT_full_blend_tk_tk_perproduct
2204,per_chapter,1914260.6631129074,6397305.184346768,-0.06423272449201045,0.15107993649257712,0.4255312318563684,120.46635643562826,141,EdgeGAT_full_blend_tk_tk_perproduct
2205,per_chapter,148611.29976894462,365154.79427774035,-0.17050714283954704,0.18742365544383188,0.4244939271255061,130.80508736918605,39,EdgeGAT_full_blend_tk_tk_perproduct
2206,per_chapter,680520.345983443,2055946.5361838879,-2.4091694643332806,0.4312783396356209,0.7048128342245988,103.69539867589181,34,EdgeGAT_full_blend_tk_tk_perproduct
2207,per_chapter,3417969.4841074133,8680796.163041225,-0.0845771303295153,0.09981581745188528,0.3449721737659109,137.3284316889492,54,EdgeGAT_full_blend_tk_tk_perproduct
2208,per_chapter,1168256.4033246501,4030168.4907842577,-0.020427744010697912,0.2522022983026151,0.5410686683647771,109.20482498383754,243,EdgeGAT_full_blend_tk_tk_perproduct
2209,per_chapter,164132.81608391358,441472.8217834042,-0.1574958023626276,0.37402270350231714,0.658605974395448,104.29153305084063,38,EdgeGAT_full_blend_tk_tk_perproduct
2301,per_chapter,3048395.0756465797,6244791.944547928,0.051192757786859944,-0.12342936321061937,0.310964569611834,117.12834183447924,54,EdgeGAT_full_blend_tk_tk_perproduct
2302,per_chapter,1221470.9756918075,3993458.249172457,-0.07418029222053324,0.05680370441776694,0.29824344890507515,124.83092510225721,89,EdgeGAT_full_blend_tk_tk_perproduct
2303,per_chapter,2586228.383698941,6751078.648791154,0.11146182764757162,0.2167652194505656,0.5927305662274548,128.25749139838413,56,EdgeGAT_full_blend_tk_tk_perproduct
2306,per_chapter,1932125.2956555926,6590926.812344563,-0.08502169370791868,-0.07612460315214808,0.27163673560411783,141.58462699634092,111,EdgeGAT_full_blend_tk_tk_perproduct
2309,per_chapter,3704880.4793725945,8321668.667799831,-1.7434391423242945,0.42567395886291703,0.6765512968044614,98.33842405787715,78,EdgeGAT_full_blend_tk_tk_perproduct
2401,per_chapter,2394054.267287978,5726341.916918646,-0.1588073607067606,-0.03440508985261137,0.302661062325074,131.84490331108344,83,EdgeGAT_full_blend_tk_tk_perproduct
2402,per_chapter,2765379.0940432576,7658755.502107889,-0.14174735790124227,-0.03306039943707484,0.30845341139213506,142.66185436555583,90,EdgeGAT_full_blend_tk_tk_perproduct
2403,per_chapter,1877098.6691179806,6132202.006403873,-0.08464346250051724,0.028185507230838014,0.2422830518345952,144.5471223142566,101,EdgeGAT_full_blend_tk_tk_perproduct
2501,per_chapter,1278648.3111952934,4517692.92896335,-8.11612544698023,0.07484622097504934,0.4237095859330687,110.97668813119424,42,EdgeGAT_full_blend_tk_tk_perproduct
2504,per_chapter,178044.24538045563,733482.2993520757,0.26052734133117883,0.45434423691932035,0.5405253283302065,113.67975628479373,40,EdgeGAT_full_blend_tk_tk_perproduct
2505,per_chapter,290588.98104598874,822873.5377252264,0.35921644925631824,0.25476372355957955,0.5181340244353942,112.08656252324307,74,EdgeGAT_full_blend_tk_tk_perproduct
2506,per_chapter,181366.87431668307,370046.3508192262,0.1759681780877027,0.26220021248013825,0.6085545974558183,118.41304119140621,52,EdgeGAT_full_blend_tk_tk_perproduct
2507,per_chapter,425099.3037351026,1042776.8394743751,0.17942234756755937,0.23627123988420373,0.5252932551319648,107.5267199099231,32,EdgeGAT_full_blend_tk_tk_perproduct
2508,per_chapter,173000.64386125543,516641.7899673618,0.0905155966638832,0.24969791675801623,0.4722369466152053,125.1218424223978,121,EdgeGAT_full_blend_tk_tk_perproduct
2510,per_chapter,7598290.051864821,20550529.11475519,-0.21945241791491177,-0.02634351930016887,0.5455564128512819,149.25578595433916,35,EdgeGAT_full_blend_tk_tk_perproduct
2513,per_chapter,84658.18421754405,261864.23345986902,-0.01003019197556565,0.27920840671388725,0.49628959276018103,115.33920439430972,51,EdgeGAT_full_blend_tk_tk_perproduct
2515,per_chapter,282090.6493608599,800870.9515780766,-0.11778325627698671,0.12376852837666674,0.38378917286140274,133.0265257284602,72,EdgeGAT_full_blend_tk_tk_perproduct
2516,per_chapter,139588.928083047,410003.1230195806,-0.09971799666494263,0.17670900915077836,0.4645588213112643,121.12248576675834,99,EdgeGAT_full_blend_tk_tk_perproduct
2517,per_chapter,814429.6531517806,3854667.41550182,-0.03865081152557592,0.11781790752062915,0.3412441975727268,139.40030169158962,116,EdgeGAT_full_blend_tk_tk_perproduct
2518,per_chapter,613633.6714014582,1665868.6714991503,-0.1031128245813333,0.1899081315059935,0.45379039565086077,139.01177872482808,43,EdgeGAT_full_blend_tk_tk_perproduct
2519,per_chapter,560286.3364042746,1455231.1809729778,0.3069295434033472,0.22835534431546334,0.3897959183673469,108.26486067661874,49,EdgeGAT_full_blend_tk_tk_perproduct
2520,per_chapter,324372.63711663755,1037476.3239163754,-0.08939060267866683,-0.014521503716369955,0.10626793057420732,127.04712238534333,61,EdgeGAT_full_blend_tk_tk_perproduct
2522,per_chapter,944421.8046850712,4050287.012396131,-0.03362735389683369,0.14103384261979035,0.3032786885245901,127.69570857029863,61,EdgeGAT_full_blend_tk_tk_perproduct
2523,per_chapter,2497901.8616828765,6981838.896037155,-0.12175121757688578,0.09553894364651638,0.30864130100747794,138.9355157716424,130,EdgeGAT_full_blend_tk_tk_perproduct
2525,per_chapter,100817.99247049176,255410.25488549744,-0.12551292333539799,-0.041413253358127955,0.3863401837060439,124.90715348335098,40,EdgeGAT_full_blend_tk_tk_perproduct
2526,per_chapter,242879.8155193287,524540.5289281135,0.1572905040493836,0.20962468147741598,0.5644343891402716,133.10854318256932,51,EdgeGAT_full_blend_tk_tk_perproduct
2529,per_chapter,468433.6181143155,1237125.4908137897,-0.09156707118042151,0.02537058266463388,0.232826076788846,138.88403245205495,63,EdgeGAT_full_blend_tk_tk_perproduct
2530,per_chapter,1297663.3030499325,9462926.980933808,-0.01897732206899172,0.19257335044863821,0.4313777994157741,135.61224599333462,79,EdgeGAT_full_blend_tk_tk_perproduct
2601,per_chapter,37619973.477346584,84121543.87974583,-0.22873648048244455,0.11073478820893479,0.40374407689206226,161.5061168779129,42,EdgeGAT_full_blend_tk_tk_perproduct
2615,per_chapter,1853573.273088393,4030958.3299464937,-0.18196113003450187,0.1109678872936759,0.4255839822024471,135.0123364365207,30,EdgeGAT_full_blend_tk_tk_perproduct
2617,per_chapter,993659.8139397762,3166473.058386471,-0.10589864741279431,0.020184825999936984,0.27874331550802145,150.68342486526072,33,EdgeGAT_full_blend_tk_tk_perproduct
2620,per_chapter,899161.913116079,2417291.219771012,-0.1286106434531138,-0.0233516095005446,0.29130180132029826,134.8763170380955,132,EdgeGAT_full_blend_tk_tk_perproduct
2621,per_chapter,364952.2117256032,709951.0451632263,-0.20404608856846984,-0.3331482713024718,0.16202346041055718,143.24837362734644,32,EdgeGAT_full_blend_tk_tk_perproduct
2701,per_chapter,11750635.540628852,52996782.93494662,-0.03759101708617285,0.14451277661908035,0.3600479411949771,146.66245558740428,70,EdgeGAT_full_blend_tk_tk_perproduct
2707,per_chapter,8005368.890095764,22789791.363576435,-0.13316428321630158,0.1056623401544432,0.3733766493575891,158.0486628560987,104,EdgeGAT_full_blend_tk_tk_perproduct
2710,per_chapter,28981386.63468451,76320414.0615614,-0.10785663066100559,0.07990557480182503,0.3222097600897269,162.18069960517195,139,EdgeGAT_full_blend_tk_tk_perproduct
2711,per_chapter,104670248.7228308,474817829.66171974,-0.04878298840455475,0.08351343911547837,0.3437698061318701,149.8184739178951,145,EdgeGAT_full_blend_tk_tk_perproduct
2712,per_chapter,507323.77973191044,1794454.802974783,-0.06120416216373603,0.16627752349319103,0.40595803150805837,125.57119159413608,88,EdgeGAT_full_blend_tk_tk_perproduct
2713,per_chapter,5311914.374410331,13541945.327101173,-0.04303475251870048,0.12273918440963094,0.4286035855526271,129.4321082877152,72,EdgeGAT_full_blend_tk_tk_perproduct
2714,per_chapter,181049.73495646456,364133.83995315555,-0.17490877953640305,-0.22972527987043434,0.041156840934371525,137.45437801424185,30,EdgeGAT_full_blend_tk_tk_perproduct
2715,per_chapter,776317.5919495871,2034204.2666767775,0.2395547661954327,0.08082889184986786,0.5766129032258065,112.02359957771668,31,EdgeGAT_full_blend_tk_tk_perproduct
2801,per_chapter,2070987.8095874756,10455135.861549241,-0.02705883704811929,0.2161799042480892,0.4895410362842853,130.14151122353596,58,EdgeGAT_full_blend_tk_tk_perproduct
2803,per_chapter,1893730.9364629828,4056769.5087360344,-0.027181347821224167,0.3769626293212833,0.6241935483870968,122.09023811563662,31,EdgeGAT_full_blend_tk_tk_perproduct
2804,per_chapter,998547.3155177704,4202787.455932993,-0.030638361165845174,0.09941816022232541,0.34287205091523554,122.30366820701562,233,EdgeGAT_full_blend_tk_tk_perproduct
2805,per_chapter,442648.70881935774,1607436.4942885637,0.18141044775024529,0.3578267980325617,0.5681757209926224,130.26712275571924,71,EdgeGAT_full_blend_tk_tk_perproduct
2806,per_chapter,140199.38188025498,451514.05186415196,-0.037668554888289574,0.16607160636092955,0.33009161381254404,126.80246143782377,44,EdgeGAT_full_blend_tk_tk_perproduct
2809,per_chapter,5956694.504590465,21821162.09196124,-3.407170494398441,0.27084315419544347,0.5859025032938077,137.9252255967948,45,EdgeGAT_full_blend_tk_tk_perproduct
2811,per_chapter,584133.4379611649,1687440.159743813,0.07495802064068235,0.17456119563608774,0.4135382520558691,123.11966404402037,145,EdgeGAT_full_blend_tk_tk_perproduct
2812,per_chapter,330330.58289221796,1089352.9170395758,0.03596505702398234,0.12076904619698758,0.3789284646070156,133.3237481263872,67,EdgeGAT_full_blend_tk_tk_perproduct
2814,per_chapter,1601889.2141709044,3908044.1968100327,-0.13388205359420602,-0.14826387586111056,0.3715837104072398,141.00714364872255,51,EdgeGAT_full_blend_tk_tk_perproduct
2815,per_chapter,874357.3809703898,2449600.207152196,-0.03139733699322722,0.11158857819762269,0.3004050837887574,131.61786697160863,99,EdgeGAT_full_blend_tk_tk_perproduct
2816,per_chapter,916121.1236189668,4359377.785782368,-66.25622082593483,0.3520537369254275,0.595542911332385,117.36061844061739,37,EdgeGAT_full_blend_tk_tk_perproduct
2817,per_chapter,430891.3518480955,825588.8523679471,-0.7518796524311466,0.3543002239757881,0.6992213570634038,118.50150679816001,30,EdgeGAT_full_blend_tk_tk_perproduct
2818,per_chapter,7010607.7516082255,38194579.68918571,-0.03493992764658649,0.21627151152249813,0.5181177054641534,113.65164635076155,68,EdgeGAT_full_blend_tk_tk_perproduct
2820,per_chapter,298270.6793201161,651621.4047364406,0.05151853619103397,0.290804391155399,0.6383689839572193,134.5909002543739,33,EdgeGAT_full_blend_tk_tk_perproduct
2821,per_chapter,189361.60149742058,504324.0441342855,-0.03610665606825547,0.22423780476930555,0.4654381633868652,118.03654488323608,48,EdgeGAT_full_blend_tk_tk_perproduct
2823,per_chapter,293859.275078485,689617.7354157437,-0.43399827822113224,0.37172150598019493,0.7058954393770857,112.38259737763072,30,EdgeGAT_full_blend_tk_tk_perproduct
2825,per_chapter,3774797.169910173,20502012.397942446,-0.006880535687138201,0.20888322698891237,0.5255010459545179,136.02799070340242,146,EdgeGAT_full_blend_tk_tk_perproduct
2826,per_chapter,455210.3423755829,1027445.2194728227,0.25646523580324454,0.17647792732645418,0.37860023041474655,122.45605251464211,63,EdgeGAT_full_blend_tk_tk_perproduct
2827,per_chapter,413631.43067001866,1469628.3291024547,-0.021245399607870308,0.21187099357196482,0.48238764928951555,124.09098455488945,235,EdgeGAT_full_blend_tk_tk_perproduct
2828,per_chapter,221039.5715181179,684666.6806483299,0.016384141763180704,0.1317879709426496,0.4262665066026411,120.66844756499964,50,EdgeGAT_full_blend_tk_tk_perproduct
2829,per_chapter,530953.6574367991,2258251.685319946,-0.04933902415359781,0.12836706833014588,0.4076479265821493,139.5884757875405,51,EdgeGAT_full_blend_tk_tk_perproduct
2830,per_chapter,880837.0169111082,3386032.624574629,-0.05238295113825964,0.25924345256002235,0.5690283400809717,119.80927841716884,39,EdgeGAT_full_blend_tk_tk_perproduct
2831,per_chapter,35311.79121568637,88518.90089652511,0.899024227355574,0.3487986765529726,0.3322192513368984,114.22887082350168,33,EdgeGAT_full_blend_tk_tk_perproduct
2832,per_chapter,69629.67387854622,168332.45123388086,-0.014425842392636445,0.1881698180581487,0.4205453179444051,116.85031321613259,68,EdgeGAT_full_blend_tk_tk_perproduct
2833,per_chapter,3596348.239357326,50139939.72304224,-0.005115700565726078,0.18131598722335818,0.4543355783721233,123.80554660803185,221,EdgeGAT_full_blend_tk_tk_perproduct
2834,per_chapter,339748.9295455035,1301277.4688087185,-0.050870948239599256,-0.0022692305879024044,0.33642572306127155,123.93504129431486,65,EdgeGAT_full_blend_tk_tk_perproduct
2835,per_chapter,231004.47944176482,554780.5604797398,0.1964707178088798,0.23478966248996136,0.4988891854610085,103.9853588772021,190,EdgeGAT_full_blend_tk_tk_perproduct
2836,per_chapter,6344656.276005177,66529051.52077217,-0.00906451189465618,0.2539643382438991,0.5295517231817853,128.08905580872437,191,EdgeGAT_full_blend_tk_tk_perproduct
2837,per_chapter,612691.1850410586,1924400.0447045912,0.03835582074132493,0.1739155172998642,0.3921251080481146,138.3710052715201,39,EdgeGAT_full_blend_tk_tk_perproduct
2839,per_chapter,135002.76086571606,326903.2133980083,0.04090110052334095,0.14678572168395598,0.5146098759129362,119.87462262122686,80,EdgeGAT_full_blend_tk_tk_perproduct
2840,per_chapter,258320.32774808712,1102072.4464798823,0.2319534971653514,0.24225066110252436,0.4045494031495533,132.29353736807695,69,EdgeGAT_full_blend_tk_tk_perproduct
2841,per_chapter,1605027.8467864038,12453258.231093874,-0.016744619049228415,0.13100035967421098,0.42236057547166567,135.76339488341418,111,EdgeGAT_full_blend_tk_tk_perproduct
2842,per_chapter,2640510.7357206875,12993625.60672775,-0.04376293176449497,0.2693336168149586,0.6573755656108597,102.61296943115717,51,EdgeGAT_full_blend_tk_tk_perproduct
2843,per_chapter,2565129.3172246683,10954090.31273399,-0.04476575795304716,0.33881271648608513,0.5997950307679868,138.1901583944293,90,EdgeGAT_full_blend_tk_tk_perproduct
2844,per_chapter,15852294.129590701,74599079.96390057,-0.046576178106963795,0.13698895136462175,0.4307777729532455,137.50097891677876,59,EdgeGAT_full_blend_tk_tk_perproduct
2846,per_chapter,1491040.135495115,3963621.272092202,-0.04743131384746668,0.28477308483971364,0.5747899159663866,133.72362216942773,35,EdgeGAT_full_blend_tk_tk_perproduct
2847,per_chapter,711071.4059371206,1853530.4574553259,-9.564129908711665,0.11199613084855209,0.40111234705228027,125.58892815904548,30,EdgeGAT_full_blend_tk_tk_perproduct
2849,per_chapter,490309.11476384127,1106168.1827015618,0.538703549022733,0.2076815069332174,0.4077889026122006,138.59458409824933,50,EdgeGAT_full_blend_tk_tk_perproduct
2853,per_chapter,2728334.721801217,10745382.995905442,-0.23577239213465817,0.24761409605801898,0.551866151866152,153.63016324653137,36,EdgeGAT_full_blend_tk_tk_perproduct
2901,per_chapter,6524652.538794809,18148606.934253704,-0.027278720110418986,0.18745111720290397,0.5529482647749036,141.78518222963837,98,EdgeGAT_full_blend_tk_tk_perproduct
2902,per_chapter,8672152.650178839,41877870.5794006,-0.038980310660184925,0.2024246570686049,0.5210769788852504,149.46517024126877,198,EdgeGAT_full_blend_tk_tk_perproduct
2903,per_chapter,845684.6471972516,5193428.050959059,-0.009129190529404196,0.19114980257863,0.4371764250395002,129.73780290603867,312,EdgeGAT_full_blend_tk_tk_perproduct
2904,per_chapter,367047.61448648735,1215840.915655727,-0.004753795030377539,0.1199705359478882,0.35990695470852213,140.89059784369368,81,EdgeGAT_full_blend_tk_tk_perproduct
2905,per_chapter,852365.6329477568,3806676.943707539,-0.0005876654440881701,0.2293378787924969,0.4798515982735593,125.20505418846221,431,EdgeGAT_full_blend_tk_tk_perproduct
2906,per_chapter,390309.169869731,2570315.411945925,-0.005299394893932163,0.27558657178868196,0.5360736403155207,117.29241403503056,121,EdgeGAT_full_blend_tk_tk_perproduct
2907,per_chapter,739265.4289152164,2180876.2479466773,-0.08686987506195987,0.2036200403874291,0.4620874402788643,138.44887823689044,143,EdgeGAT_full_blend_tk_tk_perproduct
2908,per_chapter,338196.3205106723,895292.0271176881,0.20254758246135374,0.4293417148518245,0.6316599818806564,135.51061227786155,42,EdgeGAT_full_blend_tk_tk_perproduct
2909,per_chapter,1340793.4476070837,7519625.619509187,0.012139450913907446,0.24159873204369164,0.5143967643475824,120.76296235884931,200,EdgeGAT_full_blend_tk_tk_perproduct
2910,per_chapter,2125784.1193284513,6136829.126248732,-0.034307969418785556,0.17942960501988547,0.5016941391941391,146.6897290641489,64,EdgeGAT_full_blend_tk_tk_perproduct
2912,per_chapter,160329.4003657437,493147.3102594778,0.13287778810538076,0.22489338604456532,0.5445934098700752,128.49886013047555,172,EdgeGAT_full_blend_tk_tk_perproduct
2914,per_chapter,314617.71973438247,959741.0350686597,0.08587710991650377,0.271161819048396,0.5395761930961537,129.97004032812626,257,EdgeGAT_full_blend_tk_tk_perproduct
2915,per_chapter,584067.9075053057,2134341.230693762,0.07285197540174582,0.23326017575038605,0.4734634974350676,116.33131315374419,327,EdgeGAT_full_blend_tk_tk_perproduct
2916,per_chapter,468244.3537201222,1304754.2685322547,0.09530638210800746,0.2826370436332878,0.5610838288692989,119.49887888521489,217,EdgeGAT_full_blend_tk_tk_perproduct
2917,per_chapter,896563.2411846863,5438465.010911468,0.02826053087896052,0.2891605648882223,0.5260070986039594,132.10160902539673,220,EdgeGAT_full_blend_tk_tk_perproduct
2918,per_chapter,397488.1905486901,2140135.5291987085,0.015096738277217692,0.21978501924796523,0.5055569248965458,120.40642213648884,303,EdgeGAT_full_blend_tk_tk_perproduct
2920,per_chapter,352755.3275781801,730075.4156870117,-0.010382062345398957,0.14098605976240786,0.39613476490188804,141.81478610666483,74,EdgeGAT_full_blend_tk_tk_perproduct
2921,per_chapter,791898.2252272246,3574796.72770608,0.021163835641731965,0.19435628025581364,0.511324972004603,138.3799799517805,271,EdgeGAT_full_blend_tk_tk_perproduct
2922,per_chapter,598145.5139113254,2131145.976945454,0.02602701547221764,0.19659124128681915,0.4144734019067157,131.55030339819206,280,EdgeGAT_full_blend_tk_tk_perproduct
2923,per_chapter,409502.44057726813,1416014.9625341804,0.031866521053652175,0.13484134876587817,0.4065580087201211,128.4933062325174,92,EdgeGAT_full_blend_tk_tk_perproduct
2924,per_chapter,1119642.3736837038,3681180.0189213105,-1.1858556084138412,0.17473158850927317,0.4549121290694324,136.31379270806505,90,EdgeGAT_full_blend_tk_tk_perproduct
2925,per_chapter,312698.80394730275,793845.6614702293,0.24253341607086276,0.2796400026950112,0.5750564095764946,120.19987913556056,69,EdgeGAT_full_blend_tk_tk_perproduct
2926,per_chapter,1748685.4995628556,4897640.045462003,-0.09359580810872514,0.11929635797099869,0.48619393310863374,148.11968813036776,57,EdgeGAT_full_blend_tk_tk_perproduct
2929,per_chapter,934725.6931708443,2326366.028990177,0.18453465647172096,0.30428337770814007,0.4365228655441253,117.23539627453377,46,EdgeGAT_full_blend_tk_tk_perproduct
2930,per_chapter,922052.1401009716,2640154.982057707,-0.016498178457706292,0.10640264995388382,0.3634655199872591,136.05319439023097,91,EdgeGAT_full_blend_tk_tk_perproduct
2931,per_chapter,950011.455252618,3379614.742254214,0.025606224314925652,0.0202170436426673,0.2679309657465262,136.55632172744544,96,EdgeGAT_full_blend_tk_tk_perproduct
2932,per_chapter,633498.6092179182,1808557.4974146185,0.12042684844845308,0.20380678913844108,0.43626426139294483,128.7987501733519,155,EdgeGAT_full_blend_tk_tk_perproduct
2933,per_chapter,4808438.7514720885,32520498.16244886,-0.020404611784877957,0.21084766642860575,0.47786364039123413,139.09498867354867,368,EdgeGAT_full_blend_tk_tk_perproduct
2934,per_chapter,2742215.994722495,9725802.13277629,-0.02887303187353818,0.2569463259606417,0.5175975060450129,135.1596309673874,94,EdgeGAT_full_blend_tk_tk_perproduct
2935,per_chapter,5176659.76424884,21962249.560661316,-0.012683588742600005,0.0468945073685042,0.20188204398730716,163.78569193632805,38,EdgeGAT_full_blend_tk_tk_perproduct
2936,per_chapter,296297.8422731159,741451.5615603523,0.333962281848852,0.30496444080874474,0.5669274806574405,119.02790097901573,240,EdgeGAT_full_blend_tk_tk_perproduct
2937,per_chapter,12940446.625786152,109413888.28467079,-0.011956555143393333,0.27073290969978403,0.5310691780586088,126.67505338101763,156,EdgeGAT_full_blend_tk_tk_perproduct
2938,per_chapter,676835.888593145,2127323.4864413016,0.07769098909235084,0.17024389841075827,0.3238273921200751,125.9497783540414,40,EdgeGAT_full_blend_tk_tk_perproduct
2939,per_chapter,210392.71128558868,718196.1186820953,-0.07466762073235955,-0.004439960986774016,0.22325087043141192,132.57527908468086,167,EdgeGAT_full_blend_tk_tk_perproduct
2941,per_chapter,896227.4365035143,2486200.349718907,0.23215583011185092,0.18837712894655734,0.4180535925052569,128.69506165050245,127,EdgeGAT_full_blend_tk_tk_perproduct
3001,per_chapter,2340402.3074315563,6459302.716302894,-0.0891128273539743,0.6130095941200705,0.7571359458151911,128.11968039526403,53,EdgeGAT_full_blend_tk_tk_perproduct
3002,per_chapter,14139170.277762894,51153253.62264361,0.016205024439987725,0.3925455748325041,0.662341904537156,127.42725052175945,218,EdgeGAT_full_blend_tk_tk_perproduct
3003,per_chapter,4744646.695505597,40509832.074963555,-0.01378994783005738,0.11075722504452679,0.4471740496682061,137.58057040350187,150,EdgeGAT_full_blend_tk_tk_perproduct
3004,per_chapter,5685141.339331048,22933467.69704736,-0.034838702730044524,0.16810600279730958,0.4454047167052931,127.47479024534391,341,EdgeGAT_full_blend_tk_tk_perproduct
3005,per_chapter,635945.3382572344,1326954.5091091068,0.3640021721267924,0.2514874023927802,0.5779340984820437,109.86281877613186,73,EdgeGAT_full_blend_tk_tk_perproduct
3006,per_chapter,847159.035523575,2378865.044456388,-0.00233727629563818,0.1923741525842616,0.5302794172329006,124.40441766548027,228,EdgeGAT_full_blend_tk_tk_perproduct
3101,per_chapter,550099.0674337714,1195234.6135618493,-2.0488749847098306,0.2563030161542541,0.6,115.8352995713415,34,EdgeGAT_full_blend_tk_tk_perproduct
3102,per_chapter,2304573.9501281604,8094018.693056689,-0.06570645541393816,0.11115489823045288,0.3724193134770884,129.2882559234595,180,EdgeGAT_full_blend_tk_tk_perproduct
3103,per_chapter,1990631.4778414327,6049268.652222492,0.06435627517020104,0.06456118791853205,0.3205618056050505,130.46957046372768,52,EdgeGAT_full_blend_tk_tk_perproduct
3104,per_chapter,1226280.2534975254,4350584.819115941,0.02368628237580772,0.16099158471682462,0.44286016993631905,113.42423910255133,76,EdgeGAT_full_blend_tk_tk_perproduct
3105,per_chapter,1901065.5888934417,6725882.114632223,-0.0476783891886543,0.0880100905298169,0.3247724245441815,119.75623179038612,194,EdgeGAT_full_blend_tk_tk_perproduct
3201,per_chapter,174259.14161978304,591042.9200819274,-0.0780427695267063,-0.05758003081647112,0.3344272925236009,105.60429310432326,42,EdgeGAT_full_blend_tk_tk_perproduct
3202,per_chapter,143200.89080527163,305077.85823739204,-0.36051188219591945,0.32618505194032354,0.7054554768206266,112.76712009270055,52,EdgeGAT_full_blend_tk_tk_perproduct
3203,per_chapter,4373460.557145757,18870386.88829121,-406.69548344218157,0.240328567535948,0.6566280566280567,109.46132061703035,36,EdgeGAT_full_blend_tk_tk_perproduct
3204,per_chapter,279980.56933618267,786659.5116524337,0.26306013214450275,0.29146962672159626,0.5334044672015378,113.13361914423274,291,EdgeGAT_full_blend_tk_tk_perproduct
3206,per_chapter,659437.2772158507,2483653.663128891,0.06165812454149511,0.17624779653869072,0.46995168011285804,116.57702371766501,180,EdgeGAT_full_blend_tk_tk_perproduct
3207,per_chapter,518715.0566652662,1699027.3779023003,-0.077218676471277,0.28681189565842946,0.578584819985944,111.80058729094064,119,EdgeGAT_full_blend_tk_tk_perproduct
3208,per_chapter,822281.8002596577,2171895.8149846466,0.08599811671175428,0.2826049046833168,0.5705242182837895,102.98777925192715,114,EdgeGAT_full_blend_tk_tk_perproduct
3209,per_chapter,483269.2958079066,966135.8366584133,-0.016521214111341997,0.31569062970106865,0.5884286053456418,95.35096599916949,79,EdgeGAT_full_blend_tk_tk_perproduct
3210,per_chapter,138732.6558031542,275039.07578506425,0.1188298854490395,0.23189321715349764,0.5336032388663968,102.74406696896969,39,EdgeGAT_full_blend_tk_tk_perproduct
3212,per_chapter,266921.96469435,590533.7357592989,-0.11310249813206519,0.2441036048959534,0.6648905529953918,99.44881152950921,63,EdgeGAT_full_blend_tk_tk_perproduct
3213,per_chapter,83761.21090470604,167908.34789364503,0.6444636097761982,0.2640684231863252,0.5168762146963436,105.69112644051062,61,EdgeGAT_full_blend_tk_tk_perproduct
3214,per_chapter,479844.0379589251,922464.8676576085,0.1659641001581328,0.4633586930601087,0.6440225035161745,107.90963951510109,80,EdgeGAT_full_blend_tk_tk_perproduct
3215,per_chapter,889757.1904425361,1999571.5139136054,-1.889255309563516,0.21619208278786228,0.557386233633968,113.77581621533312,115,EdgeGAT_full_blend_tk_tk_perproduct
3301,per_chapter,325466.97265205113,1733435.661166315,-0.018128868705426404,0.04412914781790489,0.250257461104358,127.69618731268883,242,EdgeGAT_full_blend_tk_tk_perproduct
3302,per_chapter,3009370.445109145,11389982.621318273,-0.061461146925712695,0.4489944832811703,0.7050867323019222,108.87911194289941,80,EdgeGAT_full_blend_tk_tk_perproduct
3303,per_chapter,4167453.6948353034,9630372.290179346,-0.13378297436490993,0.4656489870164918,0.7182522903453136,103.57281381796126,44,EdgeGAT_full_blend_tk_tk_perproduct
3304,per_chapter,2618961.0421198714,9992600.209964352,0.006930154553979717,0.42089865437674456,0.6676434948612077,120.15443466745171,197,EdgeGAT_full_blend_tk_tk_perproduct
3305,per_chapter,654375.6868712626,1409662.8192642422,-0.047287108715419635,0.16513269976653522,0.42430382227724706,121.71809029883993,149,EdgeGAT_full_blend_tk_tk_perproduct
3306,per_chapter,481147.03752504574,1116846.7661871444,-0.2202525812924463,0.29618585034605893,0.5826111773497128,128.6815100003084,104,EdgeGAT_full_blend_tk_tk_perproduct
3307,per_chapter,436235.01749561017,1026641.6572890162,-0.026254443784227144,0.31656580247659716,0.5776776795832752,112.95950548851536,230,EdgeGAT_full_blend_tk_tk_perproduct
3401,per_chapter,687604.306387921,1732212.6680947363,-0.24189584888694426,0.2507496061679001,0.4335759463181346,111.36874627858104,164,EdgeGAT_full_blend_tk_tk_perproduct
3402,per_chapter,926973.4800806268,2129038.846783526,0.007545979007171799,0.3195199939877498,0.5343583301402578,110.33678792140509,215,EdgeGAT_full_blend_tk_tk_perproduct
3403,per_chapter,663458.5189153753,2028850.2067068112,-0.010701588484631097,0.39251570032074357,0.6452255644675546,110.56370107748388,135,EdgeGAT_full_blend_tk_tk_perproduct
3404,per_chapter,314376.89856889093,639828.3257163068,0.15382807686262656,0.38255272639623783,0.6302162478082993,120.10977524091176,59,EdgeGAT_full_blend_tk_tk_perproduct
3405,per_chapter,243197.1680258406,1156103.6231879597,0.020179903316725478,0.37884039944078807,0.6463163533173055,107.57590996698767,165,EdgeGAT_full_blend_tk_tk_perproduct
3406,per_chapter,447746.3645642833,1038265.0227818759,0.19112439852798901,0.36759163954773144,0.6912729924641441,110.82274393228559,42,EdgeGAT_full_blend_tk_tk_perproduct
3407,per_chapter,274293.1977204445,715061.7195646676,-0.5683655724143264,0.531741643565715,0.7351351351351352,107.25179685034661,36,EdgeGAT_full_blend_tk_tk_perproduct
3501,per_chapter,1662681.555049571,5643853.011709838,-0.04437194412288803,0.23123959663364058,0.48653929656969164,119.17204627958442,48,EdgeGAT_full_blend_tk_tk_perproduct
3502,per_chapter,785524.4566589025,1905622.540610528,-0.0198997687295277,0.12014163821255208,0.3477926041541616,125.67964744847563,74,EdgeGAT_full_blend_tk_tk_perproduct
3503,per_chapter,1459391.1599380807,4573616.532924869,-6.400148469485294,0.251039006097563,0.5988795518207284,131.82479394022707,35,EdgeGAT_full_blend_tk_tk_perproduct
3505,per_chapter,456099.2350535204,1086427.2540262027,-0.007639227261323267,0.29813608598732677,0.48274656363283464,119.90528952882431,65,EdgeGAT_full_blend_tk_tk_perproduct
3506,per_chapter,501453.2460693185,1234220.7537208088,0.35367734509181514,0.5312501889556454,0.6835937974761979,116.37722813322956,120,EdgeGAT_full_blend_tk_tk_perproduct
3507,per_chapter,1612546.0377114739,4561949.820694557,-1.726349516204646,0.1290267454356646,0.47627689914441274,125.11692873172753,57,EdgeGAT_full_blend_tk_tk_perproduct
3604,per_chapter,1194859.8534141365,4311916.304146436,-2.010484451619399,0.33152908745556575,0.6334008097165992,119.79274673801446,39,EdgeGAT_full_blend_tk_tk_perproduct
3606,per_chapter,159772.06757447965,308579.11555665254,-0.13903829829597258,0.2149922789049762,0.432124849939976,130.96681232978358,50,EdgeGAT_full_blend_tk_tk_perproduct
3701,per_chapter,606219.2564656537,1910356.531074133,-0.09330618458249718,0.2174972267203964,0.5476007350040563,128.3484369313925,119,EdgeGAT_full_blend_tk_tk_perproduct
3702,per_chapter,481221.1161103009,2401115.2061220016,-0.023667428982234062,0.13745935777228535,0.41202373476893167,120.15644288750676,202,EdgeGAT_full_blend_tk_tk_perproduct
3703,per_chapter,130493.49968833517,420251.0333726787,-0.28077830168639717,0.15820683778747902,0.4311813186813187,134.78649919080289,64,EdgeGAT_full_blend_tk_tk_perproduct
3707,per_chapter,3474133.9041367183,14032625.530482443,-0.5443926768245302,0.42740358120461,0.6778584392014521,114.01990561344493,57,EdgeGAT_full_blend_tk_tk_perproduct
3801,per_chapter,778116.078677419,2871020.410215935,0.01703823659776449,0.31702352681055834,0.5849346967702744,132.16915583738984,84,EdgeGAT_full_blend_tk_tk_perproduct
3802,per_chapter,383326.80903132417,895992.1470893003,0.21675044042116753,0.3524570709940542,0.6744047619047618,122.19721171651481,64,EdgeGAT_full_blend_tk_tk_perproduct
3805,per_chapter,229694.48009571293,830156.9708780152,0.04759143107065689,0.1882188114951816,0.42842041679250975,133.02388657453804,43,EdgeGAT_full_blend_tk_tk_perproduct
3806,per_chapter,212325.15218755012,517268.11142125115,-0.03402838715111289,0.3502332546298226,0.6993409848204368,112.96495244204642,74,EdgeGAT_full_blend_tk_tk_perproduct
3808,per_chapter,1064936.265467463,3166562.2228909135,-0.03251370120082542,0.19672924921921564,0.44183228461748997,124.61144341222096,281,EdgeGAT_full_blend_tk_tk_perproduct
3809,per_chapter,318883.34673840494,603910.5623169752,-0.23441190214457497,0.06694066897537909,0.3913182093770469,120.57504500985277,105,EdgeGAT_full_blend_tk_tk_perproduct
3810,per_chapter,338360.34475563583,946748.2427586487,-0.006232216705870597,0.5402689411275285,0.750384024577573,110.64772547913464,63,EdgeGAT_full_blend_tk_tk_perproduct
3811,per_chapter,1413330.6176482635,5301265.622217982,-0.047450676949224224,0.13789478284083356,0.3723613674887487,130.630272521578,127,EdgeGAT_full_blend_tk_tk_perproduct
3812,per_chapter,865430.1781507059,3240890.838276423,-0.0635361825629932,0.2334576081988804,0.5191587506689495,117.62460172184367,101,EdgeGAT_full_blend_tk_tk_perproduct
3814,per_chapter,283762.1340300118,406115.63443571655,0.3536456105058453,0.2509284444328279,0.5399934347302768,106.06311212909445,38,EdgeGAT_full_blend_tk_tk_perproduct
3815,per_chapter,3456847.175136315,8835419.801484438,-1.319269628863183,0.37005889004550296,0.5949631116164368,122.54333263006636,104,EdgeGAT_full_blend_tk_tk_perproduct
3816,per_chapter,838954.141405754,2779594.136211992,-0.07724668448038852,0.3722399342082613,0.7437174016121383,108.12103378625318,37,EdgeGAT_full_blend_tk_tk_perproduct
3819,per_chapter,235088.51162489897,603710.8699510518,-2.7748404647706635,0.3919610200683996,0.7023682200152789,109.13706662819489,34,EdgeGAT_full_blend_tk_tk_perproduct
3820,per_chapter,248212.8592727953,427878.97968064656,-0.6109181628527176,0.2677489165939496,0.5793850530692637,103.9403555735442,38,EdgeGAT_full_blend_tk_tk_perproduct
3821,per_chapter,997994.5569773759,2871064.264317424,-2.392893931688656,0.2893051906319739,0.6730328495034378,114.78109670664153,34,EdgeGAT_full_blend_tk_tk_perproduct
3822,per_chapter,8750678.61399715,34004842.685831405,-9.544189398895945,0.5086343083524778,0.7648083623693381,105.44730870546877,41,EdgeGAT_full_blend_tk_tk_perproduct
3823,per_chapter,874327.7524968849,2470931.5194103383,-0.1157177754728056,-0.028828920072774045,0.21946161509829995,136.14244023432374,125,EdgeGAT_full_blend_tk_tk_perproduct
3824,per_chapter,1059601.310130842,6469058.49110388,-0.022735118410548205,0.04696349612649775,0.21261128488748604,134.80858788906457,333,EdgeGAT_full_blend_tk_tk_perproduct
3825,per_chapter,114641.52169821538,422064.7582597818,-0.06971848126923175,0.057049930281552697,0.28690154243921084,128.12010282916535,93,EdgeGAT_full_blend_tk_tk_perproduct
3901,per_chapter,3644687.84809127,9741607.01719003,-0.6617396619662699,0.3250835855569838,0.6137496473493249,109.78894687332514,167,EdgeGAT_full_blend_tk_tk_perproduct
3902,per_chapter,3029239.969814749,7022866.601594636,-1.0254830462490854,0.3224846157402774,0.5837454030303679,115.64399592670225,123,EdgeGAT_full_blend_tk_tk_perproduct
3903,per_chapter,1152914.0108999712,2550083.8403039677,-0.1534677140986771,0.32657023590944656,0.6041214789451721,118.01893756755373,150,EdgeGAT_full_blend_tk_tk_perproduct
3904,per_chapter,1360654.1024401297,3955977.6590560265,-0.030237102183763076,0.19840514365956985,0.4654364101368001,126.12917845678608,209,EdgeGAT_full_blend_tk_tk_perproduct
3905,per_chapter,535406.6293195148,1474250.3359457327,-0.005044814069760761,0.15678731309811822,0.4129539835019147,118.4854430131365,175,EdgeGAT_full_blend_tk_tk_perproduct
3906,per_chapter,1796665.2703115928,3973642.0503716753,-0.13578210807005986,0.2640037305649955,0.5184205887537459,116.8852495129486,62,EdgeGAT_full_blend_tk_tk_perproduct
3907,per_chapter,1702004.4775991952,4028489.479758054,-0.02141385546836938,0.1931751296915234,0.49054343466682243,115.95986468525963,310,EdgeGAT_full_blend_tk_tk_perproduct
3908,per_chapter,7508244.473450918,29721792.398150504,-37.38797313642909,0.3188743422416358,0.5699006428988896,116.21632533034185,59,EdgeGAT_full_blend_tk_tk_perproduct
3909,per_chapter,1133298.1566418947,2832890.907561986,-0.25786489882907704,0.23047168244414395,0.5539317249358804,115.54031369760584,162,EdgeGAT_full_blend_tk_tk_perproduct
3910,per_chapter,1518860.9307577412,4352993.437396836,-0.39519798645680226,0.6631686088698455,0.7938086303939964,102.01569788749012,40,EdgeGAT_full_blend_tk_tk_perproduct
3911,per_chapter,1225472.4156386047,3136341.8182183825,-0.5719842500366146,0.46294140242461745,0.6884559884559887,115.45519823891539,55,EdgeGAT_full_blend_tk_tk_perproduct
3912,per_chapter,601130.7770385025,1788533.9081383164,0.13781664745537747,0.23751442414548352,0.46524254553117944,114.32061227290546,143,EdgeGAT_full_blend_tk_tk_perproduct
3913,per_chapter,628645.6286223775,1605673.732033281,-0.1315191997308367,0.3675713838757486,0.7322400829660358,106.28917605863917,57,EdgeGAT_full_blend_tk_tk_perproduct
3914,per_chapter,683352.6356515201,1211888.1210597495,0.21151976631581482,0.26656999998508757,0.6983870967741936,108.01606072996573,31,EdgeGAT_full_blend_tk_tk_perproduct
3915,per_chapter,644286.1766106435,1279800.5182545374,-0.12959309625450555,0.1745396206312828,0.48083446196793334,103.21884060555134,107,EdgeGAT_full_blend_tk_tk_perproduct
3916,per_chapter,327593.78118669026,794900.362319634,0.021288618645389334,0.2947828602761501,0.5890725777113806,119.96226033880579,103,EdgeGAT_full_blend_tk_tk_perproduct
3917,per_chapter,508729.31223792245,1358264.4668340066,0.031112104674921648,0.285572347215049,0.5592415004344174,107.89939962864017,364,EdgeGAT_full_blend_tk_tk_perproduct
3918,per_chapter,739888.5587792658,2761390.321536468,0.6493582257239899,0.3844741029018499,0.5817688741142507,109.50865629132045,70,EdgeGAT_full_blend_tk_tk_perproduct
3919,per_chapter,1446317.1191967807,4722489.875738639,0.2442652240958041,0.5638106593914501,0.7490130936095369,101.72348077137667,85,EdgeGAT_full_blend_tk_tk_perproduct
3920,per_chapter,980197.6786367103,3600057.197676737,-0.010510913390064491,0.23411332037747223,0.5086653693338231,123.26760690591807,552,EdgeGAT_full_blend_tk_tk_perproduct
3921,per_chapter,921691.6332164359,2490331.9927780293,-0.018514955756016693,0.21939591561391703,0.4956669590292912,124.2225551453372,208,EdgeGAT_full_blend_tk_tk_perproduct
3922,per_chapter,267923.75015890703,612026.7612040221,0.15314140341591742,0.2732516427660332,0.44020580897213885,114.78197711537564,104,EdgeGAT_full_blend_tk_tk_perproduct
3923,per_chapter,943800.5086959421,2304301.048191125,0.2692037881761349,0.37403422263464037,0.6482249721428088,101.23992782103335,292,EdgeGAT_full_blend_tk_tk_perproduct
3924,per_chapter,1527607.6297271322,6509608.718066495,0.4218005433545755,0.35632501333198086,0.5602308393236813,108.92778083822682,84,EdgeGAT_full_blend_tk_tk_perproduct
3925,per_chapter,747875.567677963,3179253.600354515,-0.003470169301159176,0.32443401260691274,0.5501906092569386,116.39213846175079,156,EdgeGAT_full_blend_tk_tk_perproduct
3926,per_chapter,1813591.8568576132,10573748.430841349,0.16270571638015452,0.39135740732468416,0.6362194812335018,114.0611152348169,197,EdgeGAT_full_blend_tk_tk_perproduct
4001,per_chapter,795005.1456410759,3222137.0663249195,-0.05651997737174019,0.005773691077674559,0.31575031132132797,137.48372894054637,100,EdgeGAT_full_blend_tk_tk_perproduct
4002,per_chapter,957130.2255223774,2523033.224999863,-0.06529201884203961,0.25162381323863126,0.534054909681788,120.66417932300295,268,EdgeGAT_full_blend_tk_tk_perproduct
4004,per_chapter,211707.75259982323,430060.83301755326,-0.09763878940032011,0.30196361093238133,0.5442577030812326,96.15133658254824,35,EdgeGAT_full_blend_tk_tk_perproduct
4005,per_chapter,496052.40943958075,1167528.712776981,-1.2536639036870225,0.42384573173549334,0.7225431621491016,124.5007999242104,103,EdgeGAT_full_blend_tk_tk_perproduct
4006,per_chapter,79845.51188686046,148138.97707777223,-0.0007601960468510693,0.30634590207296486,0.6774727795882929,123.3626151474418,44,EdgeGAT_full_blend_tk_tk_perproduct
4008,per_chapter,192813.14677517005,399144.3419028596,-0.019904358082962093,0.3277695870760241,0.6177636310852097,115.96293386788963,133,EdgeGAT_full_blend_tk_tk_perproduct
4009,per_chapter,165979.81129925052,408700.332281878,0.12389006347394449,0.4071606822114743,0.6491392307881739,109.10591584945153,280,EdgeGAT_full_blend_tk_tk_perproduct
4010,per_chapter,148500.99085207572,429728.8884952761,0.01318347697221689,0.37111935735070645,0.6389795287032306,114.99140683560994,308,EdgeGAT_full_blend_tk_tk_perproduct
4011,per_chapter,1774076.834115473,5948745.187845075,0.03150785818650925,0.2743614503204692,0.5231710862015573,124.1788430938573,260,EdgeGAT_full_blend_tk_tk_perproduct
4012,per_chapter,165056.67763521362,510301.8756970383,-0.07470592452850178,0.33852962941460985,0.5813044976287101,119.52731713489648,140,EdgeGAT_full_blend_tk_tk_perproduct
4013,per_chapter,75278.02537692874,215262.61865770532,0.4569554980437287,0.287501174684195,0.44474006529165755,123.67079877203886,80,EdgeGAT_full_blend_tk_tk_perproduct
4014,per_chapter,171464.5410584358,421139.03905790823,-0.10581996060381083,0.323669921106991,0.6068217874140666,123.47774207283105,61,EdgeGAT_full_blend_tk_tk_perproduct
4015,per_chapter,323482.78777298605,1031910.7895115609,0.11932214998248569,0.18006486795883703,0.3640006407002142,114.38582423956456,101,EdgeGAT_full_blend_tk_tk_perproduct
4016,per_chapter,423007.0557724883,1272409.178567713,0.04473699968885525,0.31001761333965094,0.5409421771553242,121.13952858626598,247,EdgeGAT_full_blend_tk_tk_perproduct
4017,per_chapter,96539.19864683191,285192.23041653895,-0.1761240351600344,0.3055742595851363,0.593841642228739,106.25829774938308,32,EdgeGAT_full_blend_tk_tk_perproduct
4101,per_chapter,2114706.822937339,4970351.118889091,0.03810701510718806,0.08630982824581102,0.39092546144446594,121.44983592080183,72,EdgeGAT_full_blend_tk_tk_perproduct
4102,per_chapter,337031.47941625037,785834.2859150149,-0.09235898742446236,0.003947538002563422,0.36296791443850274,121.41873407825176,33,EdgeGAT_full_blend_tk_tk_perproduct
4103,per_chapter,1010075.233244193,3039763.3940956267,-0.0802654088821988,0.09077201239696497,0.34593837535014005,133.334288625308,35,EdgeGAT_full_blend_tk_tk_perproduct
4104,per_chapter,1030019.8557615102,2410515.2588788955,-0.10606784197119135,0.14643492137823721,0.346209801310324,130.80121205882404,96,EdgeGAT_full_blend_tk_tk_perproduct
4106,per_chapter,283415.8759630298,866644.5924556353,-0.09238913473174826,-0.10397976544858434,0.3017817804331861,128.7653450651608,62,EdgeGAT_full_blend_tk_tk_perproduct
4107,per_chapter,628191.6330078283,1565434.634098445,0.04448001860965212,0.2322270835202248,0.500719936706992,113.95788656267905,158,EdgeGAT_full_blend_tk_tk_perproduct
4113,per_chapter,438130.9883419416,1033665.7964791392,-0.7718500974291274,0.07184311856821846,0.36824279007377597,132.3933289412193,71,EdgeGAT_full_blend_tk_tk_perproduct
4114,per_chapter,237899.92242144456,655655.566603118,-0.10071729803332063,0.05343694891337092,0.2916344916344917,128.84269119615203,36,EdgeGAT_full_blend_tk_tk_perproduct
4115,per_chapter,79660.71509769186,240950.18128686174,-0.049715393428317656,0.20209596781031947,0.5229966808914176,124.26748840474244,37,EdgeGAT_full_blend_tk_tk_perproduct
4201,per_chapter,286044.6983547986,541716.3231675428,0.8302548828485378,-0.06071474997576809,0.495568442936864,112.20329208156402,38,EdgeGAT_full_blend_tk_tk_perproduct
4202,per_chapter,1302494.413246883,7136798.597059153,0.02861216273972278,0.32007515199323944,0.5893821799810957,114.74512784875823,478,EdgeGAT_full_blend_tk_tk_perproduct
4203,per_chapter,286322.4595696451,883579.7557320512,-0.011463100524769398,0.19116727881452977,0.5507223809789589,122.16114857817357,190,EdgeGAT_full_blend_tk_tk_perproduct
4205,per_chapter,1354515.9942666655,6586034.915261222,-0.0379856812942061,0.25213919680667174,0.5936273029296285,121.12848190273256,43,EdgeGAT_full_blend_tk_tk_perproduct
4301,per_chapter,1253931.5394397436,5708563.09606829,-0.04905560548809462,0.13708178394361903,0.5157085561497327,123.6182542799549,33,EdgeGAT_full_blend_tk_tk_perproduct
4302,per_chapter,151581.7619057693,538770.3893922606,-0.02483277779779236,0.12199681780165605,0.33215704811511026,114.26492900718446,60,EdgeGAT_full_blend_tk_tk_perproduct
4303,per_chapter,491727.19186872087,2119733.2331023053,0.18852416772707226,0.3498417754734996,0.661955954493268,108.64904315729942,66,EdgeGAT_full_blend_tk_tk_perproduct
4401,per_chapter,1347566.6288050413,4890874.032554235,-0.07193384496645372,0.06348067503079469,0.4341104843471428,126.00408210306679,150,EdgeGAT_full_blend_tk_tk_perproduct
4402,per_chapter,439390.10227960115,1364174.317616782,-0.06087704231193225,0.017006029468841777,0.18383838383838383,130.98076035143035,54,EdgeGAT_full_blend_tk_tk_perproduct
4403,per_chapter,1964845.576358487,10692839.754773011,-0.030360949545663596,0.1545858799505193,0.3993628737427203,128.1603308280423,263,EdgeGAT_full_blend_tk_tk_perproduct
4404,per_chapter,135832.33981394782,358514.00452976854,-0.1326079742205386,0.08269423409715415,0.3587846629908021,131.72242678286113,49,EdgeGAT_full_blend_tk_tk_perproduct
4406,per_chapter,259407.65767869772,665988.0543425904,-0.1054980462326871,-0.023762315149440827,0.3232221954963424,110.53215232777889,33,EdgeGAT_full_blend_tk_tk_perproduct
4407,per_chapter,947599.2850393608,3878111.081887614,-0.053446737748683804,0.06493767360935987,0.2838084799462716,128.0474874751995,301,EdgeGAT_full_blend_tk_tk_perproduct
4408,per_chapter,479175.4265972239,1282148.0845089615,-0.1267584467460905,-0.09246999916795517,0.19107595205624195,130.34890073294955,86,EdgeGAT_full_blend_tk_tk_perproduct
4409,per_chapter,635151.850704388,2784765.855898157,-0.04083314971098173,0.11038510728320694,0.3583368209026452,124.50949632165857,102,EdgeGAT_full_blend_tk_tk_perproduct
4410,per_chapter,676893.4641591962,1522465.4778780811,-0.1647990425614061,0.21572584109306336,0.49269903174693025,135.49273397235876,107,EdgeGAT_full_blend_tk_tk_perproduct
4411,per_chapter,869249.2658806088,3171481.8021579445,-0.05912165432293004,0.23593079752799673,0.5381241033146228,121.96071408224655,158,EdgeGAT_full_blend_tk_tk_perproduct
4412,per_chapter,631976.6855463202,2137463.151975516,0.02770633738227879,-0.032534193154410085,0.3026751787710866,129.31065055175767,178,EdgeGAT_full_blend_tk_tk_perproduct
4413,per_chapter,158780.2832804784,338389.5661392595,-0.17086171829629504,0.23367352043826228,0.6231368186874304,110.76859909789934,30,EdgeGAT_full_blend_tk_tk_perproduct
4414,per_chapter,139772.18762275937,541038.6345391794,0.3925456161107629,0.14544307795762412,0.5845559845559846,121.30926500128814,36,EdgeGAT_full_blend_tk_tk_perproduct
4415,per_chapter,378987.8050818151,874223.0378473006,-0.29115780091452237,0.27064271306675236,0.5767034064968036,103.24511581009843,77,EdgeGAT_full_blend_tk_tk_perproduct
4416,per_chapter,354235.90863033466,1122826.8478127562,0.014490593189713241,0.2359831952468775,0.4996657754010695,118.54295710798768,33,EdgeGAT_full_blend_tk_tk_perproduct
4417,per_chapter,111357.51036817454,255075.91748819625,0.1153739180528428,0.45027229952817616,0.6815126050420169,111.1343622402225,35,EdgeGAT_full_blend_tk_tk_perproduct
4418,per_chapter,390568.843644669,1267100.8191560311,-0.08194569167879662,0.060505185801410954,0.3863532194775999,116.89641243735397,267,EdgeGAT_full_blend_tk_tk_perproduct
4419,per_chapter,97624.79742563292,468480.4240533364,0.32055497071816663,0.2765474940361409,0.4578234787874757,113.44493950566192,131,EdgeGAT_full_blend_tk_tk_perproduct
4420,per_chapter,186786.25290574666,732518.8605411627,0.37620843459509934,0.3905751886531741,0.571294452347084,106.52764930938194,75,EdgeGAT_full_blend_tk_tk_perproduct
4421,per_chapter,335722.06427092606,1921850.6350789326,0.2294550340232685,0.2686379569479278,0.4908140617885223,122.39468934624797,109,EdgeGAT_full_blend_tk_tk_perproduct
4501,per_chapter,28908.52106739076,63759.930237021756,-0.20228051698902338,-0.6346327087810952,0.0967741935483871,153.02048284746843,30,EdgeGAT_full_blend_tk_tk_perproduct
4503,per_chapter,110899.86804502798,408986.1637848458,-0.07308281884631085,0.13371050227255,0.46013109571715805,117.62631960112478,50,EdgeGAT_full_blend_tk_tk_perproduct
4504,per_chapter,140104.5541998082,576562.9698943268,-0.04260024617300684,0.30604981111978236,0.5649773755656109,127.3762585011019,51,EdgeGAT_full_blend_tk_tk_perproduct
4601,per_chapter,44076.782321510065,160946.18203453725,0.1901365790818208,0.1212643655962724,0.3579636030867597,130.40066733561525,152,EdgeGAT_full_blend_tk_tk_perproduct
4602,per_chapter,121715.90773030529,626392.4290828896,0.11533800632465485,0.26523896712873263,0.5671611761070355,113.9622369910845,135,EdgeGAT_full_blend_tk_tk_perproduct
4703,per_chapter,6516178.931042735,14027426.404908044,0.08001661386543879,0.09837862033139733,0.49936858110138455,114.20855201197892,55,EdgeGAT_full_blend_tk_tk_perproduct
4706,per_chapter,1220374.1959742198,5818210.122381177,-0.04524823659283772,-0.12684236743079658,0.32459384494906496,146.32592561306265,86,EdgeGAT_full_blend_tk_tk_perproduct
4707,per_chapter,3077806.1033284194,9521276.123539828,-4.9390671328931655,-0.08728400884540854,0.5004917627416627,103.49783151510759,113,EdgeGAT_full_blend_tk_tk_perproduct
4801,per_chapter,376770.02026970714,819369.8439981478,-0.04393274882551035,0.39189775118604087,0.646718576195773,108.75580443678648,30,EdgeGAT_full_blend_tk_tk_perproduct
4802,per_chapter,312206.14629532886,943766.9969684569,-0.02882816490729012,0.2023615546745695,0.5016706891988746,125.66421146876672,313,EdgeGAT_full_blend_tk_tk_perproduct
4803,per_chapter,845638.0790517449,1948752.6601395563,-0.18909698692774457,0.21759543883974897,0.48986866791744843,121.9353972008077,40,EdgeGAT_full_blend_tk_tk_perproduct
4804,per_chapter,453094.68760343245,1606570.563987797,-0.010615788103934154,0.2317227143825955,0.4959801290706362,121.96948160728721,243,EdgeGAT_full_blend_tk_tk_perproduct
4805,per_chapter,701618.6537665476,1913712.8535712657,-0.10156966939314027,0.10555739634556416,0.3514183003055222,132.06584454087945,255,EdgeGAT_full_blend_tk_tk_perproduct
4806,per_chapter,190574.63201766383,585592.7773731998,-0.018621045236589362,0.27795632690925076,0.5311159140319669,121.1321893127871,98,EdgeGAT_full_blend_tk_tk_perproduct
4807,per_chapter,335474.6396592662,805960.448052062,-1.3447896168719708,0.03373727577006025,0.4834260289210234,120.60081625957466,30,EdgeGAT_full_blend_tk_tk_perproduct
4808,per_chapter,190634.28785885518,412176.58631335344,-0.10606209583415138,0.22364383272429944,0.5122949514253862,124.45014493984547,91,EdgeGAT_full_blend_tk_tk_perproduct
4809,per_chapter,89699.92122459352,198052.89046966273,0.3771318166145985,0.2541143982614227,0.4933897408778424,112.48015339880834,61,EdgeGAT_full_blend_tk_tk_perproduct
4810,per_chapter,564572.3516244071,1629054.874036687,0.045834330162061065,0.2800715687016859,0.5640523248068542,124.32214648132339,258,EdgeGAT_full_blend_tk_tk_perproduct
4811,per_chapter,705437.2052369039,2080549.9121152083,0.0008241630900394092,0.2545964888207365,0.5337234890252726,126.6738133281972,225,EdgeGAT_full_blend_tk_tk_perproduct
4813,per_chapter,361771.489486462,680093.4084084654,-0.2623635253006922,-0.4338144808428488,-0.039640956058866514,141.576119691313,66,EdgeGAT_full_blend_tk_tk_perproduct
4814,per_chapter,196132.64592092636,498917.987761053,0.0121070419731093,0.06175768992707986,0.5380556096461677,140.12407330422252,64,EdgeGAT_full_blend_tk_tk_perproduct
4816,per_chapter,83464.40915077552,174625.1751889924,0.09025578304554105,0.1013493244170035,0.40969198516368327,121.24446280577057,53,EdgeGAT_full_blend_tk_tk_perproduct
4817,per_chapter,79037.6687384766,179759.29021210512,0.08130728223773565,0.2539070307276633,0.5546873177691183,116.57310365562779,105,EdgeGAT_full_blend_tk_tk_perproduct
4818,per_chapter,623046.6685388865,1848014.7086559678,-0.08027696645788862,0.2132893913178776,0.429828254483986,127.85737445635203,186,EdgeGAT_full_blend_tk_tk_perproduct
4819,per_chapter,644740.0192363793,1751654.6808165116,0.03555592838034871,0.2987930329309014,0.5181915480292538,118.64393052569959,243,EdgeGAT_full_blend_tk_tk_perproduct
4820,per_chapter,136925.83977497884,773356.7726499034,0.06353477039251287,0.28782621689077004,0.5310639541271093,118.26372475350122,212,EdgeGAT_full_blend_tk_tk_perproduct
4821,per_chapter,329085.5624634231,768882.427253702,0.35700185792098027,0.3894968174637584,0.6106657290201594,98.29360011789355,80,EdgeGAT_full_blend_tk_tk_perproduct
4822,per_chapter,159361.8268078698,351107.7531822479,-0.27354780433458203,0.08441618555977703,0.3765580331618067,127.26434205242244,54,EdgeGAT_full_blend_tk_tk_perproduct
4823,per_chapter,332255.89833953953,1384437.030935305,0.07580267668073448,0.1670310725675862,0.40830546370777476,121.68877649250427,200,EdgeGAT_full_blend_tk_tk_perproduct
4901,per_chapter,527350.6369100137,1328780.8773095915,0.014867316843632516,0.21752597931752027,0.5256734794176947,126.73239999494805,110,EdgeGAT_full_blend_tk_tk_perproduct
4902,per_chapter,257805.41473430506,518129.10131281486,-0.49045240120493316,0.20845372086336011,0.5478834579839339,138.39451111250597,62,EdgeGAT_full_blend_tk_tk_perproduct
4903,per_chapter,178937.3789276909,563921.1379661255,0.6056879080239485,0.6075315123181004,0.761029411764706,110.99158017710535,33,EdgeGAT_full_blend_tk_tk_perproduct
4905,per_chapter,42712.82046790501,149516.61208222847,0.1401174038831483,0.4157359568161054,0.6710868079289132,108.81541956952245,56,EdgeGAT_full_blend_tk_tk_perproduct
4906,per_chapter,237926.0518373462,900557.0499677856,-5.379398926378606,0.3968147016826815,0.689182380758193,115.70981316021623,31,EdgeGAT_full_blend_tk_tk_perproduct
4907,per_chapter,2438459.9710660772,12407716.138821783,-0.037216805718442325,0.3528569338767972,0.617741935483871,103.76776458074823,31,EdgeGAT_full_blend_tk_tk_perproduct
4908,per_chapter,206480.07604157252,606545.8832695547,-0.6207525767387763,0.3283672595978563,0.5624596265649514,118.34431193146186,58,EdgeGAT_full_blend_tk_tk_perproduct
4909,per_chapter,150705.7012670747,362317.9043732315,0.48125505043307004,0.38339543866710424,0.6399624765478424,121.38545391050832,40,EdgeGAT_full_blend_tk_tk_perproduct
4910,per_chapter,56042.986700567635,172572.29962059623,0.22882077262695888,0.6002162978220366,0.8039172776014881,98.00507679645412,38,EdgeGAT_full_blend_tk_tk_perproduct
4911,per_chapter,490538.78559466585,1413740.310658165,-0.05578454123732346,0.38707449025507834,0.641743907050362,112.96426893426307,125,EdgeGAT_full_blend_tk_tk_perproduct
5007,per_chapter,235211.20686918453,706794.4487463468,-0.04901750676329386,0.12577507254123543,0.3762606997172782,132.02391574536284,71,EdgeGAT_full_blend_tk_tk_perproduct
5101,per_chapter,595596.9289625686,1831194.9002307025,-0.10344875586462843,0.17431292443532942,0.4659848315356129,121.09176279084193,77,EdgeGAT_full_blend_tk_tk_perproduct
5102,per_chapter,266489.413125467,783472.9394025587,-0.04260493164287804,0.14753795994077235,0.5550802139037433,141.17643681311645,34,EdgeGAT_full_blend_tk_tk_perproduct
5105,per_chapter,743266.2751952994,3274512.78413276,-0.01120615538584624,0.09379049372539372,0.26288949424202795,139.31982641544752,75,EdgeGAT_full_blend_tk_tk_perproduct
5106,per_chapter,4991651.784739151,20862686.207605913,-1134.6638749160484,0.044881417531714596,0.38833570412517776,129.56119072609582,38,EdgeGAT_full_blend_tk_tk_perproduct
5107,per_chapter,594894.3902452072,1455062.5552485888,-1.0868309914067376,0.3161244537979928,0.641773352299668,124.45957810537298,37,EdgeGAT_full_blend_tk_tk_perproduct
5108,per_chapter,4308765.244141898,16136349.01110724,-131.56246207977458,0.36315444799834673,0.7289438502673797,121.14268294480101,33,EdgeGAT_full_blend_tk_tk_perproduct
5109,per_chapter,61104.680832456565,122624.14580796013,-0.11220026847721454,0.31599681408612745,0.6366455250176181,98.16615358543976,44,EdgeGAT_full_blend_tk_tk_perproduct
5111,per_chapter,169962.13768652405,386161.37336159527,-0.31495423857396787,0.2062668315910784,0.5208394976876118,110.76146792356838,97,EdgeGAT_full_blend_tk_tk_perproduct
5112,per_chapter,422509.17561449367,1078904.6733223049,-0.7853788284925463,0.26516802111774573,0.5936954993140809,108.22550714109678,99,EdgeGAT_full_blend_tk_tk_perproduct
5201,per_chapter,4966076.407012364,13846064.327283507,0.48800355435079934,0.25817877262342537,0.5271260997067448,147.26993335449149,32,EdgeGAT_full_blend_tk_tk_perproduct
5202,per_chapter,195737.7533184317,521631.09148131346,-0.11311668717838042,0.051409830810627666,0.3462072797999445,133.99576001773454,60,EdgeGAT_full_blend_tk_tk_perproduct
5204,per_chapter,27706.23934457855,54358.5246305654,-0.16005823588547785,0.03808871311680384,0.3084514720048063,129.12855680488192,80,EdgeGAT_full_blend_tk_tk_perproduct
5205,per_chapter,1017662.4912090166,4754779.903907658,-0.04164412608903878,0.2619204539848583,0.5407493436635665,128.68250350621258,361,EdgeGAT_full_blend_tk_tk_perproduct
5206,per_chapter,289171.0021659267,914897.8898607092,-0.08170806826538524,0.28276300555185574,0.5475371877106529,124.85361594096331,224,EdgeGAT_full_blend_tk_tk_perproduct
5207,per_chapter,75529.66909505565,149824.2172013154,-0.2763743551422335,-0.19392893432657887,0.07969947281489323,143.30325598916812,52,EdgeGAT_full_blend_tk_tk_perproduct
5208,per_chapter,265998.8172288832,932238.457706706,0.04107423788594433,0.2131768720212015,0.3685386528514802,123.39059350493538,444,EdgeGAT_full_blend_tk_tk_perproduct
5209,per_chapter,171758.8695925553,544188.7560721155,-0.010854572802475815,0.17234824170896623,0.4147747238544828,127.96020237968013,349,EdgeGAT_full_blend_tk_tk_perproduct
5210,per_chapter,82924.60337082471,221174.41000124728,0.3473482247500318,0.24343859398412337,0.4740593076666572,114.10365100137771,214,EdgeGAT_full_blend_tk_tk_perproduct
5211,per_chapter,156852.54813981065,599895.8191414401,0.07907621808116394,0.27058693002097367,0.5383954104797616,116.4347092077616,257,EdgeGAT_full_blend_tk_tk_perproduct
5212,per_chapter,56527.26524569397,125843.8449203899,-0.05188044845318451,0.22387092064963587,0.5266776503807132,117.7439034789117,197,EdgeGAT_full_blend_tk_tk_perproduct
5301,per_chapter,2115488.9717597887,7131296.371217957,-0.09328279441805032,-0.2848387680253821,0.6152472389282732,152.12257078338618,49,EdgeGAT_full_blend_tk_tk_perproduct
5303,per_chapter,33284.44827984485,77845.03911580212,-0.12210130792735874,-0.10313852604328266,0.36928953399541636,136.88931391330718,34,EdgeGAT_full_blend_tk_tk_perproduct
5306,per_chapter,322697.72416910407,970468.6535195789,-0.08827351261423133,-0.10309435276908085,0.2852231645102875,139.67095129213794,37,EdgeGAT_full_blend_tk_tk_perproduct
5308,per_chapter,45022.545486254785,106934.7692338906,-0.0819504306662937,0.05717691918927281,0.3748353096179182,118.75888828459173,45,EdgeGAT_full_blend_tk_tk_perproduct
5309,per_chapter,182640.13830592588,533959.78702735,0.39482330358983864,0.3094626824247195,0.5386614814161664,113.76071715150948,85,EdgeGAT_full_blend_tk_tk_perproduct
5310,per_chapter,36486.076867991644,98702.98939338111,-0.034259654903341596,0.11056910623456129,0.32443374548637705,135.36319204608847,38,EdgeGAT_full_blend_tk_tk_perproduct
5401,per_chapter,167999.23136988175,415453.9843758938,0.03140430616534906,0.1732046699827413,0.31152577371509155,112.08149389743664,62,EdgeGAT_full_blend_tk_tk_perproduct
5402,per_chapter,558044.9516526853,2000363.3870572546,0.00030201372241189794,0.1747287837893131,0.4493722577884028,123.64071394085715,438,EdgeGAT_full_blend_tk_tk_perproduct
5403,per_chapter,445384.3349174557,1708308.1097530406,-0.04609467832474423,0.11056036418097592,0.36204538094587235,133.4458703135394,106,EdgeGAT_full_blend_tk_tk_perproduct
5404,per_chapter,151312.452717334,295810.35555302893,-0.040082147098819076,0.24852163888965162,0.5649622267063539,121.66195127169779,87,EdgeGAT_full_blend_tk_tk_perproduct
5407,per_chapter,417760.05430682795,3067682.504551775,0.01929389160798034,0.24143132410510004,0.47264364792994773,119.73914939609136,606,EdgeGAT_full_blend_tk_tk_perproduct
5408,per_chapter,123298.360380979,319564.7574198561,-0.12169435941196327,0.26016304010961355,0.526331954547449,112.74705847196797,173,EdgeGAT_full_blend_tk_tk_perproduct
5501,per_chapter,462285.9543253948,1890902.9826766513,-0.047301442872140775,0.18389627580194423,0.415604909409702,120.56372104622912,59,EdgeGAT_full_blend_tk_tk_perproduct
5503,per_chapter,554374.6846990881,1688013.5695111128,-0.017984783032734653,0.1500484968396476,0.476128154205459,125.75715049383503,125,EdgeGAT_full_blend_tk_tk_perproduct
5504,per_chapter,816591.5115885837,1667302.2726670974,0.024150900271812326,0.15072671546019512,0.4846774193548387,126.43448955455246,31,EdgeGAT_full_blend_tk_tk_perproduct
5505,per_chapter,160511.7037311846,459804.3345014463,-0.07472290970500461,0.10950292871243317,0.3954619137782479,115.22680630901303,42,EdgeGAT_full_blend_tk_tk_perproduct
5506,per_chapter,72277.65153859922,140081.92210016144,-0.16581683848148931,0.3311694107015887,0.6738686466976677,121.61537109863328,68,EdgeGAT_full_blend_tk_tk_perproduct
5508,per_chapter,600495.5383110279,3475367.743640337,-9.83453698890605,0.13837796222652754,0.36631188517980967,130.21377999500567,53,EdgeGAT_full_blend_tk_tk_perproduct
5509,per_chapter,314492.97684492724,1835398.196892385,-0.007726456187882702,0.2153748445710454,0.49866820991519784,124.59924914039544,294,EdgeGAT_full_blend_tk_tk_perproduct
5510,per_chapter,214387.70282902344,626764.5483583584,0.035081073722277534,0.16309770540221558,0.4414158264326749,129.65665486149925,87,EdgeGAT_full_blend_tk_tk_perproduct
5511,per_chapter,69486.91038208586,185466.84866625982,0.010374163349113341,0.2818968356403494,0.4775360142570228,118.41562150716601,62,EdgeGAT_full_blend_tk_tk_perproduct
5512,per_chapter,223500.16973645356,781626.914711194,-0.03590120644961203,0.21914291193229496,0.5041181262088205,123.60148471768422,140,EdgeGAT_full_blend_tk_tk_perproduct
5513,per_chapter,128212.40179749063,453065.21504269505,0.027576620861053502,0.20975908682393607,0.4796906507426419,116.63232331059541,211,EdgeGAT_full_blend_tk_tk_perproduct
5514,per_chapter,154587.89035428222,434555.5410267187,-0.08779114209091765,0.11945056754688888,0.49495450113948236,125.9882233274432,221,EdgeGAT_full_blend_tk_tk_perproduct
5515,per_chapter,214800.33962580853,1083110.4196738026,-0.0038148671382993715,0.2639413058586174,0.5137591084063241,102.49929499380994,190,EdgeGAT_full_blend_tk_tk_perproduct
5516,per_chapter,149501.63135595914,817966.6821107841,0.018554276982429396,0.13617397724039126,0.37636013978586386,112.18670710237532,328,EdgeGAT_full_blend_tk_tk_perproduct
5601,per_chapter,443043.08512895973,1063211.3545924502,-0.15307665397644854,0.06738506225204255,0.36725695637499645,133.07679796407277,110,EdgeGAT_full_blend_tk_tk_perproduct
5602,per_chapter,96687.02293720319,258458.63383706435,-0.02128638571191388,0.20242935691033082,0.47743253271562625,116.1541444184176,107,EdgeGAT_full_blend_tk_tk_perproduct
5603,per_chapter,550253.371705418,1475087.5764630637,0.04044345539099403,0.38185882059803744,0.6417292625737333,105.46083038384697,243,EdgeGAT_full_blend_tk_tk_perproduct
5604,per_chapter,153628.30910614392,463422.5346007381,-0.04948639143087674,0.3352156696358788,0.6190956221198157,100.67494924891778,63,EdgeGAT_full_blend_tk_tk_perproduct
5607,per_chapter,106884.03703846646,328893.7645610707,0.06315801614090422,0.19623357966282773,0.40292299664527526,123.08494829571049,191,EdgeGAT_full_blend_tk_tk_perproduct
5608,per_chapter,162922.27855341506,403483.21496270574,0.3800680119444191,0.179798226772918,0.3809372142779326,117.11992863274779,103,EdgeGAT_full_blend_tk_tk_perproduct
5609,per_chapter,103197.46519288461,253326.56738950752,0.7537998887949596,0.32965043570471664,0.5277382645803698,102.37347463436608,37,EdgeGAT_full_blend_tk_tk_perproduct
5701,per_chapter,76279.74684112256,196118.70126298454,-0.02563834600591197,0.1584753739349205,0.4283424908424908,108.65213140774861,64,EdgeGAT_full_blend_tk_tk_perproduct
5702,per_chapter,86772.51778010013,308797.6678150896,0.000581455935152797,0.20433538995450073,0.4333655045845591,118.00310634560196,318,EdgeGAT_full_blend_tk_tk_perproduct
5703,per_chapter,307456.2532184941,849822.2667304897,0.09303223287597062,0.34240828314015426,0.6055573572193487,109.46339562527498,131,EdgeGAT_full_blend_tk_tk_perproduct
5704,per_chapter,133916.56750835755,298180.5289759114,-0.21252569636519447,0.1704348778206739,0.43199617234519405,122.89394462539715,62,EdgeGAT_full_blend_tk_tk_perproduct
5705,per_chapter,269785.32484402077,746216.7611528923,0.8666749519202744,0.4823828330045451,0.6974869606448553,104.59415911334122,37,EdgeGAT_full_blend_tk_tk_perproduct
5801,per_chapter,104947.6355716755,335328.89764486667,0.0742289335004962,0.2637782505140046,0.5734974274779537,117.82177078724543,224,EdgeGAT_full_blend_tk_tk_perproduct
5802,per_chapter,82893.7774317776,309123.91256503185,-0.06223260028242761,0.04806789062775718,0.44607284291098337,125.66070897509982,71,EdgeGAT_full_blend_tk_tk_perproduct
5804,per_chapter,201608.98339199438,650909.4676574866,-0.0511353082487509,0.1443494436298599,0.5024020300740522,133.92688722646025,98,EdgeGAT_full_blend_tk_tk_perproduct
5806,per_chapter,178063.9796468501,634980.8636801094,0.0879998461427739,0.21824508842200474,0.48811534651029936,122.75999213439009,191,EdgeGAT_full_blend_tk_tk_perproduct
5807,per_chapter,137485.12832392016,413469.9898864442,0.3256028721959091,0.31887689285529597,0.5849470222871759,121.97753649348296,69,EdgeGAT_full_blend_tk_tk_perproduct
5808,per_chapter,53635.149662264594,120110.96209350592,0.2616874500190164,0.27810988705816175,0.5257776497695852,125.1127841235669,63,EdgeGAT_full_blend_tk_tk_perproduct
5810,per_chapter,162690.96571896502,697936.4817683689,0.08435991554708455,0.33252732727527035,0.5269327332283043,129.0119170824152,102,EdgeGAT_full_blend_tk_tk_perproduct
5811,per_chapter,90043.24332341322,202609.14130275854,0.09022216754317491,0.36761470798241835,0.6399193548387098,96.01974902701048,31,EdgeGAT_full_blend_tk_tk_perproduct
5901,per_chapter,100696.78403140798,238588.9338213541,0.45610704687365156,0.08314125091082825,0.36568694463431306,131.47843497071779,56,EdgeGAT_full_blend_tk_tk_perproduct
5902,per_chapter,541184.0427043444,1469718.3259149014,0.024654504288840196,0.26933149358696373,0.5616542786354107,134.7896818348184,54,EdgeGAT_full_blend_tk_tk_perproduct
5903,per_chapter,712309.2902875562,2307972.9885855224,0.4229103558628138,0.4973987144431532,0.6990458670491542,107.70273960889884,103,EdgeGAT_full_blend_tk_tk_perproduct
5904,per_chapter,104835.43241033203,239470.48306736207,-0.19055930811372757,-0.06032614336095188,0.14979757085020243,136.0101533713626,38,EdgeGAT_full_blend_tk_tk_perproduct
5906,per_chapter,128603.03301533262,288811.6356417341,-0.47986959977108223,0.4019830582674794,0.6532550369545409,108.7028637356612,84,EdgeGAT_full_blend_tk_tk_perproduct
5907,per_chapter,1750167.8116140151,9220692.917670818,-302.9926124354099,0.5469375278651609,0.7705645161290323,98.48711026602119,31,EdgeGAT_full_blend_tk_tk_perproduct
5909,per_chapter,128141.98775068582,334678.2531920548,-0.043335049115238666,0.16457008913529525,0.5421554252199413,116.49680837553893,32,EdgeGAT_full_blend_tk_tk_perproduct
5910,per_chapter,111126.27885354286,225348.41437796954,0.09180939885261796,0.35902528988909266,0.6241405653170359,106.21019186673104,34,EdgeGAT_full_blend_tk_tk_perproduct
5911,per_chapter,243734.95288254446,615263.3169927207,0.00976213262038339,0.3505243269027699,0.620831567229834,113.02033911052017,154,EdgeGAT_full_blend_tk_tk_perproduct
6001,per_chapter,574411.8086044095,2994003.474426377,0.006310459848038463,0.006602906738123915,0.24074585985195868,126.5360134324123,153,EdgeGAT_full_blend_tk_tk_perproduct
6002,per_chapter,190035.00570108215,437940.28321445646,-0.0761882148264601,-0.008037397257329992,0.3338603425559947,124.52331748213172,45,EdgeGAT_full_blend_tk_tk_perproduct
6003,per_chapter,66950.54307715403,128322.82624627951,-0.1538066148217503,-0.024730690367237074,0.24436173575315867,128.99035501982658,86,EdgeGAT_full_blend_tk_tk_perproduct
6004,per_chapter,1714400.148016501,6299551.794182801,0.03610409797532743,0.20513524680632467,0.440909090909091,134.53743875445156,55,EdgeGAT_full_blend_tk_tk_perproduct
6005,per_chapter,229600.73530796537,985128.1525182088,-0.025385433882435082,0.18456136248073307,0.4450019686510351,128.03913973505965,236,EdgeGAT_full_blend_tk_tk_perproduct
6006,per_chapter,683685.5508835643,2937291.746006978,0.0026083940967266406,0.20955934345200478,0.4911119524754448,122.29974053732724,333,EdgeGAT_full_blend_tk_tk_perproduct
6101,per_chapter,157683.78429979837,354865.8897695772,-0.0723826057023973,0.21197520505731082,0.573065974758798,111.3764995991054,106,EdgeGAT_full_blend_tk_tk_perproduct
6102,per_chapter,168128.6028565587,533669.2791086244,-0.04129168920266535,0.06870192117696661,0.3765502040710204,118.93992353385737,136,EdgeGAT_full_blend_tk_tk_perproduct
6103,per_chapter,301684.109624396,1145650.8939272314,-0.014393049281186787,0.17455647432464383,0.4668095480578774,121.51579120014819,410,EdgeGAT_full_blend_tk_tk_perproduct
6104,per_chapter,325968.6419706859,1562318.778195439,0.016214739597437577,0.20080589390085601,0.4701652685070076,121.65177369256084,748,EdgeGAT_full_blend_tk_tk_perproduct
6105,per_chapter,537070.0734238015,1261754.6055724828,-0.08908596738572983,0.1951695669518706,0.5786905817227163,123.2156266348369,111,EdgeGAT_full_blend_tk_tk_perproduct
6106,per_chapter,341531.8879849553,1121587.095201015,-0.07323151043549214,0.35617002897914374,0.5413006623676732,116.5452516146275,116,EdgeGAT_full_blend_tk_tk_perproduct
6107,per_chapter,308672.27847634157,1113746.5300099568,-0.011268803853896614,0.09198747198668933,0.323689755485448,129.2917970781509,257,EdgeGAT_full_blend_tk_tk_perproduct
6108,per_chapter,368185.98044528137,1516270.537870095,-0.03145083699887041,0.10224283169986825,0.3736976161834558,130.33256255305224,352,EdgeGAT_full_blend_tk_tk_perproduct
6109,per_chapter,3212134.4331726544,7623453.958102873,-0.03027824139408697,0.22305015398544858,0.5162575301691038,117.0821251674247,82,EdgeGAT_full_blend_tk_tk_perproduct
6110,per_chapter,1791999.4501821052,7184394.651800217,-0.018708691234565755,0.2521975071180973,0.5227366704613132,120.47684872743802,216,EdgeGAT_full_blend_tk_tk_perproduct
6111,per_chapter,369340.8203566585,1028781.5550171146,0.10642470518261915,0.3303952453164649,0.4821374039379786,115.15898081883462,112,EdgeGAT_full_blend_tk_tk_perproduct
6112,per_chapter,192485.58233504495,852367.3295798324,-0.03255193086422192,-0.014851030767827123,0.29035301184867696,127.88470454752543,255,EdgeGAT_full_blend_tk_tk_perproduct
6113,per_chapter,527970.1774608543,1350497.2276844422,-0.10564323865596181,0.21749853383378226,0.40431119378487795,129.86449108195697,38,EdgeGAT_full_blend_tk_tk_perproduct
6114,per_chapter,891775.4416640869,3732150.6651970455,-0.012044709038766754,0.10666913463498695,0.35038457974237797,119.76011854324211,109,EdgeGAT_full_blend_tk_tk_perproduct
6115,per_chapter,559120.1124933567,2453138.9874281846,-0.02221701702396328,0.24275365491149103,0.5109323127636703,127.64517816474232,300,EdgeGAT_full_blend_tk_tk_perproduct
6116,per_chapter,249224.38749745517,1078128.4701569807,0.03164559444356774,0.19019148554612642,0.5968639352846168,122.33500851988708,158,EdgeGAT_full_blend_tk_tk_perproduct
6117,per_chapter,218447.81985832067,806032.1044070799,0.19971379589856453,0.3246221473984039,0.6001461042180644,111.53568592617789,111,EdgeGAT_full_blend_tk_tk_perproduct
6201,per_chapter,701713.0063544222,2963563.695442992,-0.02278530229409781,0.21298488911907765,0.5820346735304655,119.03660829500976,148,EdgeGAT_full_blend_tk_tk_perproduct
6202,per_chapter,753822.7534110731,3721689.36272941,0.028755576113107417,0.24368192176546177,0.6133860728432851,118.27784917594926,153,EdgeGAT_full_blend_tk_tk_perproduct
6203,per_chapter,542403.055189762,2074805.716445511,-0.03909580512094002,0.18206172137970666,0.48095732224165083,121.5760173386109,514,EdgeGAT_full_blend_tk_tk_perproduct
6204,per_chapter,548999.4412623178,2653770.868907988,-0.015095553424519847,0.158636765486876,0.430456191893279,123.68647338302704,874,EdgeGAT_full_blend_tk_tk_perproduct
6205,per_chapter,569829.9419106238,1430203.718930419,-0.020467403976807574,0.09578185548916318,0.5334217658682291,118.97455807057986,120,EdgeGAT_full_blend_tk_tk_perproduct
6206,per_chapter,340839.05925797654,919302.0333350099,-0.017797612975161803,0.17711818350457886,0.4948403946164696,125.90141943739934,182,EdgeGAT_full_blend_tk_tk_perproduct
6207,per_chapter,111604.69400429606,342851.3567295085,-0.053715345834169925,0.14269015447580258,0.4056938442937041,119.81765188695842,223,EdgeGAT_full_blend_tk_tk_perproduct
6208,per_chapter,121800.17668208061,390822.0690476599,0.0006633367664650169,0.20375828705108967,0.46293311289000133,119.93623959486061,262,EdgeGAT_full_blend_tk_tk_perproduct
6209,per_chapter,123219.58391100184,253949.19477925572,0.1013268462692003,0.2833067193231962,0.4510560461859441,117.73103513403144,108,EdgeGAT_full_blend_tk_tk_perproduct
6210,per_chapter,325239.1838550118,966728.9241556294,0.2985382810286613,0.23608394467872484,0.4884871358131719,123.81991215080133,175,EdgeGAT_full_blend_tk_tk_perproduct
6211,per_chapter,269478.7768030536,1211437.89817916,0.08154909609565186,0.13368443429998667,0.44768216968111996,118.81439354859968,325,EdgeGAT_full_blend_tk_tk_perproduct
6212,per_chapter,731211.0051700437,2931060.9506517397,-0.040967598756387336,0.24039293009779683,0.52360020250831,122.6285697310334,133,EdgeGAT_full_blend_tk_tk_perproduct
6213,per_chapter,35956.960546716706,107780.8101441483,0.15294577526002218,0.21989141041662308,0.5164335664335664,109.93509935458745,65,EdgeGAT_full_blend_tk_tk_perproduct
6214,per_chapter,197784.34538379873,844757.5514870612,0.02936984631462569,0.34978851311220893,0.6104708410287336,109.79310711286982,174,EdgeGAT_full_blend_tk_tk_perproduct
6215,per_chapter,52176.16633046393,173270.13327790325,0.05070336059365921,0.2742883915996618,0.5508678769073398,98.75789185607027,94,EdgeGAT_full_blend_tk_tk_perproduct
6216,per_chapter,184687.7101203151,434223.74972755753,0.513567498600147,0.3127301978067881,0.6445344129554657,116.27966336780575,39,EdgeGAT_full_blend_tk_tk_perproduct
6217,per_chapter,392104.788070772,1000330.4250019471,-1.0590544352750908,0.19536141563989495,0.5219061166429587,119.07613288868923,75,EdgeGAT_full_blend_tk_tk_perproduct
6301,per_chapter,298343.49401150434,2161782.355836113,0.05469322657646647,0.22492699351212964,0.43196776550066024,110.42054029384094,162,EdgeGAT_full_blend_tk_tk_perproduct
6302,per_chapter,386433.25261079724,1600903.6652922416,0.045212517951969566,0.24487927649954433,0.4871886047687247,123.46917285055474,522,EdgeGAT_full_blend_tk_tk_perproduct
6303,per_chapter,197666.975277351,1360996.04049832,0.03554926082209131,0.37897958459379544,0.6134591617071833,112.34927486981306,170,EdgeGAT_full_blend_tk_tk_perproduct
6304,per_chapter,150924.05896810725,664746.6072911295,0.13492445689713284,0.2192879368119206,0.33834810033737395,120.49678363512835,215,EdgeGAT_full_blend_tk_tk_perproduct
6305,per_chapter,191005.75712182754,643430.0033451373,0.1011039011530892,0.18078284829805802,0.3804090286940033,116.2528638976384,209,EdgeGAT_full_blend_tk_tk_perproduct
6306,per_chapter,212610.34876977748,916865.2300048126,0.14062892093714763,0.20904519136487587,0.42873235658019904,122.71802301229424,223,EdgeGAT_full_blend_tk_tk_perproduct
6307,per_chapter,719598.8632005535,4243540.882141128,0.1303342162771085,0.3255844411224381,0.5331724834273383,118.13467022680426,117,EdgeGAT_full_blend_tk_tk_perproduct
6309,per_chapter,868088.5051507406,1697066.0043649494,0.02604505561420889,0.4485397516533546,0.6823639774859288,112.99245010790307,40,EdgeGAT_full_blend_tk_tk_perproduct
6310,per_chapter,108396.09796311095,253450.33362863958,-0.09487576672118903,0.15317467758408676,0.5112139835581452,124.5067548679111,67,EdgeGAT_full_blend_tk_tk_perproduct
6401,per_chapter,156304.36319029258,466361.02742538153,-0.06707594984230347,0.30497009125105934,0.6215877786231142,114.47151138132534,101,EdgeGAT_full_blend_tk_tk_perproduct
6402,per_chapter,1433978.582543345,10959912.880651643,0.014578283797765601,0.26524170220886156,0.486681777289576,117.03844222323485,174,EdgeGAT_full_blend_tk_tk_perproduct
6403,per_chapter,896298.3927110826,3749176.6682547308,-0.02754874394017537,0.2711504834772426,0.502478068542702,125.05983269611067,281,EdgeGAT_full_blend_tk_tk_perproduct
6404,per_chapter,1507367.5612019568,7489304.110048207,0.03569233526002524,0.35210049667829335,0.6391319986330938,121.17714105395012,117,EdgeGAT_full_blend_tk_tk_perproduct
6405,per_chapter,220549.09070151328,548295.1788471859,0.16540229518705019,0.15895459771361242,0.37549202471742565,113.12073606494222,113,EdgeGAT_full_blend_tk_tk_perproduct
6406,per_chapter,684931.2397001967,2013298.429089059,0.11893072405928629,0.26631952951065885,0.49914967967384966,126.79588047395329,101,EdgeGAT_full_blend_tk_tk_perproduct
6504,per_chapter,79614.56608274342,215270.97010790338,0.38495694030590644,0.39415379395183137,0.6542510121457491,105.81931342807893,39,EdgeGAT_full_blend_tk_tk_perproduct
6505,per_chapter,708266.1505953035,2574370.371056501,0.5182607454858039,0.38879139676232755,0.5901540320144971,108.84309296171281,43,EdgeGAT_full_blend_tk_tk_perproduct
6506,per_chapter,253060.2914416082,856530.4969017843,0.31029865085042174,0.21919684680725315,0.4838101088101088,120.60185317875923,111,EdgeGAT_full_blend_tk_tk_perproduct
6507,per_chapter,127786.85021460068,366163.15001451864,0.06607836640847542,0.12352812648433331,0.4649350649350649,134.9411907147049,34,EdgeGAT_full_blend_tk_tk_perproduct
6601,per_chapter,192776.64034061925,824268.3409565025,0.4907285327850409,0.42054827544266615,0.692355208454499,118.52188901557965,94,EdgeGAT_full_blend_tk_tk_perproduct
6602,per_chapter,33204.14489682212,108938.54437960977,0.8164027875212165,0.5599339262393065,0.7910557184750732,110.38915946431031,32,EdgeGAT_full_blend_tk_tk_perproduct
6603,per_chapter,97750.9827389832,291969.6465466406,0.32258053944681897,-0.22186099073231724,0.19414893617021275,132.23705588775837,47,EdgeGAT_full_blend_tk_tk_perproduct
6702,per_chapter,515856.4269426245,2253254.0212423876,0.4337075189705244,0.613460689395897,0.7889834713898537,100.5564178809506,68,EdgeGAT_full_blend_tk_tk_perproduct
6704,per_chapter,573086.9778843913,3493603.0959256655,0.027858702598665963,0.34146061992662946,0.5764623443149595,126.06946263882857,113,EdgeGAT_full_blend_tk_tk_perproduct
6802,per_chapter,371315.6413730355,2165612.148752334,0.016263717011896328,0.12072195496260174,0.3616822803248624,113.21099045548073,257,EdgeGAT_full_blend_tk_tk_perproduct
6804,per_chapter,234032.98249493653,784356.3476282645,-0.024647953720697613,0.3586042297867381,0.6098855291434705,121.19931054143349,156,EdgeGAT_full_blend_tk_tk_perproduct
6805,per_chapter,255582.35262051935,666374.2990630773,-1.2771357670041565,0.35973524239128973,0.6671289875173371,104.97397904908064,104,EdgeGAT_full_blend_tk_tk_perproduct
6806,per_chapter,531921.7455268835,1178064.8604022742,-0.1622784797906045,0.3154930944683777,0.5983508650430048,109.2811776900848,92,EdgeGAT_full_blend_tk_tk_perproduct
6807,per_chapter,363832.50581366895,742762.9919492678,-0.7451214156400141,0.13080363934311146,0.4840548340548342,117.03083875130183,55,EdgeGAT_full_blend_tk_tk_perproduct
6808,per_chapter,239178.78249387196,515988.23815177067,0.09952849069644987,0.20094113966184468,0.5412680756395996,116.84446378099223,30,EdgeGAT_full_blend_tk_tk_perproduct
6809,per_chapter,319785.2860722313,1059525.9280621826,-0.05096005314458041,0.23141212759605023,0.5231622784295549,112.85283728000664,96,EdgeGAT_full_blend_tk_tk_perproduct
6810,per_chapter,1321633.055859602,4324197.419466966,-2.784797568225105,0.06272914262594587,0.38791299703883364,119.66755237628679,141,EdgeGAT_full_blend_tk_tk_perproduct
6811,per_chapter,280727.8495485064,667202.3608078464,-0.15007579153260164,0.12533246722547908,0.3557893248153389,128.69551459888683,86,EdgeGAT_full_blend_tk_tk_perproduct
6812,per_chapter,35806.682954056494,133182.84147418579,-0.053526770457409834,-0.03778693554169332,0.17496631874569082,127.23648216363448,62,EdgeGAT_full_blend_tk_tk_perproduct
6813,per_chapter,178251.5894581893,589009.8187580295,-0.001111096370909559,0.20581535018609065,0.4578740856222086,105.04714093449184,77,EdgeGAT_full_blend_tk_tk_perproduct
6814,per_chapter,97391.33917985245,241697.2570232649,0.035163331499331485,0.18291240044045798,0.488784330889594,122.6388210213283,38,EdgeGAT_full_blend_tk_tk_perproduct
6815,per_chapter,607649.0515297635,1919938.4874760683,0.06760049932475831,0.28683431841665863,0.546229354023394,128.79438002849488,107,EdgeGAT_full_blend_tk_tk_perproduct
6902,per_chapter,412783.82220448693,1173593.2093400874,0.28827454307827916,0.439070012521972,0.7250718443647879,107.29214275504948,81,EdgeGAT_full_blend_tk_tk_perproduct
6903,per_chapter,211620.6983749335,478592.43779680436,0.07223252519577683,0.3410715724158453,0.6323796276943072,109.55102153742244,78,EdgeGAT_full_blend_tk_tk_perproduct
6904,per_chapter,643672.5176527884,2475459.6501206583,-0.019640593801378392,0.12728989029936533,0.3854360845932371,121.19377230058426,61,EdgeGAT_full_blend_tk_tk_perproduct
6905,per_chapter,200422.9460371912,473417.68877436756,-0.11052546893615878,0.29286244702643294,0.5084693877551021,120.44837225044536,49,EdgeGAT_full_blend_tk_tk_perproduct
6907,per_chapter,984467.4321254238,3466971.974561822,-0.05353174543024486,0.18957297497557568,0.3466081395635889,119.23944907661141,153,EdgeGAT_full_blend_tk_tk_perproduct
6909,per_chapter,600018.4706754041,2289572.190927283,0.05119021822436076,0.4865868110854197,0.6786962140623619,115.46467940709763,106,EdgeGAT_full_blend_tk_tk_perproduct
6910,per_chapter,770902.2377987184,4667402.9159819735,0.09004459334433945,0.2566023030961334,0.33839579783030127,132.80588372956953,73,EdgeGAT_full_blend_tk_tk_perproduct
6911,per_chapter,718833.6062215335,4897453.105520372,0.1036759721504642,0.45339519859053956,0.6229570947315365,111.53061110115085,76,EdgeGAT_full_blend_tk_tk_perproduct
6912,per_chapter,210707.57928749258,437076.4996950519,0.5789485490221022,0.342403295723015,0.6149420630418929,96.34329662086016,42,EdgeGAT_full_blend_tk_tk_perproduct
6913,per_chapter,166822.49339438046,587262.106196577,0.6434741718950783,0.362868190804135,0.6191749644381223,112.72191084708435,75,EdgeGAT_full_blend_tk_tk_perproduct
6914,per_chapter,166979.58861024433,418464.03301720513,0.7379426384492249,0.4976566470923969,0.6992732651617468,107.60728348256387,72,EdgeGAT_full_blend_tk_tk_perproduct
7001,per_chapter,471893.15182357444,944657.3348403497,0.45713912548783453,0.2189642046837298,0.47335907335907346,88.76020355848527,36,EdgeGAT_full_blend_tk_tk_perproduct
7002,per_chapter,347820.5537207665,1376497.447164112,-0.002860300191609655,0.44404028144403185,0.666031375702892,107.31278851733326,96,EdgeGAT_full_blend_tk_tk_perproduct
7003,per_chapter,2147983.783438135,15193900.369514152,0.08217483659637326,0.2732306293680693,0.3785516431483269,124.53238622938949,82,EdgeGAT_full_blend_tk_tk_perproduct
7004,per_chapter,2032997.46452011,9368673.023095503,-0.03134914300493641,0.2531072013057446,0.39051383399209477,136.37806434785165,45,EdgeGAT_full_blend_tk_tk_perproduct
7005,per_chapter,971527.8467519076,3392638.99748922,-0.057613168981196505,0.21513799486054275,0.5079301901689732,137.68360109402568,106,EdgeGAT_full_blend_tk_tk_perproduct
7006,per_chapter,2950203.93178692,10879682.832382811,-5.346109158995738,0.42469396455818587,0.697039897039897,130.07086769848308,36,EdgeGAT_full_blend_tk_tk_perproduct
7007,per_chapter,504145.22705933545,2160336.889492076,0.13777930181737374,0.3914120244797463,0.6408610943369847,111.81635149987439,141,EdgeGAT_full_blend_tk_tk_perproduct
7008,per_chapter,765590.4593520584,1534361.91531554,-0.42158529953639223,0.3980091197819582,0.7045072574484338,121.85101365762434,34,EdgeGAT_full_blend_tk_tk_perproduct
7009,per_chapter,399890.65047334443,1942495.9085871554,0.1388383242879616,0.4860794442541442,0.6430830538727599,104.22556357955418,112,EdgeGAT_full_blend_tk_tk_perproduct
7010,per_chapter,939169.3274784846,2908459.738875965,-0.09270950919340226,0.16978628919446148,0.4511971332497427,129.93373438941694,94,EdgeGAT_full_blend_tk_tk_perproduct
7011,per_chapter,35077.938562693744,68944.25767039391,0.20056078866048455,0.46522849700139457,0.648680952787501,108.63121796473618,52,EdgeGAT_full_blend_tk_tk_perproduct
7013,per_chapter,211022.00502806844,1135852.5818409503,0.033163499303002,0.31329351341273237,0.5464654252946876,118.46525649423916,315,EdgeGAT_full_blend_tk_tk_perproduct
7015,per_chapter,46666.629883560585,103935.95550764048,0.4532195787097365,0.423353712439003,0.6650878533231473,123.19593589656557,34,EdgeGAT_full_blend_tk_tk_perproduct
7016,per_chapter,162676.4960559187,445798.8357925743,0.4577983498390673,0.2777367529912823,0.37446873398708713,128.82510531886248,54,EdgeGAT_full_blend_tk_tk_perproduct
7017,per_chapter,119316.53830194414,304466.5710347454,0.11113999522549256,0.44189522080430776,0.6575201703772398,112.65148189934678,81,EdgeGAT_full_blend_tk_tk_perproduct
7018,per_chapter,215278.4860989145,982789.5706423746,0.2138786220187059,0.3926735207104406,0.6205123013060646,113.90544950698515,84,EdgeGAT_full_blend_tk_tk_perproduct
7019,per_chapter,531049.9552542265,1375847.0495281178,-0.07897155309866255,0.22828119004616532,0.49249049840749765,120.036840653763,234,EdgeGAT_full_blend_tk_tk_perproduct
7020,per_chapter,894397.6330512989,3283951.737960796,-2.3570081603693005,0.5417437235748644,0.7615384615384617,109.21202954213958,40,EdgeGAT_full_blend_tk_tk_perproduct
7101,per_chapter,833385.5001118705,2127822.433929744,-0.05716686207159438,0.007028994331462535,0.44621835187872927,139.05053368214456,53,EdgeGAT_full_blend_tk_tk_perproduct
7102,per_chapter,40884317.96166186,112862997.23140873,-0.160553892196323,-0.02766038950905436,0.37110611479053257,135.39060411272575,76,EdgeGAT_full_blend_tk_tk_perproduct
7103,per_chapter,2844240.184076203,9472137.89763578,0.13702883504396246,0.28432760623252096,0.4950340798442065,129.83159931032503,79,EdgeGAT_full_blend_tk_tk_perproduct
7104,per_chapter,3439492.0305966586,8192896.664876189,0.1586521994828447,0.3018561996594713,0.5460697197539304,132.47104195529224,56,EdgeGAT_full_blend_tk_tk_perproduct
7105,per_chapter,257820.9884735378,507951.2844061272,0.43619465348218267,0.34826464466705886,0.616796051123263,137.20289508372306,31,EdgeGAT_full_blend_tk_tk_perproduct
7106,per_chapter,28658329.542538937,181982649.5260055,-0.023082831398972825,0.1994870670625638,0.45825314070771833,140.84403769800542,70,EdgeGAT_full_blend_tk_tk_perproduct
7108,per_chapter,125040217.12527335,416073480.98022765,-0.07704821972316922,-0.014131155008766605,0.10927773093915126,145.55743209787926,73,EdgeGAT_full_blend_tk_tk_perproduct
7110,per_chapter,9338514.873619236,24692600.61374917,0.05575255673793811,0.17885284477469,0.4312913941498777,133.3438286275943,112,EdgeGAT_full_blend_tk_tk_perproduct
7112,per_chapter,6014819.23742844,15363139.364225706,0.19097451009920086,0.1533729086917075,0.45745854720574686,122.21594069295337,106,EdgeGAT_full_blend_tk_tk_perproduct
7113,per_chapter,9799749.421057636,36125026.17630939,-0.03277795466475819,0.2553361617525225,0.5310205692081432,125.62891766080367,110,EdgeGAT_full_blend_tk_tk_perproduct
7114,per_chapter,768360.6034735441,3482894.386280371,-0.03810615442069798,0.2862906794709139,0.5284872458104736,124.62596808328806,72,EdgeGAT_full_blend_tk_tk_perproduct
7115,per_chapter,1403189.358547823,3372402.9923364557,0.1525960142542656,0.17036097227641467,0.5047402965724009,135.93604584061157,42,EdgeGAT_full_blend_tk_tk_perproduct
7116,per_chapter,742727.6114170084,2859779.2974995826,0.0760452132259386,0.32403589718976056,0.5307794930436438,127.93554809049819,54,EdgeGAT_full_blend_tk_tk_perproduct
7117,per_chapter,1033503.4262744766,3682180.6431988752,-1.3841660939171754,0.2710475229709435,0.5345354836505279,116.6593122621832,112,EdgeGAT_full_blend_tk_tk_perproduct
7201,per_chapter,985336.0047803271,4117553.3487661523,-0.05074524379946421,0.25486020115266994,0.5645748987854252,121.99809731280571,39,EdgeGAT_full_blend_tk_tk_perproduct
7202,per_chapter,2969408.2976150424,11285027.41349616,-0.06695634138665163,-0.1509509893029266,0.10748761695828132,134.84009802568048,199,EdgeGAT_full_blend_tk_tk_perproduct
7203,per_chapter,1881833.105279742,4898455.710757786,-0.09642758158453524,0.22662593636152517,0.5222651222651222,131.6018251231661,36,EdgeGAT_full_blend_tk_tk_perproduct
7204,per_chapter,5358200.587823001,14967289.943258464,-0.05571020780887914,0.09312577975947467,0.39565492786883194,115.53028777017977,200,EdgeGAT_full_blend_tk_tk_perproduct
7205,per_chapter,388588.4387204258,1138853.6612482136,-0.09568793043624968,0.2639394403463594,0.5663243882887353,113.36522276964492,68,EdgeGAT_full_blend_tk_tk_perproduct
7206,per_chapter,170623.04254455143,294241.9609002739,-0.1439390088826824,0.03674216701028121,0.3010676910851125,129.56364010116815,44,EdgeGAT_full_blend_tk_tk_perproduct
7207,per_chapter,10736986.462688731,31151918.804644402,-0.07565294697581204,0.10981450881104993,0.39186944387250455,137.26798368850191,85,EdgeGAT_full_blend_tk_tk_perproduct
7208,per_chapter,3373641.36925822,10549443.142427748,-0.06813925608521965,0.22097541610887783,0.528471087330228,124.65247075835765,308,EdgeGAT_full_blend_tk_tk_perproduct
7209,per_chapter,1825214.9060403723,8119405.718041404,-0.0418686981445302,0.0819390082156245,0.3193210146889602,131.61960922512804,198,EdgeGAT_full_blend_tk_tk_perproduct
7210,per_chapter,2599091.434988256,8421062.291093603,-0.05744199860139454,0.16170186022048483,0.4695906625933943,124.35673798669775,272,EdgeGAT_full_blend_tk_tk_perproduct
7211,per_chapter,619399.3187282248,1580662.7895322647,-0.2602233567612846,0.1351587998843502,0.46574186388376076,120.42601388819901,130,EdgeGAT_full_blend_tk_tk_perproduct
7212,per_chapter,660085.6947871227,1604044.7573953508,-0.1160977204999547,0.2397102642905481,0.4690121824256899,127.3212475009029,133,EdgeGAT_full_blend_tk_tk_perproduct
7213,per_chapter,2057229.7981624363,5087286.443501063,-0.07414073336784677,0.19379330758171487,0.39194422929590245,138.57343314450537,87,EdgeGAT_full_blend_tk_tk_perproduct
7214,per_chapter,2169669.062234879,6268768.8493534615,-0.0984689755499597,0.06807046919424298,0.317843226637892,133.04307231660653,139,EdgeGAT_full_blend_tk_tk_perproduct
7215,per_chapter,332057.895504906,711067.6772815875,-0.19822101004257053,0.22379213162213418,0.5717454501652397,116.91818913801283,85,EdgeGAT_full_blend_tk_tk_perproduct
7216,per_chapter,659498.0914520142,1974252.1370728675,-0.04369197672320957,0.13092905051025727,0.3702248508235369,120.23833272920257,333,EdgeGAT_full_blend_tk_tk_perproduct
7217,per_chapter,536044.3694649998,1303423.254124702,0.17379718339472827,0.2244329791173333,0.46404808678948883,116.44802230737434,122,EdgeGAT_full_blend_tk_tk_perproduct
7218,per_chapter,1052262.4415380366,4230501.665092644,-0.06162154082706217,0.04897846609446466,0.37919441964199946,139.2492551108278,62,EdgeGAT_full_blend_tk_tk_perproduct
7219,per_chapter,1412684.7332767125,5400654.3605880365,-0.024640024648871606,0.327588422386779,0.6343519632804278,119.64678272000289,281,EdgeGAT_full_blend_tk_tk_perproduct
7220,per_chapter,479261.030942623,1618081.6082678153,-0.03428810430501117,0.3789735335849018,0.7178449780695125,108.95294959491957,92,EdgeGAT_full_blend_tk_tk_perproduct
7222,per_chapter,378109.3588724601,1195214.1335274214,0.0023619877453834315,0.4608011739521065,0.7272636261176441,106.45468276049633,147,EdgeGAT_full_blend_tk_tk_perproduct
7224,per_chapter,2065152.678481437,5251005.396004072,-0.1653428097810581,0.21939167004810145,0.5456445993031361,128.69087073380692,41,EdgeGAT_full_blend_tk_tk_perproduct
7225,per_chapter,4376246.949246448,8838936.521242592,-0.11795305029146053,0.21780894049420174,0.5263552042041199,128.2806634618044,138,EdgeGAT_full_blend_tk_tk_perproduct
7226,per_chapter,1079567.6805678667,2395822.006312306,-0.17846174713518437,0.1660416182298835,0.46933054517568745,131.8135966001963,104,EdgeGAT_full_blend_tk_tk_perproduct
7227,per_chapter,2453786.2922999803,6813897.010132114,-0.06952112213481532,0.3058677403507504,0.5912955465587044,135.88688417738464,39,EdgeGAT_full_blend_tk_tk_perproduct
7228,per_chapter,937262.8861156156,3869967.3836587598,-0.02411477245770355,0.27570989120441036,0.5503120110678917,119.30232750104335,195,EdgeGAT_full_blend_tk_tk_perproduct
7229,per_chapter,421163.6206431872,1339616.8628957847,0.02461902701787877,0.374486278525753,0.6444444444444444,108.56270803227545,54,EdgeGAT_full_blend_tk_tk_perproduct
7301,per_chapter,856243.6680722043,2254689.1304795397,-0.06067019899672421,0.05637308264602181,0.32404331256872326,130.11043491997285,58,EdgeGAT_full_blend_tk_tk_perproduct
7302,per_chapter,590013.458073716,1698882.284363939,-0.1174150782924146,0.3313763856828513,0.5918343828456187,123.63023784211529,90,EdgeGAT_full_blend_tk_tk_perproduct
7303,per_chapter,748233.4381973881,1414691.7542349617,-0.23816922213773006,0.030724348607268914,0.26303475935828874,129.58015173771224,33,EdgeGAT_full_blend_tk_tk_perproduct
7304,per_chapter,932277.0256393041,3678845.8706097174,-0.012548778837770058,0.2816339205708297,0.5410018847215559,114.80281524604543,378,EdgeGAT_full_blend_tk_tk_perproduct
7305,per_chapter,472176.23591499845,1162574.7644671844,-0.048675595720127696,0.18577331082852577,0.4450057930642537,127.00735820240405,137,EdgeGAT_full_blend_tk_tk_perproduct
7306,per_chapter,733895.9319518643,2215090.5683008335,-0.037952231769517786,0.1844887316267697,0.4833331641286628,118.1647237108119,287,EdgeGAT_full_blend_tk_tk_perproduct
7307,per_chapter,272479.108260021,615614.0875747078,0.4439454049898577,0.4182874663606203,0.6643305483142009,105.13933268570943,358,EdgeGAT_full_blend_tk_tk_perproduct
7308,per_chapter,1991636.1299016746,9675332.185103133,0.05460092000155703,0.17008650117028645,0.37960179374966885,111.92189684877027,176,EdgeGAT_full_blend_tk_tk_perproduct
7309,per_chapter,539130.4091825893,1129816.6863857275,0.19935767628756607,0.3230013450357747,0.6121951219512195,90.74610083139352,40,EdgeGAT_full_blend_tk_tk_perproduct
7310,per_chapter,538852.5020477216,979948.0939241053,-0.30116379654740144,0.23368447622660382,0.4728126390926106,108.23754667078884,113,EdgeGAT_full_blend_tk_tk_perproduct
7311,per_chapter,767234.6963344644,2336257.506967423,-1.9267298171061604,0.23744914501663228,0.5578375113258834,102.21930760640386,43,EdgeGAT_full_blend_tk_tk_perproduct
7312,per_chapter,483282.2123289321,1922288.7462638197,0.15020101285344445,0.3899870067353932,0.602093476144109,109.8288156378896,79,EdgeGAT_full_blend_tk_tk_perproduct
7313,per_chapter,300152.88654467696,823523.9924176685,-1.7826197678578786,-0.46714548285641455,0.0072580645161290334,116.470984844664,31,EdgeGAT_full_blend_tk_tk_perproduct
7314,per_chapter,216154.99255528365,747736.6189243303,0.0431853000097453,0.21431050906903537,0.4900110362226739,108.25482143887393,298,EdgeGAT_full_blend_tk_tk_perproduct
7315,per_chapter,136405.8335429011,479193.3825602904,0.19489372084650758,0.4191649129738203,0.6580852946739209,102.58585782097502,251,EdgeGAT_full_blend_tk_tk_perproduct
7316,per_chapter,96478.85568096621,206855.12111623838,0.13277022163177576,0.022708626383385888,0.22620967741935488,121.50511578994694,31,EdgeGAT_full_blend_tk_tk_perproduct
7317,per_chapter,862231.4840801787,1992137.9698100057,0.1972736639775452,0.20111759719220168,0.3959514170040487,115.45174922158314,39,EdgeGAT_full_blend_tk_tk_perproduct
7318,per_chapter,369835.4962665693,1676491.831497842,0.053622440583717235,0.4252139576686884,0.6543996555436978,118.25767348560856,443,EdgeGAT_full_blend_tk_tk_perproduct
7319,per_chapter,31763.064427256075,88582.18717207584,0.5586346289336481,0.4827202246308451,0.7065855178035197,99.56013770159663,65,EdgeGAT_full_blend_tk_tk_perproduct
7320,per_chapter,219630.04877360535,506971.64877300954,-0.03641246198327486,0.45186075653809044,0.6876009239411092,110.2579920049716,109,EdgeGAT_full_blend_tk_tk_perproduct
7321,per_chapter,377744.1448477729,1300122.4814881177,0.1358436589809877,0.23341722223708616,0.48010512910768044,123.6403883077005,221,EdgeGAT_full_blend_tk_tk_perproduct
7322,per_chapter,283753.1944939299,678590.942638203,-0.11450940870434967,0.12096232431056742,0.4346077252297271,120.1032818730859,77,EdgeGAT_full_blend_tk_tk_perproduct
7323,per_chapter,409403.2763036406,3395250.808561064,0.043074820403167235,0.3450673952214325,0.5348188017937464,114.7290644425704,224,EdgeGAT_full_blend_tk_tk_perproduct
7324,per_chapter,242864.46550989096,1264215.8663110426,0.07677276585788884,0.29329264679942857,0.5414740963731466,113.01376287486316,121,EdgeGAT_full_blend_tk_tk_perproduct
7325,per_chapter,335663.18891573645,696280.7581949742,0.17759846103571808,0.1338432512888562,0.45643562141777316,120.6204332340602,93,EdgeGAT_full_blend_tk_tk_perproduct
7326,per_chapter,1495499.9204481966,6968005.063590679,0.12470859259039957,0.3341561377351566,0.5747824469529916,120.86292252826311,148,EdgeGAT_full_blend_tk_tk_perproduct
7403,per_chapter,23627367.361370575,99292729.96250397,-0.05854861670961342,0.1321133800732831,0.43723176763720883,136.70453711527827,145,EdgeGAT_full_blend_tk_tk_perproduct
7404,per_chapter,18506323.847578783,51316486.671209104,-1.659613915283182,0.29500760001939763,0.6299465240641711,86.49665589880665,34,EdgeGAT_full_blend_tk_tk_perproduct
7406,per_chapter,434409.2535188226,880783.9527622224,-0.9991156491731881,-0.07894222822780073,0.3375582563417975,130.03899261357998,41,EdgeGAT_full_blend_tk_tk_perproduct
7407,per_chapter,821730.5789318527,2083209.3992957897,-0.3866194929880815,0.39225392609577436,0.689808494308342,112.10407654259787,93,EdgeGAT_full_blend_tk_tk_perproduct
7408,per_chapter,2950825.4259839184,11203449.383163374,-0.06902702519668291,0.16812962484022143,0.4820361695237231,130.42937567342616,127,EdgeGAT_full_blend_tk_tk_perproduct
7409,per_chapter,1027490.4394708889,3429450.395477539,-0.16053351976573338,0.27500020442361617,0.5851105376153217,118.76589799062162,173,EdgeGAT_full_blend_tk_tk_perproduct
7410,per_chapter,8749734.405643785,32102970.709269617,-27.530531822479034,0.24692163781644716,0.5710946263870297,142.91883876865234,81,EdgeGAT_full_blend_tk_tk_perproduct
7411,per_chapter,506030.37105175207,1948059.2794171276,-0.01613979213127914,0.30175726265205427,0.5810547240961066,112.62430646532393,113,EdgeGAT_full_blend_tk_tk_perproduct
7412,per_chapter,462810.04155188805,1016310.5682718775,0.002289124213865956,0.3269073828431842,0.5436882085735008,120.49319619446561,68,EdgeGAT_full_blend_tk_tk_perproduct
7413,per_chapter,308096.76750655007,854137.327025555,-6.653793525020497,0.29646671543542313,0.6262548262548263,101.00364312730579,36,EdgeGAT_full_blend_tk_tk_perproduct
7415,per_chapter,61823.465560946664,163299.37530847575,-0.14161812017873676,0.29392080954333866,0.5806745792620617,112.87826890076809,156,EdgeGAT_full_blend_tk_tk_perproduct
7418,per_chapter,146875.48309817514,624396.7022478383,0.05785206118747843,0.27402548478610655,0.4458759197431698,114.99819134204559,68,EdgeGAT_full_blend_tk_tk_perproduct
7419,per_chapter,330736.56789717544,727102.0569596795,-0.6181098270603547,0.34862014055300883,0.6917124542124541,124.75970404650982,64,EdgeGAT_full_blend_tk_tk_perproduct
7502,per_chapter,3757810.7468141727,9479055.370126171,-0.15142882486268272,0.17951914541628333,0.3922748659590765,133.5664476575883,38,EdgeGAT_full_blend_tk_tk_perproduct
7505,per_chapter,875104.6373184199,2409466.010471404,-0.007485242983311435,0.1694979001247361,0.38511675181357374,131.57883517561243,70,EdgeGAT_full_blend_tk_tk_perproduct
7506,per_chapter,1044646.1800358719,2727995.638978111,0.0036656067822296023,0.3993977782151221,0.7196629828208776,115.72587821962543,38,EdgeGAT_full_blend_tk_tk_perproduct
7507,per_chapter,384568.98200816754,958291.8958685795,-0.08593522261657816,0.2576834783469486,0.49719734889558775,120.09335563309722,56,EdgeGAT_full_blend_tk_tk_perproduct
7508,per_chapter,468975.4148791811,1243363.849679886,0.12397091313527153,0.1316751995934451,0.4043877551020408,128.79326803108975,49,EdgeGAT_full_blend_tk_tk_perproduct
7601,per_chapter,19109243.639501415,51641664.11661341,-0.14011576848695806,0.02893381732538869,0.27342894198916395,140.71522884323676,62,EdgeGAT_full_blend_tk_tk_perproduct
7602,per_chapter,10137205.580508238,40423664.55354554,-3.9262655356537612,0.30878095968699926,0.7074898785425101,83.50213872009078,39,EdgeGAT_full_blend_tk_tk_perproduct
7603,per_chapter,506160.3965678436,1440586.623235548,-0.17523820117053202,0.1982899438943736,0.44544287675134403,112.38901357107265,43,EdgeGAT_full_blend_tk_tk_perproduct
7604,per_chapter,1160648.4784287808,2888427.6776247867,-0.07104904630122832,0.15937224826532115,0.32135312121450127,118.96592642355235,111,EdgeGAT_full_blend_tk_tk_perproduct
7605,per_chapter,3267327.2227128325,20446598.32714188,-0.022003706109379406,0.09020837126428283,0.26230374330684186,142.16554308435676,88,EdgeGAT_full_blend_tk_tk_perproduct
7606,per_chapter,1850523.4866479363,5118815.545849754,-0.04235259893849008,0.19532182726922653,0.4930841986379315,128.59637097761268,126,EdgeGAT_full_blend_tk_tk_perproduct
7607,per_chapter,905000.2932005903,2106379.4785557315,0.5345279833720478,0.3740851155252599,0.6693405675665464,106.02093087835675,108,EdgeGAT_full_blend_tk_tk_perproduct
7608,per_chapter,262857.6003488442,627973.9098441151,-0.39265354752678316,0.3261983172724243,0.6548459747299309,113.08847524725476,68,EdgeGAT_full_blend_tk_tk_perproduct
7609,per_chapter,130437.809205588,259596.9048558476,0.6292110324837494,0.31145944993305896,0.5699383594120435,108.68634975581,37,EdgeGAT_full_blend_tk_tk_perproduct
7610,per_chapter,1006223.328823002,2997614.0731845875,0.392473527726794,0.4273333299880764,0.6475929134156981,99.51675577665057,78,EdgeGAT_full_blend_tk_tk_perproduct
7611,per_chapter,195066.27138450136,461973.5650131339,0.2938553961237891,0.5810310979867701,0.782991202346041,99.83687732240998,32,EdgeGAT_full_blend_tk_tk_perproduct
7612,per_chapter,1110562.5268294946,2142556.305310786,-0.1937462657087139,0.1506283086805923,0.3299908424908425,133.25473368192263,64,EdgeGAT_full_blend_tk_tk_perproduct
7613,per_chapter,721202.8850366296,3531821.640639764,-32.06345205774042,0.5539787611853579,0.7335043988269794,95.00684666470846,32,EdgeGAT_full_blend_tk_tk_perproduct
7614,per_chapter,695696.0713832349,1796167.275754319,-0.0945383463190399,0.2287799024591859,0.4716697502312674,115.50758848138052,47,EdgeGAT_full_blend_tk_tk_perproduct
7615,per_chapter,474853.57663175894,2770753.9801287474,0.04934256260193792,0.33063824772101535,0.563807878332506,113.02630827035142,73,EdgeGAT_full_blend_tk_tk_perproduct
7616,per_chapter,749023.3160858183,3381513.7017008113,0.05736080304593194,0.22910028703996932,0.46689786241893455,124.86118574851062,107,EdgeGAT_full_blend_tk_tk_perproduct
7801,per_chapter,1787312.7733836179,4003598.063915813,-0.16423492082682567,0.17254685485284293,0.41550199901380785,107.44057095139293,66,EdgeGAT_full_blend_tk_tk_perproduct
7804,per_chapter,104056.56272843532,244744.89979920696,-0.019826866555068934,0.1822307733526103,0.45345943301777125,125.44442200175514,51,EdgeGAT_full_blend_tk_tk_perproduct
7901,per_chapter,4212536.280757514,14778179.625527285,-0.08128626634352498,0.02646236735255325,0.22100075507652905,133.6832552772561,65,EdgeGAT_full_blend_tk_tk_perproduct
7902,per_chapter,1731675.7467737577,5979841.1663893005,-12.01403441019083,0.09312265724251079,0.5385984427141268,95.39210586889877,30,EdgeGAT_full_blend_tk_tk_perproduct
7903,per_chapter,294372.12040498987,624608.4643975645,-0.0634573133541445,0.20705476714384885,0.49363954580380776,105.78100999173417,52,EdgeGAT_full_blend_tk_tk_perproduct
7907,per_chapter,199681.70132458478,375750.8590976601,-0.2001829859997286,0.4747784824824067,0.624967824967825,115.41961898677164,36,EdgeGAT_full_blend_tk_tk_perproduct
8001,per_chapter,1360110.593925492,3105008.137457972,-0.205620755978702,0.06284160830188534,0.30439539286920403,136.57279790362443,36,EdgeGAT_full_blend_tk_tk_perproduct
8101,per_chapter,357099.2878161366,832357.5749129638,0.16184259401706014,0.1851530626309318,0.4648541552414314,121.03244862097444,88,EdgeGAT_full_blend_tk_tk_perproduct
8102,per_chapter,811995.8792638269,3097593.209582283,-0.04776650045275077,0.29573500916196716,0.5535511120964308,114.6399917253456,75,EdgeGAT_full_blend_tk_tk_perproduct
8103,per_chapter,2116131.6057366664,5235057.932833181,-8.014819733528839,0.13623989388926494,0.5314804310833806,121.16285089955032,42,EdgeGAT_full_blend_tk_tk_perproduct
8104,per_chapter,2736459.3378298157,10787003.24419226,-6.616176184746422,0.014309091102048921,0.3875517233385106,125.23941111993079,69,EdgeGAT_full_blend_tk_tk_perproduct
8105,per_chapter,1052958.6269371018,2439140.2250979147,-0.1542026003574397,0.41096131283112336,0.748859543817527,100.5287639118722,50,EdgeGAT_full_blend_tk_tk_perproduct
8108,per_chapter,1719565.7118126678,4366945.833023882,-0.08666353198603227,0.275981587533106,0.5767847699629824,121.47575786319615,61,EdgeGAT_full_blend_tk_tk_perproduct
8112,per_chapter,1061769.968671599,3895847.5952607226,-0.06747800465511133,-0.015335434501175582,0.20622924161281422,127.87291597230266,100,EdgeGAT_full_blend_tk_tk_perproduct
8201,per_chapter,68183.87964572916,228040.08841251602,0.2315275647455367,0.28707924174903254,0.5426018427739119,118.65608514410859,184,EdgeGAT_full_blend_tk_tk_perproduct
8202,per_chapter,126476.02872804244,428909.30963128136,0.25446643736336017,0.473984287476264,0.6871594025445303,109.09787687527195,214,EdgeGAT_full_blend_tk_tk_perproduct
8203,per_chapter,96943.98085478049,564410.9137064024,0.03982152395327332,0.46457798363626224,0.6797140223758625,106.8072436752181,140,EdgeGAT_full_blend_tk_tk_perproduct
8204,per_chapter,142458.77695633002,531002.4006926271,0.2172307089634714,0.5545274493566912,0.747201734895725,93.78676455129957,111,EdgeGAT_full_blend_tk_tk_perproduct
8205,per_chapter,138474.09213686426,830956.3240308388,0.0729834623261768,0.3765108688030765,0.6003797743592458,111.09537957367948,325,EdgeGAT_full_blend_tk_tk_perproduct
8206,per_chapter,230015.31350481362,981315.8274439616,0.22131138342155698,0.3181061370586403,0.5425891181988743,101.95662025388886,40,EdgeGAT_full_blend_tk_tk_perproduct
8207,per_chapter,403733.66653263813,1151602.581510031,0.04594329239437567,0.390032628091478,0.6496764709189878,114.0375408548454,332,EdgeGAT_full_blend_tk_tk_perproduct
8208,per_chapter,117639.71144811688,324617.65853827476,0.07049004739738529,0.46553410605373935,0.686586437083003,101.32883379226381,163,EdgeGAT_full_blend_tk_tk_perproduct
8209,per_chapter,20410182.2161517,103967088.05866364,-518.1211613030771,0.45960619170434913,0.7048796791443851,135.7763146614943,33,EdgeGAT_full_blend_tk_tk_perproduct
8210,per_chapter,161350.48421083877,389569.1610596627,0.30999273432954,0.37771767096476405,0.6273395721925134,106.09936096002752,33,EdgeGAT_full_blend_tk_tk_perproduct
8211,per_chapter,96474.63293255921,409139.0835699898,0.18069965049625225,0.4621378475615283,0.6744359950044437,112.67617006276768,200,EdgeGAT_full_blend_tk_tk_perproduct
8212,per_chapter,439325.33282358816,1213581.4042635616,-0.04442876277650565,0.1423084065281779,0.47718365061590146,141.43273958381724,95,EdgeGAT_full_blend_tk_tk_perproduct
8213,per_chapter,146496.67963968246,654360.0728162234,0.40080131554454224,0.5610204768150097,0.7423076923076924,109.46674832654269,39,EdgeGAT_full_blend_tk_tk_perproduct
8214,per_chapter,84763.38942874741,398063.2865599793,0.28645626741788877,0.48841985370926533,0.6602820282028202,112.34677215627322,100,EdgeGAT_full_blend_tk_tk_perproduct
8215,per_chapter,152617.06935969813,986889.5694496807,0.06133726327836808,0.39172680985794683,0.6541793175809975,104.29748038955799,134,EdgeGAT_full_blend_tk_tk_perproduct
8301,per_chapter,278156.13672689017,1254520.2889018436,0.07108999883810707,0.45084097640252996,0.6596241325269069,113.18530857964393,239,EdgeGAT_full_blend_tk_tk_perproduct
8302,per_chapter,544193.4038862594,2377671.233494563,0.14048566840099697,0.46545974376867993,0.6672732467064242,104.37919822492697,298,EdgeGAT_full_blend_tk_tk_perproduct
8303,per_chapter,169046.4407891904,593268.4491872669,0.4204421299875988,0.5550230003554987,0.7325746799431009,110.48540630544845,37,EdgeGAT_full_blend_tk_tk_perproduct
8304,per_chapter,84945.7608630518,263825.3468444932,0.2899158568688147,0.1535536167415512,0.49665775401069523,113.72385735405987,33,EdgeGAT_full_blend_tk_tk_perproduct
8305,per_chapter,94629.37288351655,344628.0715364451,0.13567877496126446,0.3820400826724224,0.6118438721613797,115.4860036941306,93,EdgeGAT_full_blend_tk_tk_perproduct
8306,per_chapter,153998.4170144922,927266.5267289412,0.08136876283908545,0.3315942427129155,0.6152801217746843,107.00247101364522,135,EdgeGAT_full_blend_tk_tk_perproduct
8307,per_chapter,257199.81359246807,592475.1827730482,0.04527021416960342,0.4984833764107688,0.7577619921781468,113.36313577517355,67,EdgeGAT_full_blend_tk_tk_perproduct
8308,per_chapter,323306.6689015738,992437.2188056688,0.011910277698138905,0.362627237516839,0.6152308570926505,121.8684902387161,103,EdgeGAT_full_blend_tk_tk_perproduct
8309,per_chapter,909040.5334698177,2284977.5675592893,-0.06931277030098237,0.15249474394783424,0.36289335664335665,124.47818571716557,65,EdgeGAT_full_blend_tk_tk_perproduct
8310,per_chapter,209027.2673530767,631247.0472202401,-0.8357920562079828,0.50160067779553,0.7277601488127805,95.40434091157115,38,EdgeGAT_full_blend_tk_tk_perproduct
8311,per_chapter,268831.5084888709,705389.9870702692,0.051855052192102735,0.3403005968008497,0.5940524623119796,113.94590625854381,136,EdgeGAT_full_blend_tk_tk_perproduct
8401,per_chapter,10609810.281678757,42617309.46527743,-0.0638397188336306,0.20397597013147484,0.5309716599190284,125.07261630534457,39,EdgeGAT_full_blend_tk_tk_perproduct
8402,per_chapter,430939.3815881272,1702075.1907278176,0.008384320024080405,0.18437027097603964,0.48343413097826626,126.30229842316716,118,EdgeGAT_full_blend_tk_tk_perproduct
8403,per_chapter,819673.9449377283,1743888.9834232964,-0.20650299018010077,0.02775214085661515,0.43350930814115046,126.4810018696889,60,EdgeGAT_full_blend_tk_tk_perproduct
8404,per_chapter,193206.8733930635,614063.2533797637,0.1907209027134409,0.16452904939346547,0.4558756016290262,104.73431752955224,74,EdgeGAT_full_blend_tk_tk_perproduct
8405,per_chapter,200251.6033410135,369664.86429059884,-0.5479057669418517,0.21664055933502036,0.5337848734075149,106.39741146631762,53,EdgeGAT_full_blend_tk_tk_perproduct
8406,per_chapter,2466915.758184451,9937468.670457758,-0.05372204209841369,0.2328536640591813,0.5137568566973432,149.71657510634847,65,EdgeGAT_full_blend_tk_tk_perproduct
8407,per_chapter,1977714.2949290434,8549397.235068833,-0.0483465969676502,0.20485006122220173,0.4819190816730915,124.24416658518763,222,EdgeGAT_full_blend_tk_tk_perproduct
8408,per_chapter,1942336.492066382,6303714.898458178,0.05136724247514313,0.509440268949641,0.6911764705882354,99.98424037426805,103,EdgeGAT_full_blend_tk_tk_perproduct
8409,per_chapter,2003204.810682779,5450156.825139105,0.04113839653126361,0.36265084910044965,0.6442907375516778,127.96229846912897,119,EdgeGAT_full_blend_tk_tk_perproduct
8410,per_chapter,208409.31444822907,638754.47529865,-0.050085257572545894,0.28759957207491205,0.5891723527132217,124.57867715817082,69,EdgeGAT_full_blend_tk_tk_perproduct
8411,per_chapter,12736355.653833762,36755558.27424996,-0.07341770421884797,0.225409916522333,0.5212192562916727,139.7095048761752,187,EdgeGAT_full_blend_tk_tk_perproduct
8412,per_chapter,577964.7706858877,1371572.5740597663,0.10988549634662925,0.4353736766921462,0.6746764825959901,107.5962567571408,238,EdgeGAT_full_blend_tk_tk_perproduct
8413,per_chapter,650704.086627284,2251629.260994898,0.06855482731301943,0.36752570797761164,0.621154232694857,112.60704511675597,436,EdgeGAT_full_blend_tk_tk_perproduct
8414,per_chapter,1123167.8112557204,4208452.349789354,0.09437970344648716,0.39932430517141193,0.6333150249316538,114.24552565568547,343,EdgeGAT_full_blend_tk_tk_perproduct
8415,per_chapter,1418957.8435789424,6046383.731123085,0.15196006079910174,0.2918237891254424,0.5378224780760131,117.91135670473456,214,EdgeGAT_full_blend_tk_tk_perproduct
8416,per_chapter,142851.97733111167,300958.38257481664,0.06572120051600217,0.43361049572997656,0.6715904908659698,111.09569815181834,113,EdgeGAT_full_blend_tk_tk_perproduct
8417,per_chapter,426604.110309245,1132822.0508640802,0.21396931649041084,0.5011036862276149,0.733176186238678,105.52658873511713,124,EdgeGAT_full_blend_tk_tk_perproduct
8418,per_chapter,723848.7443668324,2271870.9256866877,0.2611038551913297,0.30960704633487335,0.5431119167844919,115.45744610459114,345,EdgeGAT_full_blend_tk_tk_perproduct
8419,per_chapter,655895.899500684,1636325.0663419017,0.14588419872565672,0.43096461186294954,0.6813602350056499,110.96969937894721,363,EdgeGAT_full_blend_tk_tk_perproduct
8420,per_chapter,420391.84667099704,2339321.880714518,-0.033342353634306265,0.3255572111501295,0.6092404429104292,112.33818211913001,87,EdgeGAT_full_blend_tk_tk_perproduct
8421,per_chapter,821844.6666352958,2681782.6669801017,0.07028193120295234,0.36757582899755503,0.6030654080826052,121.69245198424163,393,EdgeGAT_full_blend_tk_tk_perproduct
8422,per_chapter,1013394.6644193889,2749884.36029558,-0.2503161932960063,0.33937903084686527,0.637276499966393,116.60257001387582,208,EdgeGAT_full_blend_tk_tk_perproduct
8423,per_chapter,134533.46614834704,444578.06917758053,0.2277114687548546,0.34335049891393554,0.619897624025787,103.67036290838934,241,EdgeGAT_full_blend_tk_tk_perproduct
8424,per_chapter,377312.49275316996,900494.3618233799,0.3325028121166631,0.45485081313600806,0.6965980319284288,106.78644441798009,286,EdgeGAT_full_blend_tk_tk_perproduct
8425,per_chapter,197454.78710605897,619778.8950253373,0.20957427071056922,0.4105073215209327,0.6554897464922468,103.66235534440844,239,EdgeGAT_full_blend_tk_tk_perproduct
8426,per_chapter,1219300.181353849,3395263.127581346,-0.04924008973519389,0.21828990853195818,0.49772526168069714,108.94967690514406,235,EdgeGAT_full_blend_tk_tk_perproduct
8427,per_chapter,1384466.2345261083,3472742.3785238415,0.13133819469415453,0.4546532858665523,0.6473606145980488,100.80018372912116,110,EdgeGAT_full_blend_tk_tk_perproduct
8428,per_chapter,852978.8988970828,2108147.7430166584,0.03942686385777472,0.2715461490232848,0.558200056893038,116.76409060474104,252,EdgeGAT_full_blend_tk_tk_perproduct
8429,per_chapter,2003435.6199784998,8919650.443229161,-0.020607684655587377,0.08263534881783563,0.3222846299481833,100.780274897041,240,EdgeGAT_full_blend_tk_tk_perproduct
8430,per_chapter,823796.6848460437,3272572.356834131,-0.030903381894552773,0.2117707035459413,0.5007353006003779,99.64145973758471,239,EdgeGAT_full_blend_tk_tk_perproduct
8431,per_chapter,1196372.9979452412,4093681.1756806765,0.04469041915727856,0.3723794536489511,0.6372077400559096,112.84416451961175,291,EdgeGAT_full_blend_tk_tk_perproduct
8432,per_chapter,308593.2927440097,649564.6357364451,-0.14414981674798555,0.2839831545261401,0.5970072091448223,108.73392707250092,237,EdgeGAT_full_blend_tk_tk_perproduct
8433,per_chapter,757169.5418169128,1743249.9000671979,0.03774012920806891,0.4014711799796463,0.6557880726443504,120.11880904380898,296,EdgeGAT_full_blend_tk_tk_perproduct
8434,per_chapter,4146750.162879573,19191328.679383893,-616.6696086679365,-0.16188669374152598,0.37849731596575925,116.28021635666926,78,EdgeGAT_full_blend_tk_tk_perproduct
8435,per_chapter,57136.25155448424,126116.63022682372,0.04804867611814878,0.24998262287189654,0.6160853821231179,103.69297363429983,54,EdgeGAT_full_blend_tk_tk_perproduct
8436,per_chapter,325279.5859496601,650719.7541132498,-0.10848904643163837,0.33399729359349406,0.6153222637370033,117.8226843482352,175,EdgeGAT_full_blend_tk_tk_perproduct
8437,per_chapter,138066.78602073411,294931.674505833,0.42966340721237006,0.2718741096612173,0.559406200627684,95.26212226627977,95,EdgeGAT_full_blend_tk_tk_perproduct
8438,per_chapter,408383.57283515215,932759.6894509282,-0.012178996072681025,0.33357077284635084,0.5907906973416739,111.22794291323453,255,EdgeGAT_full_blend_tk_tk_perproduct
8439,per_chapter,325807.0399771133,767152.4074557647,0.07375699359406052,0.24256339739803512,0.5622067007790055,120.38440622116953,125,EdgeGAT_full_blend_tk_tk_perproduct
8440,per_chapter,113723.87727506077,230343.4846881672,-0.9350035453996102,0.30901032356105407,0.6245310245310246,92.4793656593162,55,EdgeGAT_full_blend_tk_tk_perproduct
8441,per_chapter,525080.7324499735,1383866.8473986387,-0.11803837089809366,0.32563409333177873,0.6212393103213554,116.63360945930003,173,EdgeGAT_full_blend_tk_tk_perproduct
8442,per_chapter,110329.51815642203,196054.13383005565,-0.14584338715741452,0.22974741680906074,0.5200608764996021,103.00910870163395,93,EdgeGAT_full_blend_tk_tk_perproduct
8443,per_chapter,1561849.9256036987,6785563.627784664,-0.018262173835675632,0.26699589799507617,0.5823195086409295,116.89080438130357,379,EdgeGAT_full_blend_tk_tk_perproduct
8445,per_chapter,733288.3079402877,3924504.3081259667,-0.03063572357044264,0.15423836176804628,0.4260858607847609,122.33479235887702,137,EdgeGAT_full_blend_tk_tk_perproduct
8446,per_chapter,826076.9776193608,3347177.2277689376,-0.05669168499435728,0.05799092345525547,0.4276266193086031,130.9698325265875,68,EdgeGAT_full_blend_tk_tk_perproduct
8447,per_chapter,279572.31527128,787986.4841449799,0.2186195910860813,0.2672495623773896,0.5078515104246893,109.68060694363717,85,EdgeGAT_full_blend_tk_tk_perproduct
8448,per_chapter,233586.1660521158,1017181.9437146336,-0.037025977292457934,0.1536838205589024,0.4722127433831201,117.16014267770112,249,EdgeGAT_full_blend_tk_tk_perproduct
8450,per_chapter,549621.5172554015,2164893.60319572,0.0856171300777957,0.2891549046317904,0.5386792541610849,118.7866499176106,161,EdgeGAT_full_blend_tk_tk_perproduct
8451,per_chapter,196769.94190140732,580082.1513408343,0.08700229996542863,0.34197333271448405,0.6237011095955816,111.84219858024854,242,EdgeGAT_full_blend_tk_tk_perproduct
8452,per_chapter,231453.26265670717,701900.0861521455,0.06683970540665185,0.3052215849013046,0.5857449064936604,123.43057885913214,158,EdgeGAT_full_blend_tk_tk_perproduct
8453,per_chapter,142112.8333694167,439405.76002896397,-0.10759871891031847,0.2868339998830357,0.5911551310823218,104.88478680601658,98,EdgeGAT_full_blend_tk_tk_perproduct
8454,per_chapter,529293.27447055,1616920.8624565867,0.0241349673947423,0.28887645096273584,0.5481769279254887,127.3062940363294,90,EdgeGAT_full_blend_tk_tk_perproduct
8455,per_chapter,710153.6122783477,1547957.1976790922,-0.015053245582485886,0.30402531673286837,0.5707823331746783,126.69732426499061,104,EdgeGAT_full_blend_tk_tk_perproduct
8456,per_chapter,746849.8741905027,3168969.68091664,-0.010679160339222227,0.26250357307698713,0.5955365560527414,117.77181208677364,162,EdgeGAT_full_blend_tk_tk_perproduct
8457,per_chapter,4250328.012531323,13159258.358792627,-1.0869223469912495,-0.12875026731323103,0.40220064189268917,121.89783732479877,60,EdgeGAT_full_blend_tk_tk_perproduct
8458,per_chapter,878654.8914232338,3610217.3279148843,-0.023581286325500272,0.28146962023826105,0.5963590937209172,103.1582038939155,105,EdgeGAT_full_blend_tk_tk_perproduct
8459,per_chapter,176007.75524270436,696914.8815495592,0.00040029968807964167,0.2922121584534486,0.5732152964494979,111.051478538771,267,EdgeGAT_full_blend_tk_tk_perproduct
8460,per_chapter,362355.59436315106,1103639.2863173182,-0.12325777536805416,0.3751538345010387,0.6777059787317922,103.85937574371012,222,EdgeGAT_full_blend_tk_tk_perproduct
8461,per_chapter,228489.5864508293,891640.8352557969,-0.0074517960965589936,0.34758417436705225,0.6075317924251633,113.71907135698737,126,EdgeGAT_full_blend_tk_tk_perproduct
8462,per_chapter,444266.95998248336,1315807.260095653,0.017587055555275066,0.4303447651436404,0.6828523096394293,102.0129365916709,220,EdgeGAT_full_blend_tk_tk_perproduct
8463,per_chapter,368647.26220182446,785896.1476842455,-0.3699431454486213,0.28634658275708436,0.6581215687705941,115.22718169395824,97,EdgeGAT_full_blend_tk_tk_perproduct
8464,per_chapter,576770.9903321349,2068476.429729667,-11.546873216693273,0.4079200623029777,0.7351582688602953,104.89901167637437,96,EdgeGAT_full_blend_tk_tk_perproduct
8465,per_chapter,260307.8039165604,710259.0825076976,0.045173143192026255,0.40426024972994323,0.6624665997794993,109.02207981036682,260,EdgeGAT_full_blend_tk_tk_perproduct
8466,per_chapter,654430.1618432663,1882006.6408692517,-1.675636842369499,0.4813749544902154,0.7373025210007251,105.45706867139069,235,EdgeGAT_full_blend_tk_tk_perproduct
8467,per_chapter,406545.4058595106,2005923.7378073593,0.11462299227881101,0.4964929989386244,0.7180500980880513,108.04319950890462,341,EdgeGAT_full_blend_tk_tk_perproduct
8468,per_chapter,71607.18380462036,162286.4538092924,0.2627173983155662,0.46348348626456803,0.6965405283661347,107.05499973494304,120,EdgeGAT_full_blend_tk_tk_perproduct
8470,per_chapter,339837.07484905043,1603241.3380921073,-0.0041148604613785444,0.24780562013562168,0.4762000956555335,123.26361555991257,166,EdgeGAT_full_blend_tk_tk_perproduct
8471,per_chapter,6572189.8713151915,45833848.84699289,0.0713865650828045,0.6136055452399807,0.7914742691765124,100.88408167051728,328,EdgeGAT_full_blend_tk_tk_perproduct
8472,per_chapter,429947.0017851904,1160642.753365563,-0.16399834111414924,-0.0037366519124073516,0.32162977867203213,124.38709728978283,71,EdgeGAT_full_blend_tk_tk_perproduct
8473,per_chapter,4281436.816528251,21833611.23862395,0.12079924273271858,0.38982759367158015,0.6641625581881391,119.8884478800426,178,EdgeGAT_full_blend_tk_tk_perproduct
8474,per_chapter,462584.528266723,1401334.860143157,0.15167474082353716,0.32386809210780443,0.6023803832737576,104.51957277101063,235,EdgeGAT_full_blend_tk_tk_perproduct
8475,per_chapter,1853486.4819063202,5855298.5568921985,-0.09473528425589994,0.13283087861773546,0.4644611907856816,145.39054358004293,73,EdgeGAT_full_blend_tk_tk_perproduct
8476,per_chapter,318858.8645291554,831938.5014728158,-0.4874664940644886,0.3260240778772192,0.5711665794396511,109.61358864582687,108,EdgeGAT_full_blend_tk_tk_perproduct
8477,per_chapter,1032183.0888876389,3220354.4681732035,0.06360613851458474,0.3756942770895386,0.6493525517742615,111.63014881103433,237,EdgeGAT_full_blend_tk_tk_perproduct
8478,per_chapter,416996.4209689459,993496.6442950666,-0.22972186178603637,0.053257600005938044,0.2797308754220471,139.53418326813903,55,EdgeGAT_full_blend_tk_tk_perproduct
8479,per_chapter,1330001.0226390376,5736853.224398409,-0.01715861508133032,0.2516167195922119,0.5250301765790133,117.0838332646053,354,EdgeGAT_full_blend_tk_tk_perproduct
8480,per_chapter,465515.8790836189,2123176.2059844877,0.011530671762919109,0.2936852189864396,0.5937347551785361,115.14146957620679,260,EdgeGAT_full_blend_tk_tk_perproduct
8481,per_chapter,1955647.3838030435,8012887.291074779,0.05082002218320347,0.5463962517433263,0.7670340561503554,107.42017921465876,241,EdgeGAT_full_blend_tk_tk_perproduct
8482,per_chapter,649785.3043720075,2040383.8650605022,-0.018040004860552683,0.41914406987628383,0.6564582129808262,112.49350212821518,283,EdgeGAT_full_blend_tk_tk_perproduct
8483,per_chapter,805599.5962435656,2443512.4698221236,0.18075127864482132,0.5340454206700451,0.7723022852565776,105.54847027307883,273,EdgeGAT_full_blend_tk_tk_perproduct
8484,per_chapter,269229.5990796807,584516.418223873,0.4327483669913097,0.39653288247434315,0.6411059860710907,104.69548560704385,118,EdgeGAT_full_blend_tk_tk_perproduct
8486,per_chapter,55904265.60466121,157850989.78701165,-0.7308268818968344,0.19517369985149702,0.5863326413368265,139.41139066728186,105,EdgeGAT_full_blend_tk_tk_perproduct
8487,per_chapter,621292.4108892591,1762713.544033928,0.1404908900939712,0.2548727000102823,0.690710932260228,111.23995034439369,71,EdgeGAT_full_blend_tk_tk_perproduct
8501,per_chapter,652354.5675329108,2239381.75782304,0.09501247138408553,0.4485508545875907,0.6810827551857636,107.92319303144684,480,EdgeGAT_full_blend_tk_tk_perproduct
8502,per_chapter,914261.9879026299,3129848.783794767,0.01902637490388126,0.19235335180381863,0.47824479597930253,112.02517531162752,224,EdgeGAT_full_blend_tk_tk_perproduct
8503,per_chapter,2085297.4672537409,6671957.155318233,0.34341064220376216,0.4963026452368381,0.7151969981238274,112.74732852778668,40,EdgeGAT_full_blend_tk_tk_perproduct
8504,per_chapter,2361266.6841865764,12450464.300129322,0.004284843867516264,0.3145339204853018,0.5724479031859742,117.06019494269775,385,EdgeGAT_full_blend_tk_tk_perproduct
8505,per_chapter,910606.8643136695,3215754.477851428,-0.1430500337186782,0.5194670140207646,0.7440295895999166,112.88997292879101,137,EdgeGAT_full_blend_tk_tk_perproduct
8506,per_chapter,589696.9903599938,1635560.0285888715,-0.2456754734600488,0.20140580111403694,0.5109283196239718,125.0369867488695,185,EdgeGAT_full_blend_tk_tk_perproduct
8507,per_chapter,3142132.041128357,27851305.421249144,0.0018635852334315528,0.3140184004757324,0.5899333161392875,119.36885213554696,243,EdgeGAT_full_blend_tk_tk_perproduct
8508,per_chapter,600101.5290953853,3125820.735825792,0.04910394473855717,0.3914231200844268,0.6343728069111058,112.49449665403155,132,EdgeGAT_full_blend_tk_tk_perproduct
8509,per_chapter,1195722.6427696035,4890279.60781088,0.23396002112167869,0.5592834205930097,0.7744915878583442,116.88355729156767,109,EdgeGAT_full_blend_tk_tk_perproduct
8510,per_chapter,417237.41189069283,1138370.2300677807,0.045415795972827855,0.510684661600412,0.6976845799022535,118.88000012365167,121,EdgeGAT_full_blend_tk_tk_perproduct
8511,per_chapter,392614.24442802207,1193086.962522782,0.04092170882463442,0.39223019099066003,0.6241612113390657,112.43692766097293,251,EdgeGAT_full_blend_tk_tk_perproduct
8512,per_chapter,606265.0739873118,2243166.750857716,0.04462308631699052,0.3994144529244743,0.6325500577214985,130.1959591778707,171,EdgeGAT_full_blend_tk_tk_perproduct
8513,per_chapter,656766.762972678,2851086.1610265914,-0.35934742055759394,0.30141962026383207,0.6032051282051281,116.78649279771847,64,EdgeGAT_full_blend_tk_tk_perproduct
8514,per_chapter,353647.54274136573,1134589.6745239785,0.09922672281261002,0.4565103508159193,0.6630942562620735,104.34645065674056,160,EdgeGAT_full_blend_tk_tk_perproduct
8515,per_chapter,296451.2507974326,796459.0334639113,0.11036342606362759,0.41987555821247236,0.6692736805071635,112.6449192837246,266,EdgeGAT_full_blend_tk_tk_perproduct
8516,per_chapter,714380.5730737917,3222098.3355468595,0.14872151037998627,0.4417155254769459,0.6649815438939388,120.44719701965603,486,EdgeGAT_full_blend_tk_tk_perproduct
8517,per_chapter,13790993.827135153,94168015.00505036,0.015361104385715363,0.37304254025431616,0.6130462987697927,124.48786628889192,269,EdgeGAT_full_blend_tk_tk_perproduct
8518,per_chapter,803888.1244828211,2870424.313375218,0.31473250168404343,0.5960564602489598,0.7765068080260731,104.23702213500572,294,EdgeGAT_full_blend_tk_tk_perproduct
8519,per_chapter,310954.923267128,1086132.774470807,-0.267147072777441,0.21579088952015102,0.5408221359076717,124.49099735082892,106,EdgeGAT_full_blend_tk_tk_perproduct
8521,per_chapter,655324.0171677247,2343746.348689106,-0.02339694121898317,0.32765055765527007,0.5880036630036629,127.79557522304819,64,EdgeGAT_full_blend_tk_tk_perproduct
8522,per_chapter,532059.5819487504,1395116.984517128,0.36156723118412193,0.3661812454409149,0.609594036139697,118.99636994616172,42,EdgeGAT_full_blend_tk_tk_perproduct
8523,per_chapter,1371277.2127453063,5686500.003014839,0.015637462831739057,0.4348200826325386,0.6734669554395724,121.8702283499625,288,EdgeGAT_full_blend_tk_tk_perproduct
8525,per_chapter,1979865.2043895822,9295093.201671116,0.011614376707510532,0.4397437848732215,0.6778124636804193,115.83109946227754,111,EdgeGAT_full_blend_tk_tk_perproduct
8526,per_chapter,1241628.9268832172,3808580.12446625,-0.15008354948049796,0.5634835027119088,0.7829948725173176,105.21111727126534,114,EdgeGAT_full_blend_tk_tk_perproduct
8527,per_chapter,266582.0155577514,1308914.5645515409,-0.004311858467073826,0.2890499876957051,0.5735325913775943,124.14972161603967,227,EdgeGAT_full_blend_tk_tk_perproduct
8528,per_chapter,1511370.6901486178,8009278.166874426,-0.01311983492985247,0.2848566061201161,0.5506882731532236,117.01804417854879,309,EdgeGAT_full_blend_tk_tk_perproduct
8529,per_chapter,4246848.621462376,15185712.353820989,0.3125520957238319,0.5355957944199234,0.760855695900202,102.30888560965413,81,EdgeGAT_full_blend_tk_tk_perproduct
8530,per_chapter,289869.51851519034,540734.6773438384,-0.7131958694039469,0.26700544798196646,0.613579624744732,112.12497606581296,80,EdgeGAT_full_blend_tk_tk_perproduct
8531,per_chapter,1333801.2085868036,5311003.782547573,-7.100808874662373,0.49223982239746045,0.7386166458648694,103.16794707866445,142,EdgeGAT_full_blend_tk_tk_perproduct
8532,per_chapter,2742615.883081717,12511890.827203393,-0.005656308881686556,0.2588704598128251,0.5702389664107214,131.9872751357385,236,EdgeGAT_full_blend_tk_tk_perproduct
8533,per_chapter,765909.6816518499,2217586.9835114474,0.1162190658815122,0.4613274829818469,0.7131953382320457,123.26566419392387,196,EdgeGAT_full_blend_tk_tk_perproduct
8534,per_chapter,59224651.3146207,318451821.8746418,-110.01558887557654,0.6491857838800754,0.8252613240418121,119.75068788324934,41,EdgeGAT_full_blend_tk_tk_perproduct
8535,per_chapter,278928.1171595358,766548.1588954291,0.08260992615669116,0.3529843534440723,0.5801928431341615,108.78170184597245,198,EdgeGAT_full_blend_tk_tk_perproduct
8536,per_chapter,1366266.826500283,5417944.075128583,0.13090736169862915,0.4738605276765715,0.6910277798665638,115.81560271713333,395,EdgeGAT_full_blend_tk_tk_perproduct
8537,per_chapter,2562329.914474475,8081114.277230945,0.2680139553323564,0.4628506573202805,0.6499020432694101,111.83444162884516,81,EdgeGAT_full_blend_tk_tk_perproduct
8538,per_chapter,1888285.1200842473,5302003.040415427,0.1521387772254199,0.42052293382161043,0.6726417866588306,115.6840224075238,82,EdgeGAT_full_blend_tk_tk_perproduct
8539,per_chapter,232087.16793917664,1825379.2900720474,0.05220657630706271,0.47223153713533905,0.6773826910567909,112.72764322473773,372,EdgeGAT_full_blend_tk_tk_perproduct
8540,per_chapter,294816.2218742455,744655.4464103194,-0.09465863749073855,0.12325214962537623,0.492263680585665,127.1982839892921,186,EdgeGAT_full_blend_tk_tk_perproduct
8541,per_chapter,9242900.397682978,34501998.27934073,-0.6100375328717367,0.4282995347955908,0.6669700976882303,123.5053268323596,210,EdgeGAT_full_blend_tk_tk_perproduct
8542,per_chapter,115153449.28483169,490206365.61100394,-5.471204851276107,0.5534454072649212,0.7423706336209205,127.78976156605198,168,EdgeGAT_full_blend_tk_tk_perproduct
8543,per_chapter,2003083.4942042567,8258443.585312997,0.05292103920943281,0.3952521381338604,0.6946629887417589,115.50422391052699,169,EdgeGAT_full_blend_tk_tk_perproduct
8544,per_chapter,2237583.80030519,8581379.061800268,0.01629281684138517,0.295219086229072,0.5149512398821382,122.83815417427708,312,EdgeGAT_full_blend_tk_tk_perproduct
8545,per_chapter,1020013.7447589934,3813595.122692181,0.03938515505799822,0.3955037361146735,0.6191067474657094,121.80241034562589,116,EdgeGAT_full_blend_tk_tk_perproduct
8546,per_chapter,201654.25025286275,470036.1913052891,-0.013561998057566083,0.2885885019128942,0.5504086927798493,110.8064600623697,85,EdgeGAT_full_blend_tk_tk_perproduct
8547,per_chapter,500401.3333839639,1432083.1595240182,-0.17857973618686973,0.44296690243978054,0.6567800921209944,117.9821564662534,96,EdgeGAT_full_blend_tk_tk_perproduct
8548,per_chapter,3587974.729314971,12391091.098551473,-4.721872390824347,0.13956316746584996,0.47768824673520427,114.78248227153969,60,EdgeGAT_full_blend_tk_tk_perproduct
8606,per_chapter,4745573.25953052,14189249.96297806,-0.09614965659775487,0.26032192243788044,0.5667707082833132,138.04226821206018,50,EdgeGAT_full_blend_tk_tk_perproduct
8607,per_chapter,920094.9536246097,2843120.1437168447,-0.09278987990043608,0.20899522212198818,0.5012263287643993,124.1029693954624,164,EdgeGAT_full_blend_tk_tk_perproduct
8609,per_chapter,1833488.0260699536,7976595.349144065,0.5866091310534879,0.4812232912765506,0.6576655052264809,101.204574970744,41,EdgeGAT_full_blend_tk_tk_perproduct
8701,per_chapter,2114414.07720054,7434981.810854007,-0.03421448052892062,0.17926468589853606,0.4561080906136131,120.55957036014011,206,EdgeGAT_full_blend_tk_tk_perproduct
8702,per_chapter,1991221.1833141309,4634616.885484884,-0.03163413566190276,0.010180280677937303,0.23803541565062708,124.9021918820038,104,EdgeGAT_full_blend_tk_tk_perproduct
8703,per_chapter,7967213.104097296,28377270.333942994,-0.03194656745483515,0.3359334888951967,0.6225823461329668,113.5010386945171,427,EdgeGAT_full_blend_tk_tk_perproduct
8704,per_chapter,4041360.895545419,17728243.035601586,-0.017346497450749565,0.3101806604762317,0.5960574139049856,110.5503997223352,210,EdgeGAT_full_blend_tk_tk_perproduct
8705,per_chapter,859667.4357962805,1962099.0102542078,0.0422474048993301,0.14719935295108655,0.47676966796392073,91.39677774827922,121,EdgeGAT_full_blend_tk_tk_perproduct
8706,per_chapter,770775.521507121,1591469.668963802,-0.13613983232088467,0.03456659813097951,0.29516129032258065,123.41968764997253,31,EdgeGAT_full_blend_tk_tk_perproduct
8707,per_chapter,3894061.2143717366,15433036.613010917,-0.0640872492540081,0.2238893434702367,0.43923312031119766,134.25212719198058,60,EdgeGAT_full_blend_tk_tk_perproduct
8708,per_chapter,2091838.1060856879,7994848.0069944775,0.03332257700339236,0.422037682174051,0.6567214487817402,122.92627475275992,538,EdgeGAT_full_blend_tk_tk_perproduct
8709,per_chapter,250016.96118272963,447457.0728187485,-0.1195329658054336,0.13755422010019003,0.3952491318074428,123.96099552231772,74,EdgeGAT_full_blend_tk_tk_perproduct
8711,per_chapter,1178718.2773098883,4053766.378555011,-0.0064433894410751424,0.2051242647493473,0.5612729760400401,123.63965110870465,205,EdgeGAT_full_blend_tk_tk_perproduct
8712,per_chapter,750064.4902395712,1621332.1348407278,0.8004702259681283,0.26716719852205895,0.6082722398511872,122.18856179537536,38,EdgeGAT_full_blend_tk_tk_perproduct
8713,per_chapter,252409.41344618858,684030.1552912523,0.4355320358306465,0.30168306528236777,0.5918210535302654,120.19901559661224,52,EdgeGAT_full_blend_tk_tk_perproduct
8714,per_chapter,585294.0593813482,2830952.268554318,0.07877662050339118,0.29534779220617924,0.5625963651162569,127.23852638831563,265,EdgeGAT_full_blend_tk_tk_perproduct
8715,per_chapter,634214.1022811355,1977616.032966165,0.07502857732575718,0.4422752319513099,0.6748663101604278,124.91699492190193,34,EdgeGAT_full_blend_tk_tk_perproduct
8716,per_chapter,912258.4437175146,2319305.566908664,-0.12007377277501541,0.2100500029314416,0.5026403445379636,110.9329136560009,227,EdgeGAT_full_blend_tk_tk_perproduct
8802,per_chapter,17643691.683545873,66917088.04697261,-0.033434561373948624,0.2396772671427364,0.4586796496628525,130.79566089626564,124,EdgeGAT_full_blend_tk_tk_perproduct
8803,per_chapter,17542910.267858237,85464489.34791139,-75.1260209886817,0.12817208366469357,0.4892686336157334,117.00585203606768,137,EdgeGAT_full_blend_tk_tk_perproduct
8805,per_chapter,532687.5237820486,1498182.7744916324,-1.7954483162060018,-0.004562100907901101,0.2923247673525143,112.57820440053838,52,EdgeGAT_full_blend_tk_tk_perproduct
8901,per_chapter,42837046.48146765,133058743.87947528,-0.0786259696488576,0.24366349511218954,0.5260249342730232,141.6184236266073,61,EdgeGAT_full_blend_tk_tk_perproduct
8903,per_chapter,1414999.4965224992,5587311.114263082,-0.032269727666370596,0.1682645612015886,0.48898234353444003,115.82454466294993,99,EdgeGAT_full_blend_tk_tk_perproduct
8905,per_chapter,14658471.17830063,62605423.403976955,-0.013183424613711248,0.011318478184024094,0.029249011857707508,136.0737636030089,45,EdgeGAT_full_blend_tk_tk_perproduct
8907,per_chapter,260948.13991197414,589985.5862916411,-0.13578043767627257,0.198451627402081,0.44631921155867743,110.0091731645959,64,EdgeGAT_full_blend_tk_tk_perproduct
9001,per_chapter,2228500.7543269796,8510388.97010089,-0.011626952976223848,0.38225400458888215,0.627594619873651,131.8691128054755,168,EdgeGAT_full_blend_tk_tk_perproduct
9002,per_chapter,1053209.4897799955,3158665.365901454,0.1245467438048784,0.5333173192151908,0.7506180221800568,118.20079500048519,124,EdgeGAT_full_blend_tk_tk_perproduct
9003,per_chapter,7034727.192507987,37651938.1507818,-370.4271534146465,0.4306559564989918,0.7022328593331769,120.77963027709163,99,EdgeGAT_full_blend_tk_tk_perproduct
9004,per_chapter,1577789.3722288504,5460755.742174919,-0.7962145798661444,0.5408382949110652,0.7664030046246636,103.82826655553498,78,EdgeGAT_full_blend_tk_tk_perproduct
9005,per_chapter,827230.4413096339,3365884.8433414055,-46.6208962270838,0.3291588285408428,0.6811987445580643,110.43032034097308,84,EdgeGAT_full_blend_tk_tk_perproduct
9006,per_chapter,315207.1071541427,1576892.2633331353,0.15495062934362225,0.4676039769108171,0.6801915244547814,108.61917228867028,208,EdgeGAT_full_blend_tk_tk_perproduct
9007,per_chapter,141115.59039210534,453154.6634046114,-0.3667491381619399,0.18007381596002126,0.5519283010549269,103.46038602592446,121,EdgeGAT_full_blend_tk_tk_perproduct
9008,per_chapter,82221.28555057963,166659.87357878848,-0.23167957992675214,0.34221797501409135,0.575277520814061,106.86273210381987,47,EdgeGAT_full_blend_tk_tk_perproduct
9010,per_chapter,180039.86772154918,846199.046880614,-0.050007208777375745,0.27976364105464213,0.5835269893769124,106.35652720402604,93,EdgeGAT_full_blend_tk_tk_perproduct
9011,per_chapter,817441.7410503805,2779931.88736319,-1.1649563321161724,0.26152233556679216,0.5479862401567713,104.1997643832481,95,EdgeGAT_full_blend_tk_tk_perproduct
9012,per_chapter,2512397.120612193,7011732.957140637,-0.3031643377921671,0.3680176589146773,0.704209065679926,118.22510299579633,47,EdgeGAT_full_blend_tk_tk_perproduct
9013,per_chapter,1714948.2011059225,4806689.401058809,-2.1749230455849426,0.4494586137523213,0.7083197241754589,117.44305135082413,127,EdgeGAT_full_blend_tk_tk_perproduct
9014,per_chapter,1201642.0006135744,4917886.166507495,-29.58083092628693,0.4271897077132647,0.7280294493772739,112.20654509003671,122,EdgeGAT_full_blend_tk_tk_perproduct
9015,per_chapter,487847.807350084,1214679.675657068,0.07461574461949794,0.30209034018009984,0.5728419090912136,118.79007228361276,198,EdgeGAT_full_blend_tk_tk_perproduct
9016,per_chapter,121275.30596175397,268806.02483101515,-0.0602998004310733,0.28696303689840885,0.5791788856304985,121.56849563909367,32,EdgeGAT_full_blend_tk_tk_perproduct
9017,per_chapter,96995.34925797413,434247.87059624045,0.09742308393031252,0.4402876364620112,0.6661390566338545,104.90585355365137,165,EdgeGAT_full_blend_tk_tk_perproduct
9018,per_chapter,2441463.406449094,9238433.879008772,0.016975443071010066,0.38540312234481044,0.6611977266451453,113.04555723683197,428,EdgeGAT_full_blend_tk_tk_perproduct
9019,per_chapter,1528496.2893815835,5155289.285025913,0.17237260118089304,0.45657789227732726,0.7048655612011511,112.98722031448732,77,EdgeGAT_full_blend_tk_tk_perproduct
9020,per_chapter,386561.4837527668,1074275.5159384962,-2.5658386544406286,0.30769535716015983,0.6478764478764479,99.38509283691626,36,EdgeGAT_full_blend_tk_tk_perproduct
9021,per_chapter,2803656.9880621117,8544452.387804253,0.04814281705263079,0.3344574427654957,0.6323769438619464,119.51011682513727,261,EdgeGAT_full_blend_tk_tk_perproduct
9022,per_chapter,971586.0503005818,2280213.9739070768,-0.09312086590231305,0.3248175502633093,0.6143177332732515,113.89056634430396,220,EdgeGAT_full_blend_tk_tk_perproduct
9023,per_chapter,611972.5331375522,1570551.3365446005,-0.23125378278243858,0.38064228940478495,0.6497975708502025,89.91413133695374,39,EdgeGAT_full_blend_tk_tk_perproduct
9024,per_chapter,189443.54297926623,509457.83569893904,0.13209534729373473,0.36754022431872324,0.6998929164009352,91.5678219041592,95,EdgeGAT_full_blend_tk_tk_perproduct
9025,per_chapter,228384.1038627113,653406.020355362,0.31055533968349347,0.49231079213658346,0.7170325447119165,106.17249353553734,144,EdgeGAT_full_blend_tk_tk_perproduct
9026,per_chapter,542941.4627334813,1281805.3932048345,0.26743488543978244,0.546855494551443,0.754404854139098,105.83641927240303,164,EdgeGAT_full_blend_tk_tk_perproduct
9027,per_chapter,1813343.5378067389,4942988.07453766,-0.26673670911383507,0.6143627291077426,0.8171112548569098,93.03781227480019,222,EdgeGAT_full_blend_tk_tk_perproduct
9028,per_chapter,481191.07990867045,1295505.0995866468,-0.23280939674180745,0.2206301683190779,0.49142510644942566,123.27048760335705,127,EdgeGAT_full_blend_tk_tk_perproduct
9029,per_chapter,542645.8251213306,1727933.776047463,-0.79706349413426,0.527995897420643,0.7668298294094464,109.36934606599576,99,EdgeGAT_full_blend_tk_tk_perproduct
9030,per_chapter,1022967.538266075,4243643.934336573,-0.0741397654252216,0.46093286948194345,0.7136345831785871,102.47499886245492,379,EdgeGAT_full_blend_tk_tk_perproduct
9031,per_chapter,3564210.311940088,13502385.822387638,-0.27870144660811524,0.47570347015632664,0.7117020329254661,110.81924610822507,215,EdgeGAT_full_blend_tk_tk_perproduct
9032,per_chapter,1102627.5597535118,3656484.3249872467,-0.0904900711984884,0.47039000831673927,0.7288532030232583,119.64390851932136,181,EdgeGAT_full_blend_tk_tk_perproduct
9033,per_chapter,721309.3574634506,3065046.6584272953,-12.96230792189226,0.5370204189497243,0.7395470383275262,93.66607792104072,41,EdgeGAT_full_blend_tk_tk_perproduct
9101,per_chapter,1276500.215633041,4066247.3843816165,-0.7154308658189434,0.336360921818745,0.5623361994062244,124.32636218869433,174,EdgeGAT_full_blend_tk_tk_perproduct
9102,per_chapter,794686.4900640215,2020094.0615045829,-0.2262827462325172,0.30804163797940565,0.5707838905027467,124.31756553388568,218,EdgeGAT_full_blend_tk_tk_perproduct
9103,per_chapter,24365.888411138716,86675.66859005697,-18.601651214240082,-0.026391695169261542,0.4812812583318419,112.31391421331058,47,EdgeGAT_full_blend_tk_tk_perproduct
9105,per_chapter,63578.12242442298,337771.05657750234,0.08092305267334876,0.44816334753783305,0.6606602933398694,103.35716123845329,160,EdgeGAT_full_blend_tk_tk_perproduct
9106,per_chapter,103022.79682068877,342573.2302490008,-3.6898287896464206,0.3009179228616503,0.5880865957998446,105.47096124555395,57,EdgeGAT_full_blend_tk_tk_perproduct
9107,per_chapter,132264.74961305034,346460.3015164317,-2.1076437649162854,0.262655801405726,0.6975806451612904,111.77287827393394,31,EdgeGAT_full_blend_tk_tk_perproduct
9108,per_chapter,738226.3979447162,3776186.482988805,-0.03406073516683161,0.1324023507061849,0.4791143696127043,139.07970405975507,74,EdgeGAT_full_blend_tk_tk_perproduct
9109,per_chapter,19407.520531206977,46510.577236020654,0.08567086709523741,0.21938922175396758,0.5575354877680458,140.5549695433692,43,EdgeGAT_full_blend_tk_tk_perproduct
9110,per_chapter,883314.2058519722,2361630.780196994,-0.18473376967261457,-0.11324622594061373,0.2677496722049848,132.2637093899338,51,EdgeGAT_full_blend_tk_tk_perproduct
9111,per_chapter,501689.9699769816,1589866.26268162,-3.304918395681039,0.26445981065697066,0.4790670598670246,128.98946745039257,68,EdgeGAT_full_blend_tk_tk_perproduct
9112,per_chapter,40047.75293901621,86352.70441462744,-0.7476777250930309,0.018291898412364893,0.3918621700879765,108.77878621342083,32,EdgeGAT_full_blend_tk_tk_perproduct
9113,per_chapter,677222.7248014037,2725206.3056744947,-19.072712090420524,0.2977332502771346,0.6605207038222113,123.49370965154604,74,EdgeGAT_full_blend_tk_tk_perproduct
9114,per_chapter,325092.68645121495,843737.9736876853,0.4138661335598367,0.4155074080463782,0.7078942949018429,120.3833688087683,63,EdgeGAT_full_blend_tk_tk_perproduct
9201,per_chapter,164144.87825153628,514550.0800952002,-0.05076845384994466,0.5456531243942954,0.7397043042162152,115.24785190919448,76,EdgeGAT_full_blend_tk_tk_perproduct
9202,per_chapter,125029.96242285275,395107.3948261949,0.23077077329852003,0.45605563549861783,0.6425211213517665,110.72084359292893,63,EdgeGAT_full_blend_tk_tk_perproduct
9205,per_chapter,155956.6575412822,437467.4293865677,0.028121605015947737,0.4379200927416559,0.6630895420369105,107.36443476347594,56,EdgeGAT_full_blend_tk_tk_perproduct
9206,per_chapter,86516.7770190736,226271.85967749133,0.4615927960294638,0.4309746358045947,0.5380952380952382,104.06589121218704,35,EdgeGAT_full_blend_tk_tk_perproduct
9207,per_chapter,235230.2086895331,581952.4413178712,0.368677184480637,0.5543277801478499,0.7499800462926013,113.5992091676712,67,EdgeGAT_full_blend_tk_tk_perproduct
9208,per_chapter,31718.56061412941,80667.65544033538,0.16475561854519316,0.39421953894632644,0.6593073593073594,111.10382283184272,55,EdgeGAT_full_blend_tk_tk_perproduct
9209,per_chapter,121282.77396267265,320949.6565700379,0.15994311911517245,0.48441913438889195,0.6726969572386677,113.4984015406714,129,EdgeGAT_full_blend_tk_tk_perproduct
9303,per_chapter,606396.6027882718,1498660.5317690028,-0.07922957987415269,0.026481645350096006,0.31313196785066116,127.57123309492944,57,EdgeGAT_full_blend_tk_tk_perproduct
9305,per_chapter,694299.9804792339,2177927.860951211,-0.07069225431437798,0.16833330809759328,0.5207641198477232,128.18058260351654,58,EdgeGAT_full_blend_tk_tk_perproduct
9306,per_chapter,5487900.952154996,32501101.15462747,-0.025015272760823715,0.11519825017447893,0.39433032740722784,126.17445288063006,66,EdgeGAT_full_blend_tk_tk_perproduct
9401,per_chapter,867159.4416011608,4442653.76428979,0.05520413255055667,0.26057813398094365,0.4626457765764856,120.4636203156126,433,EdgeGAT_full_blend_tk_tk_perproduct
9402,per_chapter,247306.95750530096,672618.9278990725,0.5090348151778977,0.41918517592776694,0.6449211741802495,118.23226525756534,68,EdgeGAT_full_blend_tk_tk_perproduct
9403,per_chapter,1033515.383084307,5206830.962285683,0.05594347266204647,0.2324236944224254,0.470051267209545,115.59275228826205,423,EdgeGAT_full_blend_tk_tk_perproduct
9404,per_chapter,704049.5829686847,4266051.696240274,0.09376656876436118,0.24136817553349088,0.5020881894025528,120.7367144603084,179,EdgeGAT_full_blend_tk_tk_perproduct
9405,per_chapter,1033350.8602736165,8609200.456774462,0.07073031926137163,0.3966091305333205,0.6059365293391764,113.11785461425006,325,EdgeGAT_full_blend_tk_tk_perproduct
9406,per_chapter,1850192.8527743025,6239702.235788291,-0.04411442240545149,0.19252127170896627,0.47177046572417874,118.94216171494851,72,EdgeGAT_full_blend_tk_tk_perproduct
9503,per_chapter,7006303.207509197,35611858.93067298,0.2938589698157653,0.4685566489629095,0.6287172838505793,118.88662989539674,42,EdgeGAT_full_blend_tk_tk_perproduct
9504,per_chapter,1891453.077211355,13232110.136756873,0.026303358646419417,0.5482368632038821,0.7640359348553043,110.4569775471969,177,EdgeGAT_full_blend_tk_tk_perproduct
9505,per_chapter,997680.609112481,5315977.078478308,0.251223992516615,0.42159311256923215,0.5912624953720843,111.192082888225,74,EdgeGAT_full_blend_tk_tk_perproduct
9506,per_chapter,445205.39384778484,2672995.4000706607,0.05212051491611647,0.3277360205424109,0.5667879501368072,126.75999236743016,514,EdgeGAT_full_blend_tk_tk_perproduct
9507,per_chapter,334445.87050509505,909278.7289463094,0.21119344502118653,0.27384562973902515,0.6052012424856255,130.4259164823767,122,EdgeGAT_full_blend_tk_tk_perproduct
9508,per_chapter,344815.5008239486,759287.8091416162,-0.11456308244208513,0.30985575750779315,0.4866326530612244,121.37602251975078,49,EdgeGAT_full_blend_tk_tk_perproduct
9601,per_chapter,65597.03197167924,166205.28372162068,-3.606162159381693,-0.07136056004093017,0.40382081686429505,131.3994841828803,45,EdgeGAT_full_blend_tk_tk_perproduct
9602,per_chapter,380053.8371406828,879707.2927725705,-0.042500053812348115,0.4475521701904197,0.6972140762463341,116.55512796631736,32,EdgeGAT_full_blend_tk_tk_perproduct
9603,per_chapter,258179.17115867627,1454777.2255617995,0.10681519766152947,0.3790456251369443,0.5872364996902759,116.81468219929289,259,EdgeGAT_full_blend_tk_tk_perproduct
9604,per_chapter,6620.475253370098,11095.061905738394,0.2670915233530884,0.299881508952882,0.5729472140762463,88.29708355060097,32,EdgeGAT_full_blend_tk_tk_perproduct
9605,per_chapter,117434.19359735366,369109.8155249114,0.005523407026547855,0.2171733334644932,0.5078507078507078,110.53069229372868,36,EdgeGAT_full_blend_tk_tk_perproduct
9606,per_chapter,114516.09766204728,353764.94923462404,0.15208845019810446,0.37362805019779455,0.6092437714196897,113.3419927937157,148,EdgeGAT_full_blend_tk_tk_perproduct
9607,per_chapter,259009.36169193362,810408.232321967,0.17801591922718618,0.32785791665272346,0.6189509227181718,117.48492660582622,91,EdgeGAT_full_blend_tk_tk_perproduct
9608,per_chapter,179638.12838098418,791165.7004633824,0.020357611040018875,0.34411724351262285,0.6039263466913161,125.49387801009335,246,EdgeGAT_full_blend_tk_tk_perproduct
9609,per_chapter,107592.00821551315,483928.2528195687,0.03875817937641324,0.462453873719324,0.6518514622343783,118.70991025396758,97,EdgeGAT_full_blend_tk_tk_perproduct
9610,per_chapter,152762.8675258127,609936.2442534218,0.30954681001383944,0.360958582908083,0.522077922077922,125.3430165632304,34,EdgeGAT_full_blend_tk_tk_perproduct
9611,per_chapter,157329.63551230804,517598.1193589429,-8.165800126036961,0.540234608949794,0.7837566844919787,119.93226836232178,33,EdgeGAT_full_blend_tk_tk_perproduct
9612,per_chapter,231790.09267412993,715024.213560596,-0.056975806548185126,0.33519878932956737,0.5912538402457758,121.68880826475095,63,EdgeGAT_full_blend_tk_tk_perproduct
9613,per_chapter,166516.35151319444,430939.7119133759,0.5358244204250839,0.35089162501709403,0.6070856557114487,136.92460481789198,112,EdgeGAT_full_blend_tk_tk_perproduct
9615,per_chapter,191730.62237583852,904179.3777902034,0.3172329269389973,0.5031674416251897,0.7035339846602278,106.6934821397967,108,EdgeGAT_full_blend_tk_tk_perproduct
9616,per_chapter,197711.17607930736,577178.1358147863,0.47340087124248453,0.4744451397411241,0.7022412492783209,109.59141945457695,62,EdgeGAT_full_blend_tk_tk_perproduct
9617,per_chapter,1004311.465934904,5102189.48568751,0.12056668007722204,0.5419692347020726,0.681174089068826,99.08953576420481,39,EdgeGAT_full_blend_tk_tk_perproduct
9618,per_chapter,124181.61357175287,330099.2969685746,0.30431425867233497,0.3821724865431426,0.6419739577634315,114.00420675719877,38,EdgeGAT_full_blend_tk_tk_perproduct
9619,per_chapter,2334280.6972068576,4996694.621555692,0.11038597425352592,0.35604595029496533,0.6207762742079249,117.62510899497481,42,EdgeGAT_full_blend_tk_tk_perproduct
9620,per_chapter,170755.73535685526,538264.5420268936,0.35462777678021384,0.5276486834937327,0.8134186818397344,109.58382206360882,37,EdgeGAT_full_blend_tk_tk_perproduct
9701,per_chapter,5615807.016655911,21058043.352460388,-0.6169240553200197,0.538983443422255,0.7969571567672835,111.95861645930269,79,EdgeGAT_full_blend_tk_tk_perproduct
9703,per_chapter,2468979.5982103506,9289312.956362855,-13.658167110232444,0.5652776846241852,0.8139676113360325,102.80964924908811,39,EdgeGAT_full_blend_tk_tk_perproduct
9705,per_chapter,5784074.811400675,29785108.06951787,-653.992769965002,0.0801561793947243,0.7040322580645162,134.72713736379472,31,EdgeGAT_full_blend_tk_tk_perproduct
