timestamp,model,fusion,scoring,gdelt,risk_level,agg_mode,missing,tranche,mae,rmse,r2,log_r2,spearman,smape,n,notes
2026-07-09T11:21:44,RF,none,none,False,node,first,median,all,6359266.9,36757789.59,0.5116,0.6209,0.7862,101.94,965,
2026-07-09T11:21:44,RF,none,none,False,node,first,median,1M,26817037.22,76771904.53,0.4578,-0.9732,0.6,93.52,220,
2026-07-09T11:21:44,RF,none,none,False,node,first,median,10M,62959812.51,122181202.07,0.3299,-3.5577,0.5038,89.16,86,
2026-07-09T11:21:44,RF,none,none,False,node,first,median,100M,176817273.25,228460031.74,-0.4624,-17.5444,0.3208,90.59,21,
2026-07-09T11:21:55,TabTF,none,none,False,node,first,median,all,9278694.35,53131201.12,-0.0204,0.2793,0.5624,129.48,965,
2026-07-09T11:21:55,TabTF,none,none,False,node,first,median,1M,39948169.54,111273772.42,-0.1391,-3.2819,0.2665,150.45,220,
2026-07-09T11:21:55,TabTF,none,none,False,node,first,median,10M,96477786.07,177744602.94,-0.4182,-13.7317,0.0599,177.59,86,
2026-07-09T11:21:55,TabTF,none,none,False,node,first,median,100M,297684468.18,353243352.68,-2.4962,-99.2014,0.0714,194.84,21,
2026-07-09T11:21:55,GCN,none,none,False,node,first,median,all,11311806.3,57874781.25,-0.0181,0.2144,0.5406,133.5,948,
2026-07-09T11:21:55,GCN,none,none,False,node,first,median,1M,43434471.77,118400388.26,-0.1224,-3.4805,0.2494,151.92,224,
2026-07-09T11:21:55,GCN,none,none,False,node,first,median,10M,103720255.68,189415504.18,-0.3969,-11.8849,0.0618,163.51,87,
2026-07-09T11:21:55,GCN,none,none,False,node,first,median,100M,310271231.16,368033701.5,-2.4273,-69.2494,0.3224,188.25,22,
2026-07-09T11:22:03,GAT,none,none,False,node,first,median,all,10228979.64,56659225.02,0.0242,0.2249,0.5169,133.05,948,
2026-07-09T11:22:03,GAT,none,none,False,node,first,median,1M,41106112.49,116486404.23,-0.0864,-2.8988,0.2757,145.55,224,
2026-07-09T11:22:03,GAT,none,none,False,node,first,median,10M,100483004.87,186821719.63,-0.3589,-11.6653,0.149,162.39,87,
2026-07-09T11:22:03,GAT,none,none,False,node,first,median,100M,306918130.0,365370474.92,-2.3779,-65.1985,0.2682,183.17,22,
2026-07-09T11:22:05,RF,concat,keepall,True,node,first,median,all,6274065.72,36751815.9,0.5118,0.672,0.8097,101.73,965,
2026-07-09T11:22:05,RF,concat,keepall,True,node,first,median,1M,27094095.63,76969688.24,0.455,-0.4921,0.7224,103.4,220,
2026-07-09T11:22:05,RF,concat,keepall,True,node,first,median,10M,65860624.45,123052363.47,0.3203,-1.8749,0.6019,103.18,86,
2026-07-09T11:22:05,RF,concat,keepall,True,node,first,median,100M,197208854.55,242787412.64,-0.6516,-8.7739,0.6571,102.78,21,
2026-07-09T11:22:24,TabTF,concat,keepall,True,node,first,median,all,9434976.03,51826100.43,0.0291,0.3703,0.6272,124.91,965,
2026-07-09T11:22:24,TabTF,concat,keepall,True,node,first,median,1M,38784709.39,107982297.02,-0.0727,-3.5576,0.2955,148.65,220,
2026-07-09T11:22:24,TabTF,concat,keepall,True,node,first,median,10M,91511341.3,172196463.04,-0.3311,-12.379,0.0495,155.46,86,
2026-07-09T11:22:24,TabTF,concat,keepall,True,node,first,median,100M,283953874.71,342231484.82,-2.2816,-83.442,0.2351,179.14,21,
2026-07-09T11:22:26,GCN,concat,keepall,True,node,first,median,all,17399571.62,107264171.58,-2.4972,0.3058,0.5952,130.86,948,
2026-07-09T11:22:26,GCN,concat,keepall,True,node,first,median,1M,71899223.42,220641287.59,-2.8976,-2.634,0.4013,144.95,224,
2026-07-09T11:22:26,GCN,concat,keepall,True,node,first,median,10M,162403856.93,340426122.89,-3.5122,-8.5295,0.2053,160.7,87,
2026-07-09T11:22:26,GCN,concat,keepall,True,node,first,median,100M,411628823.88,565140195.16,-7.0814,-41.855,0.205,163.35,22,
2026-07-09T11:22:33,GAT,concat,keepall,True,node,first,median,all,10082199.7,56272955.3,0.0375,0.2698,0.5302,131.41,948,
2026-07-09T11:22:33,GAT,concat,keepall,True,node,first,median,1M,41281881.43,115727904.61,-0.0723,-3.3191,0.3711,155.87,224,
2026-07-09T11:22:33,GAT,concat,keepall,True,node,first,median,10M,100907458.24,185576182.99,-0.3409,-12.2266,0.1499,171.88,87,
2026-07-09T11:22:33,GAT,concat,keepall,True,node,first,median,100M,304624114.0,362719510.22,-2.329,-71.945,0.3156,184.82,22,
2026-07-09T11:22:34,RF,concat,topk,True,node,first,median,all,6506133.8,38093236.82,0.4755,0.6138,0.7761,105.78,965,
2026-07-09T11:22:34,RF,concat,topk,True,node,first,median,1M,27889646.15,79770393.76,0.4146,-1.3996,0.6224,109.93,220,
2026-07-09T11:22:34,RF,concat,topk,True,node,first,median,10M,67787864.91,127529298.18,0.2699,-4.0092,0.4155,114.61,86,
2026-07-09T11:22:34,RF,concat,topk,True,node,first,median,100M,200796622.68,251372628.84,-0.7705,-20.9577,0.6481,121.1,21,
2026-07-09T11:22:55,TabTF,concat,topk,True,node,first,median,all,15068498.2,76914566.03,-1.1384,0.2659,0.5933,130.13,965,
2026-07-09T11:22:55,TabTF,concat,topk,True,node,first,median,1M,44888897.02,120693951.36,-0.3401,-2.19,0.3615,134.12,220,
2026-07-09T11:22:55,TabTF,concat,topk,True,node,first,median,10M,100278697.79,185910520.62,-0.5515,-7.2241,0.1206,148.69,86,
2026-07-09T11:22:55,TabTF,concat,topk,True,node,first,median,100M,290173191.98,346317791.12,-2.3605,-51.0087,0.2545,185.59,21,
2026-07-09T11:22:56,GCN,concat,topk,True,node,first,median,all,10485450.78,55240597.55,0.0725,0.3416,0.6051,128.05,948,
2026-07-09T11:22:56,GCN,concat,topk,True,node,first,median,1M,42800743.59,113540073.11,-0.0321,-3.1454,0.4268,149.52,224,
2026-07-09T11:22:56,GCN,concat,topk,True,node,first,median,10M,99545286.29,179841745.5,-0.2593,-9.2521,0.1739,158.47,87,
2026-07-09T11:22:56,GCN,concat,topk,True,node,first,median,100M,277993126.04,343086895.05,-1.9784,-50.7147,0.1903,166.6,22,
2026-07-09T11:23:04,GAT,concat,topk,True,node,first,median,all,11613055.64,58363905.46,-0.0354,0.2492,0.5182,132.22,948,
2026-07-09T11:23:04,GAT,concat,topk,True,node,first,median,1M,44049400.95,117260575.78,-0.1008,-2.8248,0.3883,148.84,224,
2026-07-09T11:23:04,GAT,concat,topk,True,node,first,median,10M,105396500.55,187245487.72,-0.3651,-10.1973,0.1494,169.19,87,
2026-07-09T11:23:04,GAT,concat,topk,True,node,first,median,100M,299066900.41,358855399.99,-2.2585,-61.8792,0.2648,179.69,22,
2026-07-09T11:23:05,RF,none,none,False,node,spec,median,all,661416994.21,4194947415.18,0.4016,0.7267,0.8663,112.56,965,
2026-07-09T11:23:05,RF,none,none,False,node,spec,median,1M,1262795274.11,5798879907.31,0.3867,0.1802,0.7411,104.46,505,
2026-07-09T11:23:05,RF,none,none,False,node,spec,median,10M,1863781727.6,7056777680.31,0.3711,-0.2128,0.677,101.98,341,
2026-07-09T11:23:05,RF,none,none,False,node,spec,median,100M,3521601982.9,9809331296.13,0.3241,-1.0732,0.6182,100.93,176,
2026-07-09T11:23:16,TabTF,none,none,False,node,spec,median,all,1062193614.61,5942234807.1,-0.2007,0.4585,0.7066,136.23,965,
2026-07-09T11:23:16,TabTF,none,none,False,node,spec,median,1M,2028106085.89,8214244534.45,-0.2305,-0.5653,0.4694,133.23,505,
2026-07-09T11:23:16,TabTF,none,none,False,node,spec,median,10M,2999204308.84,9996218442.29,-0.262,-1.7758,0.3264,142.94,341,
2026-07-09T11:23:16,TabTF,none,none,False,node,spec,median,100M,5645768701.47,13814367355.08,-0.3404,-6.3492,0.2947,164.8,176,
2026-07-09T11:23:17,GCN,none,none,False,node,spec,median,all,5804783189.71,94493706871.62,-298.2155,0.4139,0.6936,140.65,948,
2026-07-09T11:23:17,GCN,none,none,False,node,spec,median,1M,10956574730.38,129853944224.16,-305.5963,-0.5948,0.4339,137.17,502,
2026-07-09T11:23:17,GCN,none,none,False,node,spec,median,10M,16131020969.07,157785093415.21,-313.4147,-1.738,0.2982,142.57,340,
2026-07-09T11:23:17,GCN,none,none,False,node,spec,median,100M,28149901210.97,218211767825.59,-331.145,-5.721,0.3274,159.08,174,
2026-07-09T11:23:24,GAT,none,none,False,node,spec,median,all,920106154.71,5232777026.33,0.0824,0.313,0.5959,147.99,948,
2026-07-09T11:23:24,GAT,none,none,False,node,spec,median,1M,1720104276.14,7188723207.36,0.0604,-1.2076,0.3606,152.66,502,
2026-07-09T11:23:24,GAT,none,none,False,node,spec,median,10M,2482490766.02,8726769946.96,0.0382,-2.777,0.2578,155.74,340,
2026-07-09T11:23:24,GAT,none,none,False,node,spec,median,100M,4614785078.84,12178887525.72,-0.0346,-7.3612,0.2844,158.06,174,
2026-07-09T11:23:26,RF,concat,keepall,True,node,spec,median,all,661483764.46,4199796255.37,0.4002,0.7606,0.8856,115.18,965,
2026-07-09T11:23:26,RF,concat,keepall,True,node,spec,median,1M,1263612645.65,5805587505.77,0.3853,0.3336,0.7873,106.7,505,
2026-07-09T11:23:26,RF,concat,keepall,True,node,spec,median,10M,1868704496.07,7065036265.24,0.3696,0.0224,0.7462,106.06,341,
2026-07-09T11:23:26,RF,concat,keepall,True,node,spec,median,100M,3592158536.03,9834027106.93,0.3207,-0.7487,0.7272,109.07,176,
2026-07-09T11:23:47,TabTF,concat,keepall,True,node,spec,median,all,1077450227.96,5801949501.84,-0.1447,0.3915,0.6639,139.87,965,
2026-07-09T11:23:47,TabTF,concat,keepall,True,node,spec,median,1M,1978686985.16,7927123576.69,-0.146,-0.4488,0.4524,133.34,505,
2026-07-09T11:23:47,TabTF,concat,keepall,True,node,spec,median,10M,2868467337.96,9600423126.5,-0.1641,-1.5526,0.3202,140.74,341,
2026-07-09T11:23:47,TabTF,concat,keepall,True,node,spec,median,100M,4856129015.98,12867692013.13,-0.163,-5.0542,0.322,156.26,176,
2026-07-09T11:23:48,GCN,concat,keepall,True,node,spec,median,all,3018283860.89,26245861544.31,-22.0834,0.3519,0.6453,145.26,948,
2026-07-09T11:23:48,GCN,concat,keepall,True,node,spec,median,1M,5609330327.82,36027325139.39,-22.6005,-0.9212,0.4356,146.77,502,
2026-07-09T11:23:48,GCN,concat,keepall,True,node,spec,median,10M,8127419656.09,43706919077.44,-23.1252,-2.1843,0.312,149.03,340,
2026-07-09T11:23:48,GCN,concat,keepall,True,node,spec,median,100M,9079187299.56,42203518496.53,-11.4242,-5.7569,0.3811,157.4,174,
2026-07-09T11:23:55,GAT,concat,keepall,True,node,spec,median,all,1112944724.57,6389408917.46,-0.368,0.3557,0.6059,147.95,948,
2026-07-09T11:23:55,GAT,concat,keepall,True,node,spec,median,1M,2100514833.64,8780371135.68,-0.4018,-1.0703,0.4215,150.92,502,
2026-07-09T11:23:55,GAT,concat,keepall,True,node,spec,median,10M,3094237513.29,10668990510.24,-0.4375,-2.7184,0.371,158.58,340,
2026-07-09T11:23:55,GAT,concat,keepall,True,node,spec,median,100M,6001857614.71,14913579041.02,-0.5514,-7.763,0.3864,171.82,174,
2026-07-09T11:23:57,RF,concat,topk,True,node,spec,median,all,660485025.56,4191118891.14,0.4027,0.7103,0.8574,116.77,965,
2026-07-09T11:23:57,RF,concat,topk,True,node,spec,median,1M,1261393107.48,5793591070.13,0.3879,0.1007,0.7193,109.17,505,
2026-07-09T11:23:57,RF,concat,topk,True,node,spec,median,10M,1864947199.84,7050428621.66,0.3722,-0.4544,0.6591,109.93,341,
2026-07-09T11:23:57,RF,concat,topk,True,node,spec,median,100M,3578142560.62,9813443365.29,0.3236,-2.0676,0.6365,115.1,176,
2026-07-09T11:24:16,TabTF,concat,topk,True,node,spec,median,all,3959102414.63,33838185366.05,-37.9364,0.137,0.4968,151.53,965,
2026-07-09T11:24:16,TabTF,concat,topk,True,node,spec,median,1M,6516096909.67,42566419975.97,-32.044,-0.6497,0.3476,139.26,505,
2026-07-09T11:24:16,TabTF,concat,topk,True,node,spec,median,10M,9345747703.9,51543833195.33,-32.5541,-1.9048,0.2508,145.5,341,
2026-07-09T11:24:16,TabTF,concat,topk,True,node,spec,median,100M,8241106832.53,31588980493.28,-6.009,-5.5474,0.3924,171.5,176,
2026-07-09T11:24:17,GCN,concat,topk,True,node,spec,median,all,1648495703.09,16873504638.19,-8.5409,0.4408,0.6982,138.64,948,
2026-07-09T11:24:17,GCN,concat,topk,True,node,spec,median,1M,3108897250.76,23187683386.1,-8.7762,-0.4397,0.5045,133.88,502,
2026-07-09T11:24:17,GCN,concat,topk,True,node,spec,median,10M,4566364972.61,28175090699.74,-9.0254,-1.3727,0.4236,138.8,340,
2026-07-09T11:24:17,GCN,concat,topk,True,node,spec,median,100M,8062362677.23,38558273584.89,-9.3707,-4.4416,0.4136,144.54,174,
2026-07-09T11:24:26,GAT,concat,topk,True,node,spec,median,all,866908154.71,5050690376.42,0.1452,0.3611,0.5952,144.32,948,
2026-07-09T11:24:26,GAT,concat,topk,True,node,spec,median,1M,1632552419.32,6940619144.19,0.1241,-0.5402,0.4818,141.92,502,
2026-07-09T11:24:26,GAT,concat,topk,True,node,spec,median,10M,2396945978.24,8433284511.49,0.1018,-1.6796,0.4034,147.7,340,
2026-07-09T11:24:26,GAT,concat,topk,True,node,spec,median,100M,4609621960.67,11787513128.49,0.0308,-4.9462,0.3849,153.97,174,
2026-07-09T11:24:33,GAT,blend,keepall,True,node,first,median,all,9925785.79,55547173.6,0.0622,0.2598,0.4959,133.18,948,
2026-07-09T11:24:33,GAT,blend,keepall,True,node,first,median,1M,41279129.08,114267604.97,-0.0454,-4.0256,0.4094,160.92,224,
2026-07-09T11:24:33,GAT,blend,keepall,True,node,first,median,10M,100286471.01,183060814.88,-0.3048,-13.6293,0.2366,175.26,87,
2026-07-09T11:24:33,GAT,blend,keepall,True,node,first,median,100M,296356161.11,356921570.7,-2.2235,-66.4621,0.2998,178.87,22,
2026-07-09T11:24:49,GATv2,concat,keepall,True,node,spec,median,all,962828763.77,5299245708.87,0.059,0.3186,0.5734,147.22,948,
2026-07-09T11:24:49,GATv2,concat,keepall,True,node,spec,median,1M,1813670297.3,7282211235.79,0.0358,-0.9598,0.4268,150.06,502,
2026-07-09T11:24:49,GATv2,concat,keepall,True,node,spec,median,10M,2651285914.19,8847132508.85,0.0115,-2.3778,0.3491,155.29,340,
2026-07-09T11:24:49,GATv2,concat,keepall,True,node,spec,median,100M,5001420980.09,12337566654.15,-0.0618,-6.4727,0.3385,161.55,174,
2026-07-09T11:24:57,GAT,blend,topk,True,node,first,median,all,10542639.72,56336182.57,0.0353,0.2947,0.5448,130.95,948,
2026-07-09T11:24:57,GAT,blend,topk,True,node,first,median,1M,41723929.21,115460083.12,-0.0673,-3.088,0.3776,148.93,224,
2026-07-09T11:24:57,GAT,blend,topk,True,node,first,median,10M,100872470.53,184973657.08,-0.3322,-10.8211,0.1894,166.03,87,
2026-07-09T11:24:57,GAT,blend,topk,True,node,first,median,100M,302947647.07,361445048.09,-2.3057,-61.9691,0.2264,182.6,22,
2026-07-09T11:25:14,GATv2,concat,topk,True,node,spec,median,all,847180473.86,5197589448.21,0.0947,0.3786,0.6192,143.24,948,
2026-07-09T11:25:14,GATv2,concat,topk,True,node,spec,median,1M,1597726695.17,7142561214.98,0.0724,-0.5137,0.4661,139.54,502,
2026-07-09T11:25:14,GATv2,concat,topk,True,node,spec,median,10M,2348430524.82,8678766822.49,0.0488,-1.6239,0.3929,146.58,340,
2026-07-09T11:25:14,GATv2,concat,topk,True,node,spec,median,100M,4531593180.24,12130927114.2,-0.0265,-5.0604,0.4383,160.26,174,
2026-07-09T11:25:22,GAT,attention,keepall,True,node,first,median,all,15886500.09,87827415.83,-1.3446,0.2458,0.4875,133.69,948,
2026-07-09T11:25:22,GAT,attention,keepall,True,node,first,median,1M,66435732.26,180677324.15,-1.6136,-3.3227,0.4574,158.35,224,
2026-07-09T11:25:22,GAT,attention,keepall,True,node,first,median,10M,149629955.05,267124598.87,-1.7783,-11.797,0.2109,177.55,87,
2026-07-09T11:25:22,GAT,attention,keepall,True,node,first,median,100M,348463839.53,413000803.68,-3.316,-61.7404,0.284,176.21,22,
2026-07-09T11:25:39,GATv2,concat,keepall,True,node,spec,median,all,880393807.09,5047357629.6,0.1463,0.3393,0.5819,144.88,948,
2026-07-09T11:25:39,GATv2,concat,keepall,True,node,spec,median,1M,1660120777.58,6936109511.42,0.1252,-0.954,0.4284,144.63,502,
2026-07-09T11:25:39,GATv2,concat,keepall,True,node,spec,median,10M,2443449904.88,8428040911.84,0.1029,-2.4831,0.3695,147.29,340,
2026-07-09T11:25:39,GATv2,concat,keepall,True,node,spec,median,100M,4723956977.09,11780010504.45,0.032,-6.7413,0.2666,159.78,174,
2026-07-09T11:25:48,GAT,attention,topk,True,node,first,median,all,10096364.36,57152692.22,0.0072,0.2741,0.4992,131.17,948,
2026-07-09T11:25:48,GAT,attention,topk,True,node,first,median,1M,41641509.02,117564280.0,-0.1066,-3.8317,0.3824,151.26,224,
2026-07-09T11:25:48,GAT,attention,topk,True,node,first,median,10M,102280611.21,188546795.71,-0.3841,-11.808,0.1368,170.52,87,
2026-07-09T11:25:48,GAT,attention,topk,True,node,first,median,100M,311139142.39,368821482.59,-2.442,-72.0781,0.2976,190.6,22,
2026-07-09T11:26:04,GATv2,concat,topk,True,node,spec,median,all,870949593.57,5192397247.12,0.0965,0.3278,0.5683,147.1,948,
2026-07-09T11:26:04,GATv2,concat,topk,True,node,spec,median,1M,1640430468.2,7135389969.89,0.0743,-0.6699,0.4398,143.94,502,
2026-07-09T11:26:04,GATv2,concat,topk,True,node,spec,median,10M,2407147032.72,8669820240.15,0.0507,-1.9249,0.3711,150.22,340,
2026-07-09T11:26:04,GATv2,concat,topk,True,node,spec,median,100M,4630762231.14,12117941903.64,-0.0243,-5.7051,0.3952,164.21,174,
2026-07-09T11:26:08,EdgeGNN,edge,bilateral,True,bilateral,first,median,all,10519460.64,57087211.06,0.0094,0.213,0.5193,132.26,948,
2026-07-09T11:26:08,EdgeGNN,edge,bilateral,True,bilateral,first,median,1M,41588119.6,117273985.45,-0.1011,-3.8852,0.2291,150.9,224,
2026-07-09T11:26:08,EdgeGNN,edge,bilateral,True,bilateral,first,median,10M,101916697.58,188094837.37,-0.3775,-14.3136,0.1414,171.01,87,
2026-07-09T11:26:08,EdgeGNN,edge,bilateral,True,bilateral,first,median,100M,310130370.82,367780195.21,-2.4226,-77.3669,0.3461,188.56,22,
2026-07-09T11:50:10,RF,none,none,False,node,first,median,all,6359266.9,36757789.59,0.5116,0.6209,0.7862,101.94,965,
2026-07-09T11:50:10,RF,none,none,False,node,first,median,1M,26817037.22,76771904.53,0.4578,-0.9732,0.6,93.52,220,
2026-07-09T11:50:10,RF,none,none,False,node,first,median,10M,62959812.51,122181202.07,0.3299,-3.5577,0.5038,89.16,86,
2026-07-09T11:50:10,RF,none,none,False,node,first,median,100M,176817273.25,228460031.74,-0.4624,-17.5444,0.3208,90.59,21,
2026-07-09T11:50:22,TabTF,none,none,False,node,first,median,all,10873670.45,56972175.73,-0.1733,0.3656,0.6254,125.81,965,
2026-07-09T11:50:22,TabTF,none,none,False,node,first,median,1M,46872326.12,119315361.35,-0.3097,-3.1551,0.301,147.13,220,
2026-07-09T11:50:22,TabTF,none,none,False,node,first,median,10M,102223970.48,181022004.05,-0.471,-11.9291,0.0706,165.5,86,
2026-07-09T11:50:22,TabTF,none,none,False,node,first,median,100M,290445474.17,348514582.41,-2.4032,-79.5228,0.2065,183.43,21,
2026-07-09T11:50:23,GCN,none,none,False,node,first,median,all,11282364.48,57718013.32,-0.0126,0.2025,0.5314,133.37,948,
2026-07-09T11:50:23,GCN,none,none,False,node,first,median,1M,44631908.51,118542225.83,-0.125,-3.4701,0.2259,150.25,224,
2026-07-09T11:50:23,GCN,none,none,False,node,first,median,10M,104400865.11,189101822.37,-0.3923,-12.0352,0.0682,165.23,87,
2026-07-09T11:50:23,GCN,none,none,False,node,first,median,100M,303004341.46,365395108.14,-2.3783,-68.8898,0.24,177.51,22,
2026-07-09T11:50:31,GAT,none,none,False,node,first,median,all,10299444.88,56901722.1,0.0159,0.2242,0.4983,133.4,948,
2026-07-09T11:50:31,GAT,none,none,False,node,first,median,1M,41487586.63,116959975.3,-0.0952,-3.6052,0.28,154.08,224,
2026-07-09T11:50:31,GAT,none,none,False,node,first,median,10M,101031466.78,187532505.35,-0.3693,-13.4045,0.1066,165.22,87,
2026-07-09T11:50:31,GAT,none,none,False,node,first,median,100M,307549244.78,366682029.88,-2.4022,-75.8001,0.2479,183.62,22,
2026-07-09T11:50:47,GATv2,none,none,False,node,first,median,all,10219813.18,57738178.25,-0.0133,0.2807,0.5408,132.98,948,
2026-07-09T11:50:47,GATv2,none,none,False,node,first,median,1M,42195552.95,118773667.05,-0.1294,-3.3544,0.2753,150.72,224,
2026-07-09T11:50:47,GATv2,none,none,False,node,first,median,10M,104148434.98,190528217.06,-0.4134,-13.2637,0.1626,179.06,87,
2026-07-09T11:50:47,GATv2,none,none,False,node,first,median,100M,315301180.08,372479433.08,-2.5106,-78.8059,0.2208,194.43,22,
2026-07-09T11:50:48,RF,concat,keepall,True,node,first,median,all,6274065.72,36751815.9,0.5118,0.672,0.8097,101.73,965,
2026-07-09T11:50:48,RF,concat,keepall,True,node,first,median,1M,27094095.63,76969688.24,0.455,-0.4921,0.7224,103.4,220,
2026-07-09T11:50:48,RF,concat,keepall,True,node,first,median,10M,65860624.45,123052363.47,0.3203,-1.8749,0.6019,103.18,86,
2026-07-09T11:50:48,RF,concat,keepall,True,node,first,median,100M,197208854.55,242787412.64,-0.6516,-8.7739,0.6571,102.78,21,
2026-07-09T11:51:08,TabTF,concat,keepall,True,node,first,median,all,26576723.3,172862684.17,-9.8013,0.3028,0.6336,126.84,965,
2026-07-09T11:51:08,TabTF,concat,keepall,True,node,first,median,1M,65409150.65,221763139.1,-3.5244,-2.4653,0.3084,135.06,220,
2026-07-09T11:51:08,TabTF,concat,keepall,True,node,first,median,10M,125822835.35,308456092.56,-3.271,-8.7757,0.0515,145.78,86,
2026-07-09T11:51:08,TabTF,concat,keepall,True,node,first,median,100M,259555154.76,327326988.51,-2.002,-60.8164,0.2364,160.12,21,
2026-07-09T11:51:09,GCN,concat,keepall,True,node,first,median,all,11336387.73,56551152.97,0.0279,0.2637,0.5654,132.84,948,
2026-07-09T11:51:09,GCN,concat,keepall,True,node,first,median,1M,44116759.46,115137640.58,-0.0613,-3.4539,0.3638,156.37,224,
2026-07-09T11:51:09,GCN,concat,keepall,True,node,first,median,10M,103091088.47,182489401.23,-0.2966,-10.5492,0.1512,167.12,87,
2026-07-09T11:51:09,GCN,concat,keepall,True,node,first,median,100M,277836720.21,343585636.81,-1.9871,-58.7363,0.2693,168.58,22,
2026-07-09T11:51:17,GAT,concat,keepall,True,node,first,median,all,9976982.79,55817830.79,0.053,0.2669,0.529,131.84,948,
2026-07-09T11:51:17,GAT,concat,keepall,True,node,first,median,1M,40965107.89,114804408.94,-0.0552,-2.8452,0.4437,150.62,224,
2026-07-09T11:51:17,GAT,concat,keepall,True,node,first,median,10M,99652955.88,184029480.12,-0.3186,-10.0711,0.2107,165.08,87,
2026-07-09T11:51:17,GAT,concat,keepall,True,node,first,median,100M,299394071.33,359486570.78,-2.27,-54.9983,0.3552,177.07,22,
2026-07-09T11:51:33,GATv2,concat,keepall,True,node,first,median,all,13997699.22,74267120.35,-0.6765,0.2191,0.5164,133.74,948,
2026-07-09T11:51:34,GATv2,concat,keepall,True,node,first,median,1M,48492438.18,134646605.74,-0.4515,-2.9355,0.3572,149.75,224,
2026-07-09T11:51:34,GATv2,concat,keepall,True,node,first,median,10M,115895607.11,215027162.03,-0.8002,-10.3964,0.1599,164.77,87,
2026-07-09T11:51:34,GATv2,concat,keepall,True,node,first,median,100M,283728036.15,348643718.77,-2.0757,-56.4248,0.3247,169.52,22,
2026-07-09T11:51:35,RF,concat,topk,True,node,first,median,all,6506133.8,38093236.82,0.4755,0.6138,0.7761,105.78,965,
2026-07-09T11:51:35,RF,concat,topk,True,node,first,median,1M,27889646.15,79770393.76,0.4146,-1.3996,0.6224,109.93,220,
2026-07-09T11:51:35,RF,concat,topk,True,node,first,median,10M,67787864.91,127529298.18,0.2699,-4.0092,0.4155,114.61,86,
2026-07-09T11:51:35,RF,concat,topk,True,node,first,median,100M,200796622.68,251372628.84,-0.7705,-20.9577,0.6481,121.1,21,
2026-07-09T11:51:54,TabTF,concat,topk,True,node,first,median,all,11799349.29,59099609.89,-0.2625,0.1526,0.4606,135.98,965,
2026-07-09T11:51:54,TabTF,concat,topk,True,node,first,median,1M,42455192.8,113152688.55,-0.1779,-3.3753,0.3469,159.96,220,
2026-07-09T11:51:54,TabTF,concat,topk,True,node,first,median,10M,99520571.47,178916067.72,-0.437,-12.7239,0.3124,182.89,86,
2026-07-09T11:51:54,TabTF,concat,topk,True,node,first,median,100M,297010127.38,351969936.38,-2.471,-71.9483,0.0883,194.84,21,
2026-07-09T11:51:54,GCN,concat,topk,True,node,first,median,all,10146839.57,54682362.55,0.0911,0.2913,0.5711,130.69,948,
2026-07-09T11:51:54,GCN,concat,topk,True,node,first,median,1M,41461980.33,112453540.87,-0.0124,-3.0628,0.3627,150.17,224,
2026-07-09T11:51:54,GCN,concat,topk,True,node,first,median,10M,99227778.86,179479332.71,-0.2542,-9.8407,0.1956,167.21,87,
2026-07-09T11:51:54,GCN,concat,topk,True,node,first,median,100M,282855861.88,347089469.39,-2.0483,-55.1256,0.4286,170.56,22,
2026-07-09T11:52:02,GAT,concat,topk,True,node,first,median,all,10607019.91,56177924.01,0.0407,0.2708,0.5289,130.63,948,
2026-07-09T11:52:02,GAT,concat,topk,True,node,first,median,1M,42327405.14,114931843.53,-0.0576,-3.1847,0.4266,159.12,224,
2026-07-09T11:52:02,GAT,concat,topk,True,node,first,median,10M,102099963.04,183994144.89,-0.3181,-11.7334,0.1888,174.91,87,
2026-07-09T11:52:02,GAT,concat,topk,True,node,first,median,100M,298061410.89,358022799.74,-2.2434,-66.859,0.371,180.16,22,
2026-07-09T11:52:17,GATv2,concat,topk,True,node,first,median,all,9994123.22,56450956.5,0.0314,0.329,0.5621,129.31,948,
2026-07-09T11:52:17,GATv2,concat,topk,True,node,first,median,1M,41388134.28,116123919.03,-0.0796,-2.7281,0.4365,147.89,224,
2026-07-09T11:52:17,GATv2,concat,topk,True,node,first,median,10M,101055965.12,186146280.55,-0.3491,-10.2748,0.1856,165.28,87,
2026-07-09T11:52:17,GATv2,concat,topk,True,node,first,median,100M,305465260.97,363836351.07,-2.3496,-54.2782,0.2547,183.68,22,
2026-07-09T11:52:18,RF,none,none,False,node,spec,median,all,661416994.21,4194947415.18,0.4016,0.7267,0.8663,112.56,965,
2026-07-09T11:52:18,RF,none,none,False,node,spec,median,1M,1262795274.11,5798879907.31,0.3867,0.1802,0.7411,104.46,505,
2026-07-09T11:52:18,RF,none,none,False,node,spec,median,10M,1863781727.6,7056777680.31,0.3711,-0.2128,0.677,101.98,341,
2026-07-09T11:52:18,RF,none,none,False,node,spec,median,100M,3521601982.9,9809331296.13,0.3241,-1.0732,0.6182,100.93,176,
2026-07-09T11:52:30,TabTF,none,none,False,node,spec,median,all,2270055234.39,16731345221.79,-8.5193,0.4513,0.6975,136.94,965,
2026-07-09T11:52:30,TabTF,none,none,False,node,spec,median,1M,4336391658.65,23128571910.15,-8.7557,-0.6139,0.458,133.98,505,
2026-07-09T11:52:30,TabTF,none,none,False,node,spec,median,10M,6418082363.18,28146038855.7,-9.0052,-1.9021,0.3198,144.18,341,
2026-07-09T11:52:30,TabTF,none,none,False,node,spec,median,100M,11891394558.23,38615940598.48,-9.4742,-6.6749,0.3241,166.92,176,
2026-07-09T11:52:30,GCN,none,none,False,node,spec,median,all,952445329.94,5483449662.0,-0.0076,0.2495,0.5922,147.3,948,
2026-07-09T11:52:30,GCN,none,none,False,node,spec,median,1M,1737298560.95,7509233391.46,-0.0253,-0.9614,0.3132,146.0,502,
2026-07-09T11:52:30,GCN,none,none,False,node,spec,median,10M,2517486836.16,9116945771.89,-0.0497,-2.5776,0.1999,157.96,340,
2026-07-09T11:52:30,GCN,none,none,False,node,spec,median,100M,4708048275.26,12715893400.94,-0.1279,-8.332,0.2985,170.31,174,
2026-07-09T11:52:38,GAT,none,none,False,node,spec,median,all,934203889.06,5447238039.47,0.0057,0.3064,0.5686,148.88,948,
2026-07-09T11:52:38,GAT,none,none,False,node,spec,median,1M,1761176824.86,7485602715.59,-0.0188,-1.0141,0.323,149.61,502,
2026-07-09T11:52:38,GAT,none,none,False,node,spec,median,10M,2579164851.3,9095175942.08,-0.0447,-2.7069,0.2322,161.41,340,
2026-07-09T11:52:38,GAT,none,none,False,node,spec,median,100M,4898270417.25,12689862777.03,-0.1233,-8.2274,0.306,172.97,174,
2026-07-09T11:52:54,GATv2,none,none,False,node,spec,median,all,1049004693.5,5609087312.58,-0.0543,0.2621,0.5628,150.87,948,
2026-07-09T11:52:54,GATv2,none,none,False,node,spec,median,1M,1896859235.81,7507581220.63,-0.0248,-1.2868,0.3202,156.57,502,
2026-07-09T11:52:54,GATv2,none,none,False,node,spec,median,10M,2665007907.66,9001355548.49,-0.0233,-3.0927,0.2213,164.16,340,
2026-07-09T11:52:54,GATv2,none,none,False,node,spec,median,100M,4637541423.89,12213364240.64,-0.0405,-8.8198,0.3309,171.07,174,
2026-07-09T11:52:55,RF,concat,keepall,True,node,spec,median,all,661483764.46,4199796255.37,0.4002,0.7606,0.8856,115.18,965,
2026-07-09T11:52:55,RF,concat,keepall,True,node,spec,median,1M,1263612645.65,5805587505.77,0.3853,0.3336,0.7873,106.7,505,
2026-07-09T11:52:55,RF,concat,keepall,True,node,spec,median,10M,1868704496.07,7065036265.24,0.3696,0.0224,0.7462,106.06,341,
2026-07-09T11:52:55,RF,concat,keepall,True,node,spec,median,100M,3592158536.03,9834027106.93,0.3207,-0.7487,0.7272,109.07,176,
2026-07-09T11:53:17,TabTF,concat,keepall,True,node,spec,median,all,1064790439.04,5793189427.51,-0.1412,0.4234,0.6779,138.91,965,
2026-07-09T11:53:17,TabTF,concat,keepall,True,node,spec,median,1M,1969436710.33,7943691945.94,-0.1508,-0.7594,0.4591,139.92,505,
2026-07-09T11:53:17,TabTF,concat,keepall,True,node,spec,median,10M,2870910845.53,9638447639.95,-0.1733,-2.1846,0.3124,149.83,341,
2026-07-09T11:53:17,TabTF,concat,keepall,True,node,spec,median,100M,4868916257.81,12833716098.58,-0.1569,-6.7678,0.3141,165.01,176,
2026-07-09T11:53:18,GCN,concat,keepall,True,node,spec,median,all,1766586191.74,10476082269.42,-2.6777,0.2965,0.5941,147.22,948,
2026-07-09T11:53:18,GCN,concat,keepall,True,node,spec,median,1M,3197873979.68,14187756143.49,-2.66,-1.0663,0.4036,150.28,502,
2026-07-09T11:53:18,GCN,concat,keepall,True,node,spec,median,10M,4586078751.94,17082381974.69,-2.6853,-2.6851,0.2804,158.3,340,
2026-07-09T11:53:18,GCN,concat,keepall,True,node,spec,median,100M,6065206871.67,17874165664.66,-1.2286,-7.8446,0.3516,172.15,174,
2026-07-09T11:53:26,GAT,concat,keepall,True,node,spec,median,all,1053943885.12,5742502994.54,-0.105,0.1942,0.5463,145.14,948,
2026-07-09T11:53:26,GAT,concat,keepall,True,node,spec,median,1M,1986956425.95,7891376745.45,-0.1323,-1.7213,0.414,144.39,502,
2026-07-09T11:53:26,GAT,concat,keepall,True,node,spec,median,10M,2909258906.05,9587922023.46,-0.161,-3.7469,0.363,147.03,340,
2026-07-09T11:53:26,GAT,concat,keepall,True,node,spec,median,100M,5476616020.14,13297867556.1,-0.2335,-7.8513,0.305,153.46,174,
2026-07-09T11:53:42,GATv2,concat,keepall,True,node,spec,median,all,866234844.67,5291656809.99,0.0617,0.3352,0.5896,145.56,948,
2026-07-09T11:53:42,GATv2,concat,keepall,True,node,spec,median,1M,1631498018.06,7271804447.8,0.0385,-0.7453,0.4344,144.43,502,
2026-07-09T11:53:42,GATv2,concat,keepall,True,node,spec,median,10M,2384800806.27,8835108221.3,0.0142,-2.0016,0.3624,148.48,340,
2026-07-09T11:53:42,GATv2,concat,keepall,True,node,spec,median,100M,4546015971.99,12346982818.51,-0.0634,-5.4197,0.3319,150.02,174,
2026-07-09T11:53:44,RF,concat,topk,True,node,spec,median,all,660485025.56,4191118891.14,0.4027,0.7103,0.8574,116.77,965,
2026-07-09T11:53:44,RF,concat,topk,True,node,spec,median,1M,1261393107.48,5793591070.13,0.3879,0.1007,0.7193,109.17,505,
2026-07-09T11:53:44,RF,concat,topk,True,node,spec,median,10M,1864947199.84,7050428621.66,0.3722,-0.4544,0.6591,109.93,341,
2026-07-09T11:53:44,RF,concat,topk,True,node,spec,median,100M,3578142560.62,9813443365.29,0.3236,-2.0676,0.6365,115.1,176,
2026-07-09T11:54:04,TabTF,concat,topk,True,node,spec,median,all,949589029.23,5095656221.96,0.117,0.4097,0.6992,140.39,965,
2026-07-09T11:54:04,TabTF,concat,topk,True,node,spec,median,1M,1799033762.95,7041812557.28,0.0957,-0.1952,0.4979,131.46,505,
2026-07-09T11:54:04,TabTF,concat,topk,True,node,spec,median,10M,2626523349.82,8565902284.71,0.0733,-0.9469,0.3566,134.95,341,
2026-07-09T11:54:04,TabTF,concat,topk,True,node,spec,median,100M,4692736828.07,11850013397.78,0.0137,-3.1216,0.3741,140.23,176,
2026-07-09T11:54:05,GCN,concat,topk,True,node,spec,median,all,938252864.99,5253337709.94,0.0752,0.4245,0.6709,141.6,948,
2026-07-09T11:54:05,GCN,concat,topk,True,node,spec,median,1M,1769551980.63,7219159501.16,0.0524,-0.616,0.5014,141.03,502,
2026-07-09T11:54:05,GCN,concat,topk,True,node,spec,median,10M,2604928870.36,8771925678.0,0.0282,-1.8395,0.4405,147.17,340,
2026-07-09T11:54:05,GCN,concat,topk,True,node,spec,median,100M,5023716407.38,12259709957.61,-0.0484,-5.8187,0.4634,165.05,174,
2026-07-09T11:54:12,GAT,concat,topk,True,node,spec,median,all,898759036.68,5161865754.8,0.1071,0.384,0.6235,144.17,948,
2026-07-09T11:54:12,GAT,concat,topk,True,node,spec,median,1M,1687972278.87,7092509943.62,0.0853,-0.7343,0.4598,143.92,502,
2026-07-09T11:54:12,GAT,concat,topk,True,node,spec,median,10M,2479275873.13,8617784322.48,0.0621,-2.0766,0.3512,150.87,340,
2026-07-09T11:54:12,GAT,concat,topk,True,node,spec,median,100M,4611922364.03,11996904916.15,-0.0039,-5.907,0.4005,162.81,174,
2026-07-09T11:54:29,GATv2,concat,topk,True,node,spec,median,all,851518526.15,4937270866.3,0.1831,0.3828,0.6217,145.24,948,
2026-07-09T11:54:29,GATv2,concat,topk,True,node,spec,median,1M,1604929576.88,6784790288.49,0.163,-0.9275,0.4768,147.21,502,
2026-07-09T11:54:29,GATv2,concat,topk,True,node,spec,median,10M,2339996124.31,8241168927.91,0.1423,-2.2618,0.4048,150.49,340,
2026-07-09T11:54:29,GATv2,concat,topk,True,node,spec,median,100M,4429996193.1,11507578387.19,0.0763,-5.9675,0.4232,156.2,174,
2026-07-09T11:54:37,GAT,blend,keepall,True,node,first,median,all,10173160.91,55438488.85,0.0658,0.1845,0.4684,132.85,948,
2026-07-09T11:54:37,GAT,blend,keepall,True,node,first,median,1M,42435771.75,114047029.83,-0.0413,-4.1867,0.3629,163.43,224,
2026-07-09T11:54:37,GAT,blend,keepall,True,node,first,median,10M,101909418.05,182091707.26,-0.291,-15.1003,0.1889,180.88,87,
2026-07-09T11:54:37,GAT,blend,keepall,True,node,first,median,100M,289377444.0,352651074.85,-2.1468,-80.114,0.2987,175.53,22,
2026-07-09T11:54:45,GAT,blend,topk,True,node,first,median,all,9804563.17,54848850.4,0.0856,0.321,0.5522,128.23,948,
2026-07-09T11:54:45,GAT,blend,topk,True,node,first,median,1M,40146892.97,112811978.1,-0.0189,-2.8553,0.441,142.01,224,
2026-07-09T11:54:45,GAT,blend,topk,True,node,first,median,10M,96545601.87,180117859.94,-0.2632,-9.2193,0.2011,153.1,87,
2026-07-09T11:54:45,GAT,blend,topk,True,node,first,median,100M,277402061.05,343904520.57,-1.9926,-51.9548,0.2377,166.31,22,
2026-07-09T11:54:53,GAT,attention,keepall,True,node,first,median,all,14641834.3,77988890.82,-0.8487,0.2965,0.5652,132.1,948,
2026-07-09T11:54:53,GAT,attention,keepall,True,node,first,median,1M,50923122.46,142294790.27,-0.6211,-3.2423,0.3713,151.7,224,
2026-07-09T11:54:53,GAT,attention,keepall,True,node,first,median,10M,121164500.62,225227796.86,-0.9751,-11.7561,0.0869,174.88,87,
2026-07-09T11:54:53,GAT,attention,keepall,True,node,first,median,100M,314660022.65,371682766.98,-2.4956,-70.8992,0.38,194.37,22,
2026-07-09T11:55:02,GAT,attention,topk,True,node,first,median,all,16829526.15,97562903.92,-1.8932,0.2562,0.5193,131.21,948,
2026-07-09T11:55:02,GAT,attention,topk,True,node,first,median,1M,53852437.66,160838947.52,-1.0711,-3.4904,0.3855,149.51,224,
2026-07-09T11:55:02,GAT,attention,topk,True,node,first,median,10M,128063068.97,254974202.2,-1.5313,-11.2716,-0.0466,166.77,87,
2026-07-09T11:55:02,GAT,attention,topk,True,node,first,median,100M,315391313.58,372551860.8,-2.512,-73.3467,0.3845,195.34,22,
2026-07-09T11:55:05,EdgeGNN,edge,bilateral,True,bilateral,first,median,all,10362333.83,56329528.43,0.0356,0.3424,0.6028,127.58,948,
2026-07-09T11:55:05,EdgeGNN,edge,bilateral,True,bilateral,first,median,1M,42709234.42,115849908.37,-0.0745,-3.2003,0.2516,145.49,224,
2026-07-09T11:55:05,EdgeGNN,edge,bilateral,True,bilateral,first,median,10M,101115746.77,184993517.3,-0.3325,-12.7414,0.0708,167.0,87,
2026-07-09T11:55:05,EdgeGNN,edge,bilateral,True,bilateral,first,median,100M,293644947.7,359505507.25,-2.2703,-75.934,0.1801,169.22,22,
2026-07-09T11:55:23,EdgeGAT,edge,bilateral,True,bilateral,first,median,all,67719041.67,666285816.47,-133.9357,0.3485,0.626,127.97,948,
2026-07-09T11:55:23,EdgeGAT,edge,bilateral,True,bilateral,first,median,1M,285119164.36,1370686187.76,-149.418,-3.372,0.2788,145.64,224,
2026-07-09T11:55:23,EdgeGAT,edge,bilateral,True,bilateral,first,median,10M,543059157.19,1989827887.21,-153.1614,-12.1005,0.1064,166.58,87,
2026-07-09T11:55:23,EdgeGAT,edge,bilateral,True,bilateral,first,median,100M,1129622642.57,2810930526.92,-198.9293,-68.2817,0.1767,183.02,22,
2026-07-09T15:35:54,RF,none,none,False,node,first,median,all,6359266.9,36757789.59,0.5116,0.6209,0.7862,101.94,965,
2026-07-09T15:35:54,RF,none,none,False,node,first,median,1M,26817037.22,76771904.53,0.4578,-0.9732,0.6,93.52,220,
2026-07-09T15:35:54,RF,none,none,False,node,first,median,10M,62959812.51,122181202.07,0.3299,-3.5577,0.5038,89.16,86,
2026-07-09T15:35:54,RF,none,none,False,node,first,median,100M,176817273.25,228460031.74,-0.4624,-17.5444,0.3208,90.59,21,
2026-07-09T15:36:04,TabTF,none,none,False,node,first,median,all,9293642.1,53329841.54,-0.028,0.1811,0.4562,134.54,965,
2026-07-09T15:36:04,TabTF,none,none,False,node,first,median,1M,40204394.16,111691126.39,-0.1477,-4.4476,0.3306,173.06,220,
2026-07-09T15:36:04,TabTF,none,none,False,node,first,median,10M,98067305.66,178578240.43,-0.4315,-17.6335,0.1936,193.4,86,
2026-07-09T15:36:04,TabTF,none,none,False,node,first,median,100M,299842078.52,354395863.06,-2.5191,-111.3147,0.2558,198.99,21,
2026-07-09T15:36:05,GCN,none,none,False,node,first,median,all,10869890.05,57254040.26,0.0036,0.2031,0.5294,132.49,948,
2026-07-09T15:36:05,GCN,none,none,False,node,first,median,1M,42628660.36,117375980.51,-0.103,-3.6883,0.2668,157.23,224,
2026-07-09T15:36:05,GCN,none,none,False,node,first,median,10M,102795129.59,188057689.03,-0.377,-13.0105,0.1436,170.76,87,
2026-07-09T15:36:05,GCN,none,none,False,node,first,median,100M,308961445.04,367067879.72,-2.4093,-70.6929,0.2976,187.1,22,
2026-07-09T15:36:13,GAT,none,none,False,node,first,median,all,12540633.45,65338128.35,-0.2976,0.3247,0.5629,129.88,948,
2026-07-09T15:36:13,GAT,none,none,False,node,first,median,1M,52263818.25,134410270.88,-0.4464,-3.4777,0.3006,147.65,224,
2026-07-09T15:36:13,GAT,none,none,False,node,first,median,10M,121252071.94,210954737.88,-0.7327,-13.4148,0.0496,172.67,87,
2026-07-09T15:36:13,GAT,none,none,False,node,first,median,100M,332952257.61,384753821.98,-2.7458,-77.6925,0.1632,185.4,22,
2026-07-09T15:36:31,GATv2,none,none,False,node,first,median,all,10259798.85,57020734.98,0.0117,0.26,0.5239,133.44,948,
2026-07-09T15:36:31,GATv2,none,none,False,node,first,median,1M,41791105.73,117261932.97,-0.1009,-3.8176,0.2841,157.48,224,
2026-07-09T15:36:31,GATv2,none,none,False,node,first,median,10M,101642069.18,187997955.01,-0.3761,-13.9526,0.1267,168.36,87,
2026-07-09T15:36:31,GATv2,none,none,False,node,first,median,100M,307466798.14,367439620.75,-2.4162,-73.8288,0.24,182.8,22,
2026-07-09T15:36:33,RF,concat,keepall,True,node,first,median,all,6274065.72,36751815.9,0.5118,0.672,0.8097,101.73,965,
2026-07-09T15:36:33,RF,concat,keepall,True,node,first,median,1M,27094095.63,76969688.24,0.455,-0.4921,0.7224,103.4,220,
2026-07-09T15:36:33,RF,concat,keepall,True,node,first,median,10M,65860624.45,123052363.47,0.3203,-1.8749,0.6019,103.18,86,
2026-07-09T15:36:33,RF,concat,keepall,True,node,first,median,100M,197208854.55,242787412.64,-0.6516,-8.7739,0.6571,102.78,21,
2026-07-09T15:37:05,TabTF,concat,keepall,True,node,first,median,all,10655874.98,55019486.66,-0.0942,0.2095,0.4802,133.95,965,
2026-07-09T15:37:05,TabTF,concat,keepall,True,node,first,median,1M,41529321.05,112088958.54,-0.1559,-4.9996,0.2879,174.82,220,
2026-07-09T15:37:05,TabTF,concat,keepall,True,node,first,median,10M,99049262.11,178734371.54,-0.434,-18.1439,0.1681,190.34,86,
2026-07-09T15:37:05,TabTF,concat,keepall,True,node,first,median,100M,299290464.49,353961204.5,-2.5104,-109.091,-0.0325,198.23,21,
2026-07-09T15:37:08,GCN,concat,keepall,True,node,first,median,all,55072597.71,561494285.76,-94.8289,0.2083,0.5615,134.55,948,
2026-07-09T15:37:08,GCN,concat,keepall,True,node,first,median,1M,110984795.3,622188895.02,-29.9933,-2.8602,0.3663,149.22,224,
2026-07-09T15:37:08,GCN,concat,keepall,True,node,first,median,10M,243557211.38,971134423.34,-35.72,-9.3893,0.2167,169.42,87,
2026-07-09T15:37:08,GCN,concat,keepall,True,node,first,median,100M,289022825.64,351617479.56,-2.1284,-49.71,0.3924,173.13,22,
2026-07-09T15:37:15,GAT,concat,keepall,True,node,first,median,all,9888122.11,56080925.27,0.044,0.2664,0.491,132.78,948,
2026-07-09T15:37:15,GAT,concat,keepall,True,node,first,median,1M,40969002.62,115364124.63,-0.0655,-3.4659,0.3861,152.51,224,
2026-07-09T15:37:15,GAT,concat,keepall,True,node,first,median,10M,100546290.71,185023313.02,-0.3329,-12.2542,0.2557,168.99,87,
2026-07-09T15:37:15,GAT,concat,keepall,True,node,first,median,100M,302938927.68,361447543.75,-2.3057,-58.5509,0.3043,181.52,22,
2026-07-09T15:37:42,GATv2,concat,keepall,True,node,first,median,all,9927572.25,54936023.2,0.0827,0.309,0.5736,130.48,948,
2026-07-09T15:37:42,GATv2,concat,keepall,True,node,first,median,1M,40735183.57,112991110.72,-0.0221,-2.2686,0.421,141.92,224,
2026-07-09T15:37:42,GATv2,concat,keepall,True,node,first,median,10M,97876051.8,180910919.24,-0.2743,-8.6786,0.1716,156.57,87,
2026-07-09T15:37:42,GATv2,concat,keepall,True,node,first,median,100M,289951214.14,352776893.09,-2.149,-46.8035,0.2524,167.12,22,
2026-07-09T15:37:44,RF,concat,topk,True,node,first,median,all,6506133.8,38093236.82,0.4755,0.6138,0.7761,105.78,965,
2026-07-09T15:37:44,RF,concat,topk,True,node,first,median,1M,27889646.15,79770393.76,0.4146,-1.3996,0.6224,109.93,220,
2026-07-09T15:37:44,RF,concat,topk,True,node,first,median,10M,67787864.91,127529298.18,0.2699,-4.0092,0.4155,114.61,86,
2026-07-09T15:37:44,RF,concat,topk,True,node,first,median,100M,200796622.68,251372628.84,-0.7705,-20.9577,0.6481,121.1,21,
2026-07-09T15:38:06,TabTF,concat,topk,True,node,first,median,all,12508745.22,60740642.62,-0.3336,0.2207,0.5897,132.82,965,
2026-07-09T15:38:06,TabTF,concat,topk,True,node,first,median,1M,42643206.1,114156531.93,-0.1989,-2.0232,0.2823,132.51,220,
2026-07-09T15:38:06,TabTF,concat,topk,True,node,first,median,10M,97575814.77,178798797.91,-0.4351,-8.344,0.0634,158.26,86,
2026-07-09T15:38:06,TabTF,concat,topk,True,node,first,median,100M,293570084.8,349700642.7,-2.4264,-62.0692,0.226,190.02,21,
2026-07-09T15:38:07,GCN,concat,topk,True,node,first,median,all,12328763.53,60544454.32,-0.1142,0.2011,0.539,135.77,948,
2026-07-09T15:38:07,GCN,concat,topk,True,node,first,median,1M,44529952.25,115017014.31,-0.0591,-2.4811,0.3532,144.78,224,
2026-07-09T15:38:07,GCN,concat,topk,True,node,first,median,10M,103917406.21,183073355.74,-0.305,-7.7088,0.1748,158.56,87,
2026-07-09T15:38:07,GCN,concat,topk,True,node,first,median,100M,285637716.19,348000358.53,-2.0643,-41.5913,0.4478,168.95,22,
2026-07-09T15:38:15,GAT,concat,topk,True,node,first,median,all,9760502.12,55788026.35,0.054,0.3477,0.5756,128.06,948,
2026-07-09T15:38:15,GAT,concat,topk,True,node,first,median,1M,40252550.97,114754801.23,-0.0543,-2.5059,0.4383,138.38,224,
2026-07-09T15:38:15,GAT,concat,topk,True,node,first,median,10M,98214741.6,183975605.33,-0.3178,-8.9408,0.2107,154.6,87,
2026-07-09T15:38:15,GAT,concat,topk,True,node,first,median,100M,299360194.39,359786043.66,-2.2754,-49.0523,0.2942,175.9,22,
2026-07-09T15:38:31,GATv2,concat,topk,True,node,first,median,all,9866653.27,55998043.25,0.0469,0.35,0.5716,128.68,948,
2026-07-09T15:38:31,GATv2,concat,topk,True,node,first,median,1M,41004185.6,115195715.09,-0.0624,-2.7112,0.4711,147.18,224,
2026-07-09T15:38:31,GATv2,concat,topk,True,node,first,median,10M,100309673.43,184677908.77,-0.3279,-10.1254,0.2007,166.71,87,
2026-07-09T15:38:31,GATv2,concat,topk,True,node,first,median,100M,301251458.8,360771698.01,-2.2934,-56.3199,0.1937,180.43,22,
2026-07-09T15:38:32,RF,none,none,False,node,spec,median,all,661416994.21,4194947415.18,0.4016,0.7267,0.8663,112.56,965,
2026-07-09T15:38:32,RF,none,none,False,node,spec,median,1M,1262795274.11,5798879907.31,0.3867,0.1802,0.7411,104.46,505,
2026-07-09T15:38:32,RF,none,none,False,node,spec,median,10M,1863781727.6,7056777680.31,0.3711,-0.2128,0.677,101.98,341,
2026-07-09T15:38:32,RF,none,none,False,node,spec,median,100M,3521601982.9,9809331296.13,0.3241,-1.0732,0.6182,100.93,176,
2026-07-09T15:38:42,TabTF,none,none,False,node,spec,median,all,856931203.47,5432589144.1,-0.0036,0.4582,0.6984,135.3,965,
2026-07-09T15:38:42,TabTF,none,none,False,node,spec,median,1M,1635678132.0,7509734376.89,-0.0285,-0.5354,0.4596,131.1,505,
2026-07-09T15:38:42,TabTF,none,none,False,node,spec,median,10M,2417626642.42,9138868790.85,-0.0548,-1.7268,0.3156,139.2,341,
2026-07-09T15:38:42,TabTF,none,none,False,node,spec,median,100M,4628262854.46,12719808796.98,-0.1364,-6.1879,0.2985,157.74,176,
2026-07-09T15:38:42,GCN,none,none,False,node,spec,median,all,1015035481.4,5655017572.52,-0.0716,0.3538,0.6482,145.15,948,
2026-07-09T15:38:42,GCN,none,none,False,node,spec,median,1M,1905501547.96,7770489357.05,-0.0979,-1.0123,0.3488,147.83,502,
2026-07-09T15:38:42,GCN,none,none,False,node,spec,median,10M,2756805459.95,9426463250.94,-0.1222,-2.5037,0.2357,155.02,340,
2026-07-09T15:38:42,GCN,none,none,False,node,spec,median,100M,4937259819.76,12883694551.63,-0.1578,-7.5647,0.3343,165.45,174,
2026-07-09T15:38:50,GAT,none,none,False,node,spec,median,all,923395455.6,5476234030.06,-0.0049,0.2178,0.5301,149.97,948,
2026-07-09T15:38:50,GAT,none,none,False,node,spec,median,1M,1705310158.54,7514616380.74,-0.0268,-1.0352,0.2885,148.13,502,
2026-07-09T15:38:50,GAT,none,none,False,node,spec,median,10M,2486150994.44,9128799702.29,-0.0524,-2.7615,0.2002,161.6,340,
2026-07-09T15:38:50,GAT,none,none,False,node,spec,median,100M,4712891673.23,12754168115.49,-0.1347,-8.6517,0.2984,172.16,174,
2026-07-09T15:39:06,GATv2,none,none,False,node,spec,median,all,996255620.14,5426176857.54,0.0133,0.2599,0.5857,149.48,948,
2026-07-09T15:39:06,GATv2,none,none,False,node,spec,median,1M,1788154254.91,7359760449.66,0.0151,-1.2072,0.3398,153.5,502,
2026-07-09T15:39:06,GATv2,none,none,False,node,spec,median,10M,2545693066.3,8910559657.82,-0.0027,-2.8927,0.245,159.74,340,
2026-07-09T15:39:06,GATv2,none,none,False,node,spec,median,100M,4635457668.81,12407098656.85,-0.0738,-8.0552,0.3016,167.53,174,
2026-07-09T15:39:07,RF,concat,keepall,True,node,spec,median,all,661483764.46,4199796255.37,0.4002,0.7606,0.8856,115.18,965,
2026-07-09T15:39:07,RF,concat,keepall,True,node,spec,median,1M,1263612645.65,5805587505.77,0.3853,0.3336,0.7873,106.7,505,
2026-07-09T15:39:07,RF,concat,keepall,True,node,spec,median,10M,1868704496.07,7065036265.24,0.3696,0.0224,0.7462,106.06,341,
2026-07-09T15:39:07,RF,concat,keepall,True,node,spec,median,100M,3592158536.03,9834027106.93,0.3207,-0.7487,0.7272,109.07,176,
2026-07-09T15:39:28,TabTF,concat,keepall,True,node,spec,median,all,865782672.05,5394998101.62,0.0103,0.4122,0.6634,140.71,965,
2026-07-09T15:39:28,TabTF,concat,keepall,True,node,spec,median,1M,1649661470.22,7457532070.64,-0.0143,-1.0393,0.4572,144.97,505,
2026-07-09T15:39:28,TabTF,concat,keepall,True,node,spec,median,10M,2437496795.91,9075266454.37,-0.0402,-2.6583,0.3126,153.81,341,
2026-07-09T15:39:28,TabTF,concat,keepall,True,node,spec,median,100M,4661130312.02,12631035149.42,-0.1206,-8.0156,0.3345,170.34,176,
2026-07-09T15:39:29,GCN,concat,keepall,True,node,spec,median,all,5407831736.99,44246330648.31,-64.6044,0.2761,0.5875,148.72,948,
2026-07-09T15:39:29,GCN,concat,keepall,True,node,spec,median,1M,8847458054.99,55614241563.4,-55.2378,-1.1601,0.3766,152.56,502,
2026-07-09T15:39:29,GCN,concat,keepall,True,node,spec,median,10M,13002941262.1,67571337076.98,-56.6628,-2.8272,0.2627,159.85,340,
2026-07-09T15:39:29,GCN,concat,keepall,True,node,spec,median,100M,17129241786.04,75524097120.74,-38.7871,-8.0038,0.369,175.75,174,
2026-07-09T15:39:37,GAT,concat,keepall,True,node,spec,median,all,838824157.56,5035321261.85,0.1504,0.3388,0.5964,143.85,948,
2026-07-09T15:39:37,GAT,concat,keepall,True,node,spec,median,1M,1581997752.67,6919570449.02,0.1294,-0.7835,0.4754,142.91,502,
2026-07-09T15:39:37,GAT,concat,keepall,True,node,spec,median,10M,2327589675.48,8407911859.36,0.1072,-2.1151,0.4303,149.35,340,
2026-07-09T15:39:37,GAT,concat,keepall,True,node,spec,median,100M,4482472893.82,11751107919.3,0.0368,-5.544,0.3957,157.22,174,
2026-07-09T15:39:56,GATv2,concat,keepall,True,node,spec,median,all,852409777.81,5126854497.54,0.1192,0.3714,0.625,141.51,948,
2026-07-09T15:39:56,GATv2,concat,keepall,True,node,spec,median,1M,1607107857.04,7045352838.85,0.0975,-0.7935,0.4442,144.07,502,
2026-07-09T15:39:56,GATv2,concat,keepall,True,node,spec,median,10M,2359044703.02,8560572265.61,0.0745,-2.1446,0.3814,148.33,340,
2026-07-09T15:39:56,GATv2,concat,keepall,True,node,spec,median,100M,4551638505.66,11966028023.95,0.0012,-6.0102,0.3295,155.19,174,
2026-07-09T15:39:58,RF,concat,topk,True,node,spec,median,all,660485025.56,4191118891.14,0.4027,0.7103,0.8574,116.77,965,
2026-07-09T15:39:58,RF,concat,topk,True,node,spec,median,1M,1261393107.48,5793591070.13,0.3879,0.1007,0.7193,109.17,505,
2026-07-09T15:39:58,RF,concat,topk,True,node,spec,median,10M,1864947199.84,7050428621.66,0.3722,-0.4544,0.6591,109.93,341,
2026-07-09T15:39:58,RF,concat,topk,True,node,spec,median,100M,3578142560.62,9813443365.29,0.3236,-2.0676,0.6365,115.1,176,
2026-07-09T15:40:21,TabTF,concat,topk,True,node,spec,median,all,873897092.44,5443519717.4,-0.0076,0.4407,0.6862,138.7,965,
2026-07-09T15:40:21,TabTF,concat,topk,True,node,spec,median,1M,1661837501.39,7524173303.04,-0.0325,-0.7395,0.4916,140.29,505,
2026-07-09T15:40:21,TabTF,concat,topk,True,node,spec,median,10M,2449628632.89,9156129946.79,-0.0588,-2.0651,0.3504,148.29,341,
2026-07-09T15:40:21,TabTF,concat,topk,True,node,spec,median,100M,4638237339.28,12740591483.01,-0.1402,-6.1664,0.3596,157.65,176,
2026-07-09T15:40:22,GCN,concat,topk,True,node,spec,median,all,1108123603.78,7346262009.59,-0.8085,0.4813,0.7179,136.44,948,
2026-07-09T15:40:22,GCN,concat,topk,True,node,spec,median,1M,2090061382.42,10095276453.88,-0.8531,-0.3641,0.5238,132.98,502,
2026-07-09T15:40:22,GCN,concat,topk,True,node,spec,median,10M,3069520055.09,12266513421.86,-0.9003,-1.2268,0.4402,137.39,340,
2026-07-09T15:40:22,GCN,concat,topk,True,node,spec,median,100M,5640744061.6,16899616400.42,-0.9922,-4.123,0.3979,144.77,174,
2026-07-09T15:40:33,GAT,concat,topk,True,node,spec,median,all,848581794.17,5197220016.36,0.0949,0.3898,0.6286,141.0,948,
2026-07-09T15:40:33,GAT,concat,topk,True,node,spec,median,1M,1599622579.31,7142045648.63,0.0725,-0.699,0.4813,140.57,502,
2026-07-09T15:40:33,GAT,concat,topk,True,node,spec,median,10M,2351468504.16,8678133677.8,0.0489,-1.9422,0.4181,146.0,340,
2026-07-09T15:40:33,GAT,concat,topk,True,node,spec,median,100M,4537935407.82,12130236344.77,-0.0264,-5.7099,0.4078,154.94,174,
2026-07-09T15:40:55,GATv2,concat,topk,True,node,spec,median,all,939165788.13,5195633305.69,0.0954,0.3783,0.6158,143.29,948,
2026-07-09T15:40:55,GATv2,concat,topk,True,node,spec,median,1M,1770522730.7,7139863445.7,0.0731,-0.7608,0.4732,142.08,502,
2026-07-09T15:40:55,GATv2,concat,topk,True,node,spec,median,10M,2599174694.08,8675292354.87,0.0495,-2.0117,0.4119,144.39,340,
2026-07-09T15:40:55,GATv2,concat,topk,True,node,spec,median,100M,4931768198.05,12088148495.01,-0.0193,-5.4295,0.3561,154.74,174,
2026-07-09T15:41:02,GAT,blend,keepall,True,node,first,median,all,9874121.32,54310316.37,0.1035,0.2444,0.4819,131.25,948,
2026-07-09T15:41:02,GAT,blend,keepall,True,node,first,median,1M,40708351.47,111711399.94,0.0009,-3.4991,0.4337,153.01,224,
2026-07-09T15:41:02,GAT,blend,keepall,True,node,first,median,10M,97818602.28,178415896.05,-0.2394,-11.2111,0.23,164.51,87,
2026-07-09T15:41:02,GAT,blend,keepall,True,node,first,median,100M,281059068.85,344818876.36,-2.0086,-54.3614,0.3303,168.3,22,
2026-07-09T15:41:11,GAT,blend,topk,True,node,first,median,all,15778735.09,81052733.0,-0.9968,0.2522,0.5433,131.09,948,
2026-07-09T15:41:11,GAT,blend,topk,True,node,first,median,1M,50790198.74,138704140.39,-0.5403,-3.1336,0.3855,152.5,224,
2026-07-09T15:41:11,GAT,blend,topk,True,node,first,median,10M,116955911.57,214482792.79,-0.7911,-10.9744,0.162,171.61,87,
2026-07-09T15:41:11,GAT,blend,topk,True,node,first,median,100M,311308846.32,368903781.6,-2.4435,-64.9843,0.2885,190.6,22,
2026-07-09T15:41:20,GAT,attention,keepall,True,node,first,median,all,9966051.84,56917696.37,0.0153,0.3134,0.554,128.68,948,
2026-07-09T15:41:20,GAT,attention,keepall,True,node,first,median,1M,41421373.69,117087372.93,-0.0976,-3.4968,0.386,150.77,224,
2026-07-09T15:41:20,GAT,attention,keepall,True,node,first,median,10M,101033691.74,187747157.65,-0.3724,-11.6924,0.0501,161.21,87,
2026-07-09T15:41:20,GAT,attention,keepall,True,node,first,median,100M,309244996.55,367452787.49,-2.4165,-72.3972,0.1903,187.67,22,
2026-07-09T15:41:28,GAT,attention,topk,True,node,first,median,all,10870841.15,58022709.9,-0.0233,0.3136,0.5527,129.15,948,
2026-07-09T15:41:28,GAT,attention,topk,True,node,first,median,1M,42934374.67,118054110.39,-0.1158,-3.1102,0.3988,153.44,224,
2026-07-09T15:41:28,GAT,attention,topk,True,node,first,median,10M,104948939.36,189289005.37,-0.3951,-10.5818,0.0525,171.56,87,
2026-07-09T15:41:28,GAT,attention,topk,True,node,first,median,100M,310259923.46,367869553.01,-2.4242,-66.1981,0.4805,189.8,22,
2026-07-09T15:41:31,EdgeGNN,edge,bilateral,True,bilateral,first,median,all,16300339.11,190521677.61,-10.033,0.3446,0.5977,128.73,948,
2026-07-09T15:41:31,EdgeGNN,edge,bilateral,True,bilateral,first,median,1M,67983911.87,391942448.39,-11.299,-3.0365,0.2724,141.41,224,
2026-07-09T15:41:31,EdgeGNN,edge,bilateral,True,bilateral,first,median,10M,102764892.76,188522601.2,-0.3838,-11.3536,0.055,162.62,87,
2026-07-09T15:41:31,EdgeGNN,edge,bilateral,True,bilateral,first,median,100M,300558023.44,365226644.07,-2.3752,-73.2661,0.1914,174.39,22,
2026-07-09T15:41:48,EdgeGAT,edge,bilateral,True,bilateral,first,median,all,16497425.54,99585679.18,-2.0144,0.2708,0.603,132.18,948,
2026-07-09T15:41:48,EdgeGAT,edge,bilateral,True,bilateral,first,median,1M,64656571.22,204499408.41,-2.3482,-2.4233,0.2429,135.52,224,
2026-07-09T15:41:48,EdgeGAT,edge,bilateral,True,bilateral,first,median,10M,110752574.21,193157545.73,-0.4527,-8.8495,0.1494,153.4,87,
2026-07-09T15:41:48,EdgeGAT,edge,bilateral,True,bilateral,first,median,100M,291452796.96,349802898.69,-2.0962,-52.3757,0.2072,157.5,22,
2026-07-09T15:42:11,EdgeGAT_full,edge_full,ka_tk,True,bilateral,first,median,all,9828005.75,54112254.49,0.11,0.3261,0.5999,127.69,948,
2026-07-09T15:42:11,EdgeGAT_full,edge_full,ka_tk,True,bilateral,first,median,1M,40016699.12,111274695.06,0.0087,-2.3162,0.3264,135.53,224,
2026-07-09T15:42:11,EdgeGAT_full,edge_full,ka_tk,True,bilateral,first,median,10M,93850994.72,177977650.61,-0.2333,-8.8454,0.2187,146.51,87,
2026-07-09T15:42:11,EdgeGAT_full,edge_full,ka_tk,True,bilateral,first,median,100M,282715981.38,347418665.68,-2.0541,-50.0447,0.1542,163.69,22,
2026-07-09T15:52:50,RF,none,none,False,node,first,median,all,6359266.9,36757789.59,0.5116,0.6209,0.7862,101.94,965,
2026-07-09T15:52:50,RF,none,none,False,node,first,median,1M,26817037.22,76771904.53,0.4578,-0.9732,0.6,93.52,220,
2026-07-09T15:52:50,RF,none,none,False,node,first,median,10M,62959812.51,122181202.07,0.3299,-3.5577,0.5038,89.16,86,
2026-07-09T15:52:50,RF,none,none,False,node,first,median,100M,176817273.25,228460031.74,-0.4624,-17.5444,0.3208,90.59,21,
2026-07-09T15:52:55,RF,none,none,False,node,first,median,all,6359266.9,36757789.59,0.5116,0.6209,0.7862,101.94,965,
2026-07-09T15:52:55,RF,none,none,False,node,first,median,1M,26817037.22,76771904.53,0.4578,-0.9732,0.6,93.52,220,
2026-07-09T15:52:55,RF,none,none,False,node,first,median,10M,62959812.51,122181202.07,0.3299,-3.5577,0.5038,89.16,86,
2026-07-09T15:52:55,RF,none,none,False,node,first,median,100M,176817273.25,228460031.74,-0.4624,-17.5444,0.3208,90.59,21,
2026-07-09T15:53:15,TabTF,none,none,False,node,first,median,all,10526705.17,55581162.35,-0.1167,0.3326,0.6173,128.58,965,
2026-07-09T15:53:15,TabTF,none,none,False,node,first,median,1M,45242651.65,116401807.19,-0.2465,-2.6257,0.3013,141.32,220,
2026-07-09T15:53:15,TabTF,none,none,False,node,first,median,10M,100827007.77,179627967.77,-0.4484,-10.6861,0.0689,166.11,86,
2026-07-09T15:53:15,TabTF,none,none,False,node,first,median,100M,290194853.95,349002260.38,-2.4128,-75.2419,0.174,184.04,21,
2026-07-09T15:53:17,GCN,none,none,False,node,first,median,all,11199142.78,57256082.67,0.0036,0.2135,0.5372,133.38,948,
2026-07-09T15:53:17,GCN,none,none,False,node,first,median,1M,42993621.97,115971092.15,-0.0768,-3.1935,0.2791,151.61,224,
2026-07-09T15:53:17,GCN,none,none,False,node,first,median,10M,102193248.1,185507620.41,-0.3399,-11.2405,0.1129,165.55,87,
2026-07-09T15:53:17,GCN,none,none,False,node,first,median,100M,300845424.91,360801616.71,-2.2939,-60.3991,0.2772,178.07,22,
2026-07-09T15:53:26,GAT,none,none,False,node,first,median,all,10211579.35,56304731.42,0.0364,0.2818,0.5502,133.04,948,
2026-07-09T15:53:26,GAT,none,none,False,node,first,median,1M,40720791.31,115737447.58,-0.0724,-3.1933,0.296,148.36,224,
2026-07-09T15:53:26,GAT,none,none,False,node,first,median,10M,99942298.32,185644209.22,-0.3419,-12.1156,0.1747,162.82,87,
2026-07-09T15:53:26,GAT,none,none,False,node,first,median,100M,304795930.47,363002579.18,-2.3342,-67.8501,0.2388,180.75,22,
2026-07-09T15:53:52,GATv2,none,none,False,node,first,median,all,10495002.82,57239742.0,0.0041,0.1913,0.4958,133.21,948,
2026-07-09T15:53:52,GATv2,none,none,False,node,first,median,1M,41743853.76,117586868.4,-0.107,-4.0098,0.2656,159.07,224,
2026-07-09T15:53:52,GATv2,none,none,False,node,first,median,10M,102161497.49,188599663.03,-0.3849,-14.6863,0.1175,171.46,87,
2026-07-09T15:53:52,GATv2,none,none,False,node,first,median,100M,311139753.04,368801149.21,-2.4416,-79.2985,0.3337,189.61,22,
2026-07-09T15:53:54,RF,concat,keepall,True,node,first,median,all,6274065.72,36751815.9,0.5118,0.672,0.8097,101.73,965,
2026-07-09T15:53:54,RF,concat,keepall,True,node,first,median,1M,27094095.63,76969688.24,0.455,-0.4921,0.7224,103.4,220,
2026-07-09T15:53:54,RF,concat,keepall,True,node,first,median,10M,65860624.45,123052363.47,0.3203,-1.8749,0.6019,103.18,86,
2026-07-09T15:53:54,RF,concat,keepall,True,node,first,median,100M,197208854.55,242787412.64,-0.6516,-8.7739,0.6571,102.78,21,
2026-07-09T15:54:20,TabTF,concat,keepall,True,node,first,median,all,9478024.27,53258533.93,-0.0253,0.2808,0.5461,130.53,965,
2026-07-09T15:54:20,TabTF,concat,keepall,True,node,first,median,1M,39829114.08,111364419.67,-0.141,-4.3993,0.2497,165.08,220,
2026-07-09T15:54:20,TabTF,concat,keepall,True,node,first,median,10M,96912630.56,178040364.21,-0.4229,-16.2714,0.1093,183.99,86,
2026-07-09T15:54:20,TabTF,concat,keepall,True,node,first,median,100M,298897477.01,353613468.86,-2.5035,-103.5473,0.2364,197.71,21,
2026-07-09T15:54:21,GCN,concat,keepall,True,node,first,median,all,1643189288.61,16560407733.08,-83357.0935,0.0669,0.5235,138.23,948,
2026-07-09T15:54:21,GCN,concat,keepall,True,node,first,median,1M,2829392835.52,21411278567.5,-36702.621,-4.1056,0.2531,152.14,224,
2026-07-09T15:54:21,GCN,concat,keepall,True,node,first,median,10M,4463542868.24,28784959382.43,-32259.848,-12.4748,0.1301,172.9,87,
2026-07-09T15:54:21,GCN,concat,keepall,True,node,first,median,100M,297319288.64,357018678.01,-2.2252,-66.1469,0.2185,179.2,22,
2026-07-09T15:54:28,GAT,concat,keepall,True,node,first,median,all,10335818.97,54162900.28,0.1083,0.2949,0.5422,132.14,948,
2026-07-09T15:54:28,GAT,concat,keepall,True,node,first,median,1M,42297478.19,111390244.73,0.0066,-3.2164,0.3707,147.57,224,
2026-07-09T15:54:28,GAT,concat,keepall,True,node,first,median,10M,99208673.37,176147488.61,-0.2081,-11.2602,0.199,158.55,87,
2026-07-09T15:54:28,GAT,concat,keepall,True,node,first,median,100M,267120984.98,333574855.03,-1.8155,-50.1676,0.3168,153.98,22,
2026-07-09T15:54:44,GATv2,concat,keepall,True,node,first,median,all,10338701.64,56885932.44,0.0164,0.274,0.5253,132.14,948,
2026-07-09T15:54:44,GATv2,concat,keepall,True,node,first,median,1M,41681037.82,116799248.23,-0.0922,-2.767,0.368,146.33,224,
2026-07-09T15:54:44,GATv2,concat,keepall,True,node,first,median,10M,101702751.14,187263019.1,-0.3654,-10.6157,0.1608,164.75,87,
2026-07-09T15:54:44,GATv2,concat,keepall,True,node,first,median,100M,307280317.38,365852075.2,-2.3868,-58.104,0.2851,184.44,22,
2026-07-09T15:54:46,RF,concat,topk,True,node,first,median,all,6506133.8,38093236.82,0.4755,0.6138,0.7761,105.78,965,
2026-07-09T15:54:46,RF,concat,topk,True,node,first,median,1M,27889646.15,79770393.76,0.4146,-1.3996,0.6224,109.93,220,
2026-07-09T15:54:46,RF,concat,topk,True,node,first,median,10M,67787864.91,127529298.18,0.2699,-4.0092,0.4155,114.61,86,
2026-07-09T15:54:46,RF,concat,topk,True,node,first,median,100M,200796622.68,251372628.84,-0.7705,-20.9577,0.6481,121.1,21,
2026-07-09T15:55:09,TabTF,concat,topk,True,node,first,median,all,9925647.79,53507528.94,-0.0349,0.1597,0.4616,135.67,965,
2026-07-09T15:55:09,TabTF,concat,topk,True,node,first,median,1M,40155518.38,111206607.74,-0.1377,-3.2812,0.3315,158.94,220,
2026-07-09T15:55:09,TabTF,concat,topk,True,node,first,median,10M,96924688.36,177639742.39,-0.4165,-12.9446,0.2858,183.03,86,
2026-07-09T15:55:09,TabTF,concat,topk,True,node,first,median,100M,297881898.92,352756383.58,-2.4866,-76.5552,0.0636,196.02,21,
2026-07-09T15:55:10,GCN,concat,topk,True,node,first,median,all,11112657.79,59786631.64,-0.0865,0.3097,0.5863,131.13,948,
2026-07-09T15:55:10,GCN,concat,topk,True,node,first,median,1M,45256249.22,122941686.46,-0.2101,-2.7493,0.3883,147.05,224,
2026-07-09T15:55:10,GCN,concat,topk,True,node,first,median,10M,107523817.85,195526310.59,-0.4885,-9.4243,0.2807,167.68,87,
2026-07-09T15:55:10,GCN,concat,topk,True,node,first,median,100M,298402894.35,358528917.56,-2.2526,-51.7456,0.2919,172.29,22,
2026-07-09T15:55:18,GAT,concat,topk,True,node,first,median,all,9774576.54,54195540.55,0.1072,0.3212,0.5674,129.34,948,
2026-07-09T15:55:18,GAT,concat,topk,True,node,first,median,1M,40359111.16,111481229.07,0.005,-2.8352,0.4407,141.35,224,
2026-07-09T15:55:18,GAT,concat,topk,True,node,first,median,10M,96987109.76,178161512.4,-0.2359,-9.5862,0.1805,155.92,87,
2026-07-09T15:55:18,GAT,concat,topk,True,node,first,median,100M,280715170.43,344844716.02,-2.009,-49.2022,0.2953,165.4,22,
2026-07-09T15:55:35,GATv2,concat,topk,True,node,first,median,all,12329361.36,61564472.46,-0.152,0.278,0.5353,130.3,948,
2026-07-09T15:55:35,GATv2,concat,topk,True,node,first,median,1M,45424342.77,120687309.28,-0.1661,-2.7781,0.4382,149.82,224,
2026-07-09T15:55:35,GATv2,concat,topk,True,node,first,median,10M,107682999.66,191835800.09,-0.4329,-9.9084,0.1893,166.9,87,
2026-07-09T15:55:35,GATv2,concat,topk,True,node,first,median,100M,304442778.26,362943415.11,-2.3331,-54.2634,0.2626,182.9,22,
2026-07-09T15:55:36,RF,none,none,False,node,spec,median,all,661416994.21,4194947415.18,0.4016,0.7267,0.8663,112.56,965,
2026-07-09T15:55:36,RF,none,none,False,node,spec,median,1M,1262795274.11,5798879907.31,0.3867,0.1802,0.7411,104.46,505,
2026-07-09T15:55:36,RF,none,none,False,node,spec,median,10M,1863781727.6,7056777680.31,0.3711,-0.2128,0.677,101.98,341,
2026-07-09T15:55:36,RF,none,none,False,node,spec,median,100M,3521601982.9,9809331296.13,0.3241,-1.0732,0.6182,100.93,176,
2026-07-09T15:55:52,TabTF,none,none,False,node,spec,median,all,874447444.73,5483345290.98,-0.0224,0.332,0.6066,143.43,965,
2026-07-09T15:55:52,TabTF,none,none,False,node,spec,median,1M,1669814342.78,7579900945.9,-0.0478,-1.3075,0.3882,147.92,505,
2026-07-09T15:55:52,TabTF,none,none,False,node,spec,median,10M,2470893834.96,9224269542.3,-0.0746,-3.3389,0.2883,162.6,341,
2026-07-09T15:55:52,TabTF,none,none,False,node,spec,median,100M,4755488943.93,12839454314.55,-0.1579,-10.3653,0.3002,184.84,176,
2026-07-09T15:55:53,GCN,none,none,False,node,spec,median,all,1215605803.93,7787391882.18,-1.0322,0.3267,0.6278,146.45,948,
2026-07-09T15:55:53,GCN,none,none,False,node,spec,median,1M,2277803017.46,10699935787.99,-1.0817,-0.8867,0.3311,147.15,502,
2026-07-09T15:55:53,GCN,none,none,False,node,spec,median,10M,3307572417.13,12998102875.48,-1.1337,-2.1217,0.2321,152.55,340,
2026-07-09T15:55:53,GCN,none,none,False,node,spec,median,100M,5821512424.21,17873550865.52,-1.2284,-6.2255,0.3425,158.31,174,
2026-07-09T15:56:01,GAT,none,none,False,node,spec,median,all,911489086.24,5389948909.45,0.0265,0.251,0.5539,149.79,948,
2026-07-09T15:56:01,GAT,none,none,False,node,spec,median,1M,1687893088.41,7391625392.54,0.0066,-1.2128,0.329,153.99,502,
2026-07-09T15:56:01,GAT,none,none,False,node,spec,median,10M,2462379941.1,8978864193.11,-0.0182,-3.1076,0.2339,164.31,340,
2026-07-09T15:56:01,GAT,none,none,False,node,spec,median,100M,4662897342.26,12544618209.0,-0.0977,-9.2803,0.3188,173.51,174,
2026-07-09T15:56:17,GATv2,none,none,False,node,spec,median,all,891643783.65,5391737111.99,0.0258,0.3015,0.5771,146.38,948,
2026-07-09T15:56:17,GATv2,none,none,False,node,spec,median,1M,1667483342.86,7404838894.96,0.003,-0.8314,0.334,144.57,502,
2026-07-09T15:56:17,GATv2,none,none,False,node,spec,median,10M,2444717509.1,8996862334.2,-0.0222,-2.372,0.2498,157.66,340,
2026-07-09T15:56:17,GATv2,none,none,False,node,spec,median,100M,4654227579.78,12570448186.88,-0.1022,-7.6427,0.3314,169.86,174,
2026-07-09T15:56:18,RF,concat,keepall,True,node,spec,median,all,661483764.46,4199796255.37,0.4002,0.7606,0.8856,115.18,965,
2026-07-09T15:56:18,RF,concat,keepall,True,node,spec,median,1M,1263612645.65,5805587505.77,0.3853,0.3336,0.7873,106.7,505,
2026-07-09T15:56:18,RF,concat,keepall,True,node,spec,median,10M,1868704496.07,7065036265.24,0.3696,0.0224,0.7462,106.06,341,
2026-07-09T15:56:18,RF,concat,keepall,True,node,spec,median,100M,3592158536.03,9834027106.93,0.3207,-0.7487,0.7272,109.07,176,
2026-07-09T15:56:40,TabTF,concat,keepall,True,node,spec,median,all,1068220856.69,5806808713.93,-0.1466,0.0718,0.4719,152.79,965,
2026-07-09T15:56:40,TabTF,concat,keepall,True,node,spec,median,1M,1965401990.77,7950593718.94,-0.1528,-0.301,0.3229,130.45,505,
2026-07-09T15:56:40,TabTF,concat,keepall,True,node,spec,median,10M,2864606773.12,9650707179.58,-0.1763,-1.4479,0.2448,143.68,341,
2026-07-09T15:56:40,TabTF,concat,keepall,True,node,spec,median,100M,4910678991.51,12898001467.68,-0.1685,-5.7009,0.3717,180.23,176,
2026-07-09T15:56:41,GCN,concat,keepall,True,node,spec,median,all,111558624847.29,1290214142642.68,-55782.0034,0.2566,0.6139,148.58,948,
2026-07-09T15:56:41,GCN,concat,keepall,True,node,spec,median,1M,203567163080.86,1767403919048.21,-56796.3674,-0.9741,0.4073,144.57,502,
2026-07-09T15:56:41,GCN,concat,keepall,True,node,spec,median,10M,294602433538.32,2144780815962.82,-58093.7376,-2.4171,0.3097,150.18,340,
2026-07-09T15:56:41,GCN,concat,keepall,True,node,spec,median,100M,227225238471.03,2080031231418.29,-30178.4344,-5.8858,0.4165,157.83,174,
2026-07-09T15:56:49,GAT,concat,keepall,True,node,spec,median,all,873864013.83,5070438541.5,0.1385,0.3746,0.5942,143.18,948,
2026-07-09T15:56:49,GAT,concat,keepall,True,node,spec,median,1M,1648140304.02,6967830360.28,0.1172,-0.5817,0.485,140.11,502,
2026-07-09T15:56:49,GAT,concat,keepall,True,node,spec,median,10M,2427697006.31,8466600265.33,0.0947,-1.8318,0.4359,145.21,340,
2026-07-09T15:56:49,GAT,concat,keepall,True,node,spec,median,100M,4692039984.07,11834258944.15,0.0231,-5.3164,0.3653,155.33,174,
2026-07-09T15:57:06,GATv2,concat,keepall,True,node,spec,median,all,893249489.76,5077903505.93,0.1359,0.3221,0.5587,148.9,948,
2026-07-09T15:57:06,GATv2,concat,keepall,True,node,spec,median,1M,1684551817.95,6978082521.43,0.1146,-1.1505,0.4025,150.76,502,
2026-07-09T15:57:06,GATv2,concat,keepall,True,node,spec,median,10M,2477788586.11,8478964334.8,0.0921,-2.7808,0.3247,154.4,340,
2026-07-09T15:57:06,GATv2,concat,keepall,True,node,spec,median,100M,4782845085.18,11851730467.52,0.0202,-7.6681,0.3504,168.07,174,
2026-07-09T15:57:08,RF,concat,topk,True,node,spec,median,all,660485025.56,4191118891.14,0.4027,0.7103,0.8574,116.77,965,
2026-07-09T15:57:08,RF,concat,topk,True,node,spec,median,1M,1261393107.48,5793591070.13,0.3879,0.1007,0.7193,109.17,505,
2026-07-09T15:57:08,RF,concat,topk,True,node,spec,median,10M,1864947199.84,7050428621.66,0.3722,-0.4544,0.6591,109.93,341,
2026-07-09T15:57:08,RF,concat,topk,True,node,spec,median,100M,3578142560.62,9813443365.29,0.3236,-2.0676,0.6365,115.1,176,
2026-07-09T15:57:42,TabTF,concat,topk,True,node,spec,median,all,988073551.21,5581456416.0,-0.0593,0.138,0.4869,151.39,965,
2026-07-09T15:57:42,TabTF,concat,topk,True,node,spec,median,1M,1843634560.96,7689892753.83,-0.0784,-0.4245,0.3433,134.9,505,
2026-07-09T15:57:42,TabTF,concat,topk,True,node,spec,median,10M,2701859901.98,9351953172.24,-0.1046,-1.6388,0.2477,145.49,341,
2026-07-09T15:57:42,TabTF,concat,topk,True,node,spec,median,100M,4850760722.58,12847066175.99,-0.1593,-5.8323,0.377,178.55,176,
2026-07-09T15:57:43,GCN,concat,topk,True,node,spec,median,all,1022121415.26,5299524546.92,0.0589,0.3446,0.6378,143.22,948,
2026-07-09T15:57:43,GCN,concat,topk,True,node,spec,median,1M,1877396798.03,7247773976.08,0.0449,-0.8591,0.4265,144.75,502,
2026-07-09T15:57:43,GCN,concat,topk,True,node,spec,median,10M,2716653031.28,8796621858.61,0.0228,-2.0276,0.3094,148.54,340,
2026-07-09T15:57:43,GCN,concat,topk,True,node,spec,median,100M,4679733317.63,12034488819.66,-0.0102,-5.7097,0.3869,154.8,174,
2026-07-09T15:57:50,GAT,concat,topk,True,node,spec,median,all,894188635.4,5072271861.4,0.1378,0.3948,0.6376,142.2,948,
2026-07-09T15:57:50,GAT,concat,topk,True,node,spec,median,1M,1684973188.36,6970309189.74,0.1166,-0.5322,0.4776,140.55,502,
2026-07-09T15:57:50,GAT,concat,topk,True,node,spec,median,10M,2458513244.3,8467186907.48,0.0946,-1.6042,0.4158,144.58,340,
2026-07-09T15:57:50,GAT,concat,topk,True,node,spec,median,100M,4689162289.57,11829677929.45,0.0238,-4.7118,0.3721,149.29,174,
2026-07-09T15:58:06,GATv2,concat,topk,True,node,spec,median,all,861131135.49,5223309017.32,0.0857,0.3931,0.6207,142.41,948,
2026-07-09T15:58:06,GATv2,concat,topk,True,node,spec,median,1M,1623814404.94,7177903666.48,0.0632,-0.6567,0.4995,140.68,502,
2026-07-09T15:58:06,GATv2,concat,topk,True,node,spec,median,10M,2389036891.39,8721817419.11,0.0393,-1.874,0.4473,145.13,340,
2026-07-09T15:58:06,GATv2,concat,topk,True,node,spec,median,100M,4575384688.93,12187337306.09,-0.0361,-5.1018,0.4362,150.17,174,
2026-07-09T15:58:14,GAT,blend,keepall,True,node,first,median,all,452327488.95,4361585761.71,-5781.2193,0.1485,0.5082,133.43,948,
2026-07-09T15:58:14,GAT,blend,keepall,True,node,first,median,1M,814459214.14,5974397331.42,-2856.6689,-4.3157,0.3548,165.67,224,
2026-07-09T15:58:14,GAT,blend,keepall,True,node,first,median,10M,1351159338.41,8241859585.85,-2643.8129,-14.8738,0.1713,180.81,87,
2026-07-09T15:58:14,GAT,blend,keepall,True,node,first,median,100M,309069219.54,366815918.38,-2.4047,-77.7749,0.3653,188.97,22,
2026-07-09T15:58:21,GAT,blend,topk,True,node,first,median,all,10321442.56,54571630.55,0.0948,0.3077,0.5382,128.85,948,
2026-07-09T15:58:21,GAT,blend,topk,True,node,first,median,1M,42053980.31,112205530.42,-0.008,-2.9772,0.4264,145.44,224,
2026-07-09T15:58:21,GAT,blend,topk,True,node,first,median,10M,99295523.14,177754332.07,-0.2302,-9.7755,0.2205,159.84,87,
2026-07-09T15:58:21,GAT,blend,topk,True,node,first,median,100M,272735380.74,338850868.31,-1.9053,-51.9253,0.2987,162.41,22,
2026-07-09T15:58:29,GAT,attention,keepall,True,node,first,median,all,10151077.91,57063464.18,0.0103,0.3173,0.5423,129.14,948,
2026-07-09T15:58:29,GAT,attention,keepall,True,node,first,median,1M,41328715.51,117083039.07,-0.0975,-3.4516,0.4158,151.9,224,
2026-07-09T15:58:29,GAT,attention,keepall,True,node,first,median,10M,101374938.57,187780877.38,-0.3729,-11.3122,0.0256,161.65,87,
2026-07-09T15:58:29,GAT,attention,keepall,True,node,first,median,100M,309766928.27,367353466.45,-2.4146,-68.0843,0.2569,188.2,22,
2026-07-09T15:58:37,GAT,attention,topk,True,node,first,median,all,10058369.13,57337611.3,0.0007,0.322,0.5394,129.87,948,
2026-07-09T15:58:37,GAT,attention,topk,True,node,first,median,1M,41901599.62,117952934.84,-0.1139,-3.491,0.4446,155.86,224,
2026-07-09T15:58:37,GAT,attention,topk,True,node,first,median,10M,102924735.96,189184602.03,-0.3935,-11.7757,0.1007,174.12,87,
2026-07-09T15:58:37,GAT,attention,topk,True,node,first,median,100M,312542059.79,369971777.47,-2.4635,-70.5142,0.3506,192.12,22,
2026-07-09T15:58:40,EdgeGNN,edge,bilateral,True,bilateral,first,median,all,10550130.3,57517990.06,-0.0056,0.2407,0.5298,134.02,948,
2026-07-09T15:58:40,EdgeGNN,edge,bilateral,True,bilateral,first,median,1M,42636830.92,118257870.95,-0.1197,-3.4544,0.29,156.29,224,
2026-07-09T15:58:40,EdgeGNN,edge,bilateral,True,bilateral,first,median,10M,102913412.57,189130532.81,-0.3927,-12.9216,0.2176,175.49,87,
2026-07-09T15:58:40,EdgeGNN,edge,bilateral,True,bilateral,first,median,100M,312303688.42,369777024.91,-2.4598,-69.3822,0.3484,190.92,22,
2026-07-09T15:58:58,EdgeGAT,edge,bilateral,True,bilateral,first,median,all,31136692.63,247938956.83,-17.6851,0.3305,0.608,130.94,948,
2026-07-09T15:58:58,EdgeGAT,edge,bilateral,True,bilateral,first,median,1M,130022164.14,510053030.82,-19.8283,-3.265,0.2828,148.71,224,
2026-07-09T15:58:58,EdgeGAT,edge,bilateral,True,bilateral,first,median,10M,268252604.49,771667015.81,-22.1849,-11.2013,0.1962,169.96,87,
2026-07-09T15:58:58,EdgeGAT,edge,bilateral,True,bilateral,first,median,100M,602806413.66,1114139531.15,-30.4091,-59.1618,0.1767,178.96,22,
2026-07-09T15:59:02,EdgeGNN_full,edge_full,ka_ka,True,bilateral,first,median,all,10019278.44,54796731.0,0.0873,0.2595,0.524,130.5,948,
2026-07-09T15:59:02,EdgeGNN_full,edge_full,ka_ka,True,bilateral,first,median,1M,41234442.21,112715300.12,-0.0172,-3.4264,0.2689,146.47,224,
2026-07-09T15:59:02,EdgeGNN_full,edge_full,ka_ka,True,bilateral,first,median,10M,99016321.62,180076619.2,-0.2626,-13.3973,0.2122,171.87,87,
2026-07-09T15:59:02,EdgeGNN_full,edge_full,ka_ka,True,bilateral,first,median,100M,285120972.39,348874212.4,-2.0797,-70.933,0.188,172.71,22,
2026-07-09T15:59:20,EdgeGAT_full,edge_full,ka_ka,True,bilateral,first,median,all,18628730.84,197868599.61,-10.9003,0.2473,0.581,132.2,948,
2026-07-09T15:59:20,EdgeGAT_full,edge_full,ka_ka,True,bilateral,first,median,1M,49772878.26,124280124.84,-0.2366,-2.2778,0.3463,132.78,224,
2026-07-09T15:59:20,EdgeGAT_full,edge_full,ka_ka,True,bilateral,first,median,10M,104931310.08,185607183.66,-0.3413,-8.8362,0.133,147.06,87,
2026-07-09T15:59:20,EdgeGAT_full,edge_full,ka_ka,True,bilateral,first,median,100M,287305187.56,349142589.39,-2.0845,-43.6208,0.1429,158.57,22,
2026-07-09T15:59:24,EdgeGNN_full,edge_full,tk_tk,True,bilateral,first,median,all,10066241.56,55248098.05,0.0722,0.2988,0.5495,128.78,948,
2026-07-09T15:59:24,EdgeGNN_full,edge_full,tk_tk,True,bilateral,first,median,1M,41333382.84,113631246.53,-0.0338,-3.1729,0.3237,148.9,224,
2026-07-09T15:59:24,EdgeGNN_full,edge_full,tk_tk,True,bilateral,first,median,10M,99604901.51,181799907.87,-0.2869,-11.8972,0.1531,171.05,87,
2026-07-09T15:59:24,EdgeGNN_full,edge_full,tk_tk,True,bilateral,first,median,100M,292544231.91,354097900.47,-2.1727,-70.1715,0.2897,176.42,22,
2026-07-09T15:59:41,EdgeGAT_full,edge_full,tk_tk,True,bilateral,first,median,all,10529705.24,56329652.49,0.0355,0.3038,0.5896,128.98,948,
2026-07-09T15:59:41,EdgeGAT_full,edge_full,tk_tk,True,bilateral,first,median,1M,42922201.35,115858609.29,-0.0747,-1.9374,0.3799,134.15,224,
2026-07-09T15:59:41,EdgeGAT_full,edge_full,tk_tk,True,bilateral,first,median,10M,101517773.92,185033156.25,-0.333,-7.9908,0.1484,155.28,87,
2026-07-09T15:59:41,EdgeGAT_full,edge_full,tk_tk,True,bilateral,first,median,100M,294013992.54,359408637.5,-2.2685,-48.3474,0.1191,168.39,22,
2026-07-09T15:59:47,EdgeGNN_full,edge_full,ka_tk,True,bilateral,first,median,all,14220676.61,78904342.72,-0.8924,0.2394,0.5188,132.27,948,
2026-07-09T15:59:47,EdgeGNN_full,edge_full,ka_tk,True,bilateral,first,median,1M,52492694.97,157409430.78,-0.9837,-3.8501,0.218,153.97,224,
2026-07-09T15:59:47,EdgeGNN_full,edge_full,ka_tk,True,bilateral,first,median,10M,105693431.36,185924229.61,-0.3459,-14.4892,0.0999,175.05,87,
2026-07-09T15:59:47,EdgeGNN_full,edge_full,ka_tk,True,bilateral,first,median,100M,286363397.67,351129590.79,-2.1197,-78.1593,0.1925,172.58,22,
2026-07-09T16:00:06,EdgeGAT_full,edge_full,ka_tk,True,bilateral,first,median,all,11974329.58,57892867.2,-0.0187,0.1934,0.5082,131.87,948,
2026-07-09T16:00:06,EdgeGAT_full,edge_full,ka_tk,True,bilateral,first,median,1M,44273372.27,115688325.26,-0.0715,-3.0648,0.2236,148.84,224,
2026-07-09T16:00:06,EdgeGAT_full,edge_full,ka_tk,True,bilateral,first,median,10M,102325208.87,182693310.49,-0.2995,-12.6258,0.164,171.54,87,
2026-07-09T16:00:06,EdgeGAT_full,edge_full,ka_tk,True,bilateral,first,median,100M,285910079.55,350398078.82,-2.1067,-69.8459,0.2321,172.08,22,
2026-07-09T16:00:09,EdgeGNN_full,edge_full,tk_ka,True,bilateral,first,median,all,10361634.99,58286801.28,-0.0326,-10.7299,nan,200.0,948,
2026-07-09T16:00:09,EdgeGNN_full,edge_full,tk_ka,True,bilateral,first,median,1M,43445256.81,119907834.51,-0.1511,-91.672,nan,200.0,224,
2026-07-09T16:00:09,EdgeGNN_full,edge_full,tk_ka,True,bilateral,first,median,10M,106331830.93,192327929.69,-0.4402,-230.9598,nan,200.0,87,
2026-07-09T16:00:09,EdgeGNN_full,edge_full,tk_ka,True,bilateral,first,median,100M,318827527.8,375728114.89,-2.5721,-1031.4432,nan,200.0,22,
2026-07-09T16:00:26,EdgeGAT_full,edge_full,tk_ka,True,bilateral,first,median,all,26998668.41,179008910.51,-8.7399,0.242,0.5641,130.16,948,
2026-07-09T16:00:26,EdgeGAT_full,edge_full,tk_ka,True,bilateral,first,median,1M,67942945.94,224899868.13,-3.0495,-2.6476,0.2958,138.34,224,
2026-07-09T16:00:26,EdgeGAT_full,edge_full,tk_ka,True,bilateral,first,median,10M,143577421.02,338158871.94,-3.4523,-10.3253,0.1402,162.79,87,
2026-07-09T16:00:26,EdgeGAT_full,edge_full,tk_ka,True,bilateral,first,median,100M,274726915.23,341991797.41,-1.9594,-59.5438,0.1033,164.5,22,
2026-07-09T16:27:06,RF,none,none,False,node,first,median,all,6359266.9,36757789.59,0.5116,0.6209,0.7862,101.94,965,
2026-07-09T16:27:06,RF,none,none,False,node,first,median,1M,26817037.22,76771904.53,0.4578,-0.9732,0.6,93.52,220,
2026-07-09T16:27:06,RF,none,none,False,node,first,median,10M,62959812.51,122181202.07,0.3299,-3.5577,0.5038,89.16,86,
2026-07-09T16:27:06,RF,none,none,False,node,first,median,100M,176817273.25,228460031.74,-0.4624,-17.5444,0.3208,90.59,21,
2026-07-09T16:27:19,TabTF,none,none,False,node,first,median,all,9979284.7,53965029.79,-0.0527,0.3208,0.6136,128.67,965,
2026-07-09T16:27:19,TabTF,none,none,False,node,first,median,1M,42779688.5,113016023.85,-0.1751,-2.5218,0.2871,139.35,220,
2026-07-09T16:27:19,TabTF,none,none,False,node,first,median,10M,97897153.04,177713767.4,-0.4177,-10.6105,0.0211,165.73,86,
2026-07-09T16:27:19,TabTF,none,none,False,node,first,median,100M,289224859.85,349713902.17,-2.4267,-76.6329,0.187,184.54,21,
2026-07-09T16:27:20,GCN,none,none,False,node,first,median,all,10760461.1,56645847.57,0.0247,0.2435,0.5582,132.03,948,
2026-07-09T16:27:20,GCN,none,none,False,node,first,median,1M,42687195.92,116264859.93,-0.0822,-4.1108,0.2509,157.74,224,
2026-07-09T16:27:20,GCN,none,none,False,node,first,median,10M,102186749.06,186091456.81,-0.3483,-13.6395,0.1417,168.76,87,
2026-07-09T16:27:20,GCN,none,none,False,node,first,median,100M,301277036.38,361560086.13,-2.3078,-71.4591,0.266,177.94,22,
2026-07-09T16:27:27,GAT,none,none,False,node,first,median,all,10640191.87,57187791.37,0.0059,0.1884,0.4992,134.1,948,
2026-07-09T16:27:27,GAT,none,none,False,node,first,median,1M,41584845.13,117243020.94,-0.1005,-4.014,0.2617,155.38,224,
2026-07-09T16:27:27,GAT,none,none,False,node,first,median,10M,101164395.5,188014994.93,-0.3764,-14.3101,0.141,164.96,87,
2026-07-09T16:27:27,GAT,none,none,False,node,first,median,100M,309741365.01,367771814.28,-2.4224,-78.3209,0.3394,187.12,22,
2026-07-09T16:27:42,GATv2,none,none,False,node,first,median,all,10434580.96,57139081.19,0.0076,0.2152,0.4903,133.96,948,
2026-07-09T16:27:42,GATv2,none,none,False,node,first,median,1M,41661781.26,117263410.47,-0.1009,-4.0879,0.3179,162.08,224,
2026-07-09T16:27:42,GATv2,none,none,False,node,first,median,10M,101547648.3,188064754.1,-0.3771,-14.4045,0.1609,168.61,87,
2026-07-09T16:27:42,GATv2,none,none,False,node,first,median,100M,309949567.29,367795190.91,-2.4229,-75.4916,0.3021,187.93,22,
2026-07-09T16:27:44,RF,concat,keepall,True,node,first,median,all,6274065.72,36751815.9,0.5118,0.672,0.8097,101.73,965,
2026-07-09T16:27:44,RF,concat,keepall,True,node,first,median,1M,27094095.63,76969688.24,0.455,-0.4921,0.7224,103.4,220,
2026-07-09T16:27:44,RF,concat,keepall,True,node,first,median,10M,65860624.45,123052363.47,0.3203,-1.8749,0.6019,103.18,86,
2026-07-09T16:27:44,RF,concat,keepall,True,node,first,median,100M,197208854.55,242787412.64,-0.6516,-8.7739,0.6571,102.78,21,
2026-07-09T16:28:05,TabTF,concat,keepall,True,node,first,median,all,14511589.23,73351857.08,-0.9449,0.3013,0.5938,129.43,965,
2026-07-09T16:28:05,TabTF,concat,keepall,True,node,first,median,1M,46592648.99,122312332.15,-0.3763,-3.9713,0.283,160.21,220,
2026-07-09T16:28:05,TabTF,concat,keepall,True,node,first,median,10M,105648620.88,189265734.07,-0.608,-14.1289,0.0603,181.1,86,
2026-07-09T16:28:05,TabTF,concat,keepall,True,node,first,median,100M,298144463.19,353036346.9,-2.4921,-94.5256,0.2351,196.55,21,
2026-07-09T16:28:06,GCN,concat,keepall,True,node,first,median,all,11332378.57,56340646.92,0.0352,0.2762,0.5716,130.06,948,
2026-07-09T16:28:06,GCN,concat,keepall,True,node,first,median,1M,45230836.75,115564619.94,-0.0692,-2.8054,0.3704,144.56,224,
2026-07-09T16:28:06,GCN,concat,keepall,True,node,first,median,10M,102755779.3,182104691.5,-0.2912,-8.5294,0.1639,157.39,87,
2026-07-09T16:28:06,GCN,concat,keepall,True,node,first,median,100M,276681561.65,342019304.33,-1.9599,-45.4108,0.2434,163.94,22,
2026-07-09T16:28:14,GAT,concat,keepall,True,node,first,median,all,10110584.75,54529048.74,0.0962,0.2986,0.5499,130.15,948,
2026-07-09T16:28:14,GAT,concat,keepall,True,node,first,median,1M,41786246.6,112163858.14,-0.0072,-2.6465,0.3905,145.37,224,
2026-07-09T16:28:14,GAT,concat,keepall,True,node,first,median,10M,97526713.65,178503685.66,-0.2406,-9.8763,0.1506,156.98,87,
2026-07-09T16:28:14,GAT,concat,keepall,True,node,first,median,100M,274678714.68,342035891.93,-1.9602,-54.4895,0.2321,159.37,22,
2026-07-09T16:28:29,GATv2,concat,keepall,True,node,first,median,all,9945849.89,55934471.24,0.049,0.2737,0.5281,130.18,948,
2026-07-09T16:28:29,GATv2,concat,keepall,True,node,first,median,1M,41320916.69,115064685.63,-0.06,-2.9673,0.4009,152.24,224,
2026-07-09T16:28:29,GATv2,concat,keepall,True,node,first,median,10M,100681303.56,184377768.51,-0.3236,-11.5133,0.1397,169.83,87,
2026-07-09T16:28:29,GATv2,concat,keepall,True,node,first,median,100M,300263235.0,359871962.11,-2.277,-64.7286,0.258,180.21,22,
2026-07-09T16:28:30,RF,concat,topk,True,node,first,median,all,6506133.8,38093236.82,0.4755,0.6138,0.7761,105.78,965,
2026-07-09T16:28:30,RF,concat,topk,True,node,first,median,1M,27889646.15,79770393.76,0.4146,-1.3996,0.6224,109.93,220,
2026-07-09T16:28:30,RF,concat,topk,True,node,first,median,10M,67787864.91,127529298.18,0.2699,-4.0092,0.4155,114.61,86,
2026-07-09T16:28:30,RF,concat,topk,True,node,first,median,100M,200796622.68,251372628.84,-0.7705,-20.9577,0.6481,121.1,21,
2026-07-09T16:28:48,TabTF,concat,topk,True,node,first,median,all,14662612.84,75284722.28,-1.0487,0.2531,0.5511,132.12,965,
2026-07-09T16:28:48,TabTF,concat,topk,True,node,first,median,1M,46305795.92,122152510.56,-0.3727,-3.3868,0.3508,155.03,220,
2026-07-09T16:28:48,TabTF,concat,topk,True,node,first,median,10M,104149899.24,186685929.68,-0.5645,-11.4532,0.1827,179.16,86,
2026-07-09T16:28:48,TabTF,concat,topk,True,node,first,median,100M,297214143.36,352016367.09,-2.472,-71.9869,0.2753,195.37,21,
2026-07-09T16:28:49,GCN,concat,topk,True,node,first,median,all,10702856.46,57512472.33,-0.0054,0.2804,0.5657,129.92,948,
2026-07-09T16:28:49,GCN,concat,topk,True,node,first,median,1M,44140497.02,118298995.69,-0.1204,-2.8022,0.4087,149.08,224,
2026-07-09T16:28:49,GCN,concat,topk,True,node,first,median,10M,104728260.95,188539889.07,-0.384,-9.8471,0.2157,171.19,87,
2026-07-09T16:28:49,GCN,concat,topk,True,node,first,median,100M,304227776.0,363298127.81,-2.3397,-53.6295,0.0277,182.41,22,
2026-07-09T16:28:56,GAT,concat,topk,True,node,first,median,all,9914671.45,55832184.9,0.0525,0.3097,0.5272,130.94,948,
2026-07-09T16:28:56,GAT,concat,topk,True,node,first,median,1M,40762434.63,114837863.21,-0.0558,-3.0693,0.4274,149.0,224,
2026-07-09T16:28:56,GAT,concat,topk,True,node,first,median,10M,99626155.25,184142373.18,-0.3202,-10.5284,0.2303,164.92,87,
2026-07-09T16:28:56,GAT,concat,topk,True,node,first,median,100M,301108199.21,359968233.5,-2.2787,-54.8428,0.3043,180.71,22,
2026-07-09T16:29:12,GATv2,concat,topk,True,node,first,median,all,10053649.65,54023299.71,0.1129,0.3379,0.5537,129.57,948,
2026-07-09T16:29:12,GATv2,concat,topk,True,node,first,median,1M,41208328.71,111097505.59,0.0118,-2.727,0.4939,146.07,224,
2026-07-09T16:29:12,GATv2,concat,topk,True,node,first,median,10M,97562902.49,176587570.15,-0.2141,-8.7132,0.2844,157.43,87,
2026-07-09T16:29:12,GATv2,concat,topk,True,node,first,median,100M,272753280.54,339004682.99,-1.908,-39.0068,0.2942,157.9,22,
2026-07-09T16:29:13,RF,none,none,False,node,spec,median,all,661416994.21,4194947415.18,0.4016,0.7267,0.8663,112.56,965,
2026-07-09T16:29:13,RF,none,none,False,node,spec,median,1M,1262795274.11,5798879907.31,0.3867,0.1802,0.7411,104.46,505,
2026-07-09T16:29:13,RF,none,none,False,node,spec,median,10M,1863781727.6,7056777680.31,0.3711,-0.2128,0.677,101.98,341,
2026-07-09T16:29:13,RF,none,none,False,node,spec,median,100M,3521601982.9,9809331296.13,0.3241,-1.0732,0.6182,100.93,176,
2026-07-09T16:29:23,TabTF,none,none,False,node,spec,median,all,881100936.36,5490708268.52,-0.0252,0.2969,0.5545,146.52,965,
2026-07-09T16:29:23,TabTF,none,none,False,node,spec,median,1M,1681249192.42,7590077187.53,-0.0506,-0.9697,0.3163,144.09,505,
2026-07-09T16:29:23,TabTF,none,none,False,node,spec,median,10M,2486544382.99,9236650741.87,-0.0775,-2.8039,0.213,157.05,341,
2026-07-09T16:29:23,TabTF,none,none,False,node,spec,median,100M,4791656910.59,12856824517.59,-0.1611,-9.429,0.2605,189.16,176,
2026-07-09T16:29:24,GCN,none,none,False,node,spec,median,all,1250119521.31,6017217875.07,-0.2133,0.284,0.6128,149.45,948,
2026-07-09T16:29:24,GCN,none,none,False,node,spec,median,1M,2285806549.86,8142850532.01,-0.2056,-1.1523,0.3289,151.95,502,
2026-07-09T16:29:24,GCN,none,none,False,node,spec,median,10M,3093720855.3,9115681829.4,-0.0494,-2.7252,0.2309,158.76,340,
2026-07-09T16:29:24,GCN,none,none,False,node,spec,median,100M,5250166322.19,12424021842.92,-0.0767,-7.9658,0.3379,167.62,174,
2026-07-09T16:29:31,GAT,none,none,False,node,spec,median,all,898285837.77,5392625370.5,0.0255,0.2905,0.5829,149.25,948,
2026-07-09T16:29:31,GAT,none,none,False,node,spec,median,1M,1683550640.31,7408331842.92,0.0021,-1.2389,0.3403,154.78,502,
2026-07-09T16:29:31,GAT,none,none,False,node,spec,median,10M,2459526818.8,9000060239.87,-0.023,-3.1158,0.243,162.73,340,
2026-07-09T16:29:31,GAT,none,none,False,node,spec,median,100M,4665816587.17,12573342262.43,-0.1027,-9.0398,0.3031,172.34,174,
2026-07-09T16:29:46,GATv2,none,none,False,node,spec,median,all,889230848.32,5455600942.78,0.0026,0.3635,0.6166,144.33,948,
2026-07-09T16:29:46,GATv2,none,none,False,node,spec,median,1M,1676618957.16,7497119952.55,-0.022,-0.739,0.3637,141.79,502,
2026-07-09T16:29:46,GATv2,none,none,False,node,spec,median,10M,2464687824.22,9109690349.08,-0.048,-2.1196,0.2679,148.56,340,
2026-07-09T16:29:46,GATv2,none,none,False,node,spec,median,100M,4752366145.09,12732336789.54,-0.1308,-6.7061,0.2973,164.34,174,
2026-07-09T16:29:48,RF,concat,keepall,True,node,spec,median,all,661483764.46,4199796255.37,0.4002,0.7606,0.8856,115.18,965,
2026-07-09T16:29:48,RF,concat,keepall,True,node,spec,median,1M,1263612645.65,5805587505.77,0.3853,0.3336,0.7873,106.7,505,
2026-07-09T16:29:48,RF,concat,keepall,True,node,spec,median,10M,1868704496.07,7065036265.24,0.3696,0.0224,0.7462,106.06,341,
2026-07-09T16:29:48,RF,concat,keepall,True,node,spec,median,100M,3592158536.03,9834027106.93,0.3207,-0.7487,0.7272,109.07,176,
2026-07-09T16:30:07,TabTF,concat,keepall,True,node,spec,median,all,4558208023.46,36040904762.6,-43.1706,0.3692,0.6543,140.04,965,
2026-07-09T16:30:07,TabTF,concat,keepall,True,node,spec,median,1M,7509017229.99,46001155321.23,-37.5919,-0.7873,0.447,138.14,505,
2026-07-09T16:30:07,TabTF,concat,keepall,True,node,spec,median,10M,10369955145.91,54277127758.01,-36.2071,-2.2138,0.3207,146.28,341,
2026-07-09T16:30:07,TabTF,concat,keepall,True,node,spec,median,100M,8839231614.07,36966270978.99,-8.5984,-6.2734,0.3469,162.39,176,
2026-07-09T16:30:08,GCN,concat,keepall,True,node,spec,median,all,11637783251.4,107944382350.65,-389.4617,0.321,0.6405,145.64,948,
2026-07-09T16:30:08,GCN,concat,keepall,True,node,spec,median,1M,20331913836.28,144685038541.06,-379.6307,-0.8515,0.4242,144.65,502,
2026-07-09T16:30:08,GCN,concat,keepall,True,node,spec,median,10M,29061264640.7,174948179279.22,-385.5359,-2.1699,0.3077,148.42,340,
2026-07-09T16:30:08,GCN,concat,keepall,True,node,spec,median,100M,18301291504.78,128621654615.66,-114.3983,-5.8869,0.3686,160.42,174,
2026-07-09T16:30:15,GAT,concat,keepall,True,node,spec,median,all,1080864878.42,6205681118.09,-0.2905,0.3695,0.6099,144.03,948,
2026-07-09T16:30:15,GAT,concat,keepall,True,node,spec,median,1M,2037743469.69,8527874631.08,-0.3223,-0.6277,0.4478,144.01,502,
2026-07-09T16:30:15,GAT,concat,keepall,True,node,spec,median,10M,2988271860.3,10361759253.84,-0.3559,-1.7542,0.3659,146.92,340,
2026-07-09T16:30:15,GAT,concat,keepall,True,node,spec,median,100M,5759424136.01,14483240710.49,-0.4632,-5.2994,0.3537,154.55,174,
2026-07-09T16:30:31,GATv2,concat,keepall,True,node,spec,median,all,862344408.64,5059819615.93,0.1421,0.4116,0.6563,139.88,948,
2026-07-09T16:30:31,GATv2,concat,keepall,True,node,spec,median,1M,1625958500.42,6953237537.77,0.1209,-0.3814,0.4843,136.13,502,
2026-07-09T16:30:31,GATv2,concat,keepall,True,node,spec,median,10M,2390695167.09,8448779286.64,0.0985,-1.384,0.4275,139.88,340,
2026-07-09T16:30:31,GATv2,concat,keepall,True,node,spec,median,100M,4594295569.59,11805213406.81,0.0279,-4.4991,0.3937,150.54,174,
2026-07-09T16:30:32,RF,concat,topk,True,node,spec,median,all,660485025.56,4191118891.14,0.4027,0.7103,0.8574,116.77,965,
2026-07-09T16:30:32,RF,concat,topk,True,node,spec,median,1M,1261393107.48,5793591070.13,0.3879,0.1007,0.7193,109.17,505,
2026-07-09T16:30:32,RF,concat,topk,True,node,spec,median,10M,1864947199.84,7050428621.66,0.3722,-0.4544,0.6591,109.93,341,
2026-07-09T16:30:32,RF,concat,topk,True,node,spec,median,100M,3578142560.62,9813443365.29,0.3236,-2.0676,0.6365,115.1,176,
2026-07-09T16:30:53,TabTF,concat,topk,True,node,spec,median,all,1159518260.61,6292622789.36,-0.3465,0.192,0.4789,151.75,965,
2026-07-09T16:30:53,TabTF,concat,topk,True,node,spec,median,1M,2119752585.09,8542268404.77,-0.3308,-0.8845,0.3298,145.21,505,
2026-07-09T16:30:53,TabTF,concat,topk,True,node,spec,median,10M,3096341103.49,10378695790.75,-0.3604,-2.5161,0.2342,156.7,341,
2026-07-09T16:30:53,TabTF,concat,topk,True,node,spec,median,100M,5009954501.53,12996756216.21,-0.1865,-7.7387,0.3579,183.04,176,
2026-07-09T16:30:54,GCN,concat,topk,True,node,spec,median,all,960342223.26,5291514977.27,0.0617,0.3363,0.6132,145.4,948,
2026-07-09T16:30:54,GCN,concat,topk,True,node,spec,median,1M,1804473738.83,7270867141.59,0.0388,-0.9296,0.4351,145.6,502,
2026-07-09T16:30:54,GCN,concat,topk,True,node,spec,median,10M,2646077627.38,8834228842.44,0.0144,-2.2284,0.3284,150.38,340,
2026-07-09T16:30:54,GCN,concat,topk,True,node,spec,median,100M,4727440320.19,12108316997.08,-0.0227,-6.1416,0.4026,163.77,174,
2026-07-09T16:31:02,GAT,concat,topk,True,node,spec,median,all,843097208.85,5107641656.81,0.1258,0.3873,0.625,143.63,948,
2026-07-09T16:31:02,GAT,concat,topk,True,node,spec,median,1M,1585947002.2,7018837023.56,0.1042,-0.8002,0.4834,144.27,502,
2026-07-09T16:31:02,GAT,concat,topk,True,node,spec,median,10M,2323862137.78,8528161120.71,0.0815,-2.0427,0.4009,145.1,340,
2026-07-09T16:31:02,GAT,concat,topk,True,node,spec,median,100M,4446573506.46,11919470068.69,0.009,-5.4257,0.4301,149.33,174,
2026-07-09T16:31:17,GATv2,concat,topk,True,node,spec,median,all,930302576.36,5397139400.48,0.0239,0.3221,0.5883,143.36,948,
2026-07-09T16:31:17,GATv2,concat,topk,True,node,spec,median,1M,1752708895.18,7416735928.93,-0.0002,-0.9979,0.428,145.17,502,
2026-07-09T16:31:17,GATv2,concat,topk,True,node,spec,median,10M,2564414551.26,9010874524.15,-0.0254,-2.4553,0.3831,150.79,340,
2026-07-09T16:31:17,GATv2,concat,topk,True,node,spec,median,100M,4910589430.28,12592836793.22,-0.1062,-6.2696,0.4085,157.14,174,
2026-07-09T16:31:25,GAT,blend,keepall,True,node,first,median,all,9940036.18,55336389.95,0.0693,0.2348,0.4973,130.01,948,
2026-07-09T16:31:25,GAT,blend,keepall,True,node,first,median,1M,40864051.62,113801839.22,-0.0369,-3.6724,0.4181,151.34,224,
2026-07-09T16:31:25,GAT,blend,keepall,True,node,first,median,10M,99047692.35,182333930.05,-0.2944,-11.6159,0.2955,167.2,87,
2026-07-09T16:31:25,GAT,blend,keepall,True,node,first,median,100M,295377276.65,356033974.99,-2.2074,-50.1713,0.2705,174.42,22,
2026-07-09T16:31:33,GAT,blend,topk,True,node,first,median,all,10075353.77,56745340.65,0.0213,0.317,0.5554,129.97,948,
2026-07-09T16:31:33,GAT,blend,topk,True,node,first,median,1M,41350574.69,116705855.29,-0.0905,-3.3513,0.3998,151.61,224,
2026-07-09T16:31:33,GAT,blend,topk,True,node,first,median,10M,101293254.46,187165522.2,-0.3639,-11.8961,0.2143,169.09,87,
2026-07-09T16:31:33,GAT,blend,topk,True,node,first,median,100M,308243761.5,366155474.03,-2.3924,-66.26,0.2614,187.4,22,
2026-07-09T16:31:40,GAT,attention,keepall,True,node,first,median,all,9939708.23,57225296.94,0.0046,0.3021,0.5487,128.26,948,
2026-07-09T16:31:40,GAT,attention,keepall,True,node,first,median,1M,41389058.98,117721952.5,-0.1095,-3.35,0.4257,151.07,224,
2026-07-09T16:31:40,GAT,attention,keepall,True,node,first,median,10M,101752191.15,188825596.1,-0.3882,-11.3469,0.0679,164.18,87,
2026-07-09T16:31:40,GAT,attention,keepall,True,node,first,median,100M,311500733.06,369419983.88,-2.4532,-70.0733,0.2298,189.78,22,
2026-07-09T16:31:48,GAT,attention,topk,True,node,first,median,all,10184141.27,56601301.52,0.0262,0.303,0.5383,131.31,948,
2026-07-09T16:31:48,GAT,attention,topk,True,node,first,median,1M,41313858.24,116318590.48,-0.0832,-3.5845,0.4474,150.45,224,
2026-07-09T16:31:48,GAT,attention,topk,True,node,first,median,10M,100942002.89,186499491.5,-0.3543,-10.1082,0.1163,162.57,87,
2026-07-09T16:31:48,GAT,attention,topk,True,node,first,median,100M,306511860.1,364732745.17,-2.3661,-58.4693,0.2547,185.15,22,
2026-07-09T16:31:52,EdgeGNN,edge,bilateral,True,bilateral,first,median,all,10333466.25,57152066.84,0.0072,0.2136,0.4994,133.5,948,
2026-07-09T16:31:52,EdgeGNN,edge,bilateral,True,bilateral,first,median,1M,41703013.3,117491294.49,-0.1052,-3.7574,0.2897,158.2,224,
2026-07-09T16:31:52,EdgeGNN,edge,bilateral,True,bilateral,first,median,10M,102255445.26,188450663.01,-0.3827,-14.2738,0.1825,173.26,87,
2026-07-09T16:31:52,EdgeGNN,edge,bilateral,True,bilateral,first,median,100M,310862839.59,368447241.5,-2.435,-74.7576,0.3552,189.45,22,
2026-07-09T16:32:08,EdgeGAT,edge,bilateral,True,bilateral,first,median,all,12744664.94,80327587.09,-0.9613,0.2613,0.5676,132.37,948,
2026-07-09T16:32:08,EdgeGAT,edge,bilateral,True,bilateral,first,median,1M,51531074.62,165204469.39,-1.1851,-3.0762,0.1757,142.92,224,
2026-07-09T16:32:08,EdgeGAT,edge,bilateral,True,bilateral,first,median,10M,102947461.28,187226412.0,-0.3648,-12.5361,0.1213,165.71,87,
2026-07-09T16:32:08,EdgeGAT,edge,bilateral,True,bilateral,first,median,100M,297374864.41,362055416.86,-2.3169,-72.9309,0.2682,172.31,22,
2026-07-09T16:32:12,EdgeGNN_full,edge_full,ka_ka,True,bilateral,first,median,all,12941423.18,105080264.34,-2.3562,0.3159,0.5667,128.45,948,
2026-07-09T16:32:12,EdgeGNN_full,edge_full,ka_ka,True,bilateral,first,median,1M,53992561.47,216170546.31,-2.7413,-3.5047,0.2665,149.74,224,
2026-07-09T16:32:12,EdgeGNN_full,edge_full,ka_ka,True,bilateral,first,median,10M,99892553.0,180914046.77,-0.2744,-13.7841,0.1365,174.23,87,
2026-07-09T16:32:12,EdgeGNN_full,edge_full,ka_ka,True,bilateral,first,median,100M,280252945.15,345580540.55,-2.0219,-78.1547,0.1767,170.3,22,
2026-07-09T16:32:28,EdgeGAT_full,edge_full,ka_ka,True,bilateral,first,median,all,9778091.01,55303460.79,0.0704,0.3348,0.5906,126.34,948,
2026-07-09T16:32:28,EdgeGAT_full,edge_full,ka_ka,True,bilateral,first,median,1M,40581911.03,113767027.19,-0.0362,-2.6768,0.3403,141.91,224,
2026-07-09T16:32:28,EdgeGAT_full,edge_full,ka_ka,True,bilateral,first,median,10M,98907987.01,182331863.05,-0.2944,-11.3248,0.1871,166.64,87,
2026-07-09T16:32:28,EdgeGAT_full,edge_full,ka_ka,True,bilateral,first,median,100M,291765132.41,355418825.0,-2.1964,-60.2685,0.2196,170.67,22,
2026-07-09T16:32:34,EdgeGATv2_full,edge_full,ka_ka,True,bilateral,first,median,all,51224989.03,406741448.11,-49.2855,0.0762,0.4632,137.98,948,
2026-07-09T16:32:34,EdgeGATv2_full,edge_full,ka_ka,True,bilateral,first,median,1M,100898486.23,489384239.67,-18.1745,-2.8311,0.2682,145.25,224,
2026-07-09T16:32:34,EdgeGATv2_full,edge_full,ka_ka,True,bilateral,first,median,10M,204676375.23,714050453.76,-18.8519,-11.6789,0.1422,172.91,87,
2026-07-09T16:32:34,EdgeGATv2_full,edge_full,ka_ka,True,bilateral,first,median,100M,301687094.16,360551430.97,-2.2894,-65.5583,0.2705,181.82,22,
2026-07-09T16:32:37,EdgeGNN_full,edge_full,tk_tk,True,bilateral,first,median,all,10907246.24,61621301.67,-0.1542,0.3394,0.5913,128.05,948,
2026-07-09T16:32:37,EdgeGNN_full,edge_full,tk_tk,True,bilateral,first,median,1M,44932533.97,126753971.41,-0.2863,-2.6978,0.358,141.9,224,
2026-07-09T16:32:37,EdgeGNN_full,edge_full,tk_tk,True,bilateral,first,median,10M,98416476.92,180292477.36,-0.2656,-9.7408,0.1688,161.67,87,
2026-07-09T16:32:37,EdgeGNN_full,edge_full,tk_tk,True,bilateral,first,median,100M,284702156.58,350261232.18,-2.1043,-56.6996,0.1846,166.13,22,
2026-07-09T16:32:54,EdgeGAT_full,edge_full,tk_tk,True,bilateral,first,median,all,9908084.28,55103198.24,0.0771,0.3352,0.5699,128.6,948,
2026-07-09T16:32:54,EdgeGAT_full,edge_full,tk_tk,True,bilateral,first,median,1M,40948618.61,113341116.45,-0.0285,-3.0045,0.4109,147.17,224,
2026-07-09T16:32:54,EdgeGAT_full,edge_full,tk_tk,True,bilateral,first,median,10M,98217090.53,180797393.8,-0.2727,-10.6365,0.2218,165.53,87,
2026-07-09T16:32:54,EdgeGAT_full,edge_full,tk_tk,True,bilateral,first,median,100M,276630337.15,344351634.75,-2.0004,-57.4404,0.0604,164.26,22,
2026-07-09T16:33:00,EdgeGATv2_full,edge_full,tk_tk,True,bilateral,first,median,all,12523403.72,61040390.76,-0.1325,0.1587,0.4728,134.46,948,
2026-07-09T16:33:00,EdgeGATv2_full,edge_full,tk_tk,True,bilateral,first,median,1M,44179963.34,117483440.69,-0.105,-2.9813,0.3166,144.67,224,
2026-07-09T16:33:00,EdgeGATv2_full,edge_full,tk_tk,True,bilateral,first,median,10M,104700656.31,186727065.19,-0.3576,-11.282,0.1412,170.6,87,
2026-07-09T16:33:00,EdgeGATv2_full,edge_full,tk_tk,True,bilateral,first,median,100M,299877092.61,359210983.01,-2.2649,-66.0468,0.1575,180.7,22,
2026-07-09T16:33:04,EdgeGNN_full,edge_full,ka_tk,True,bilateral,first,median,all,10361634.99,58286801.28,-0.0326,-10.7266,0.0291,200.0,948,
2026-07-09T16:33:04,EdgeGNN_full,edge_full,ka_tk,True,bilateral,first,median,1M,43445256.8,119907834.51,-0.1511,-91.6432,-0.0948,200.0,224,
2026-07-09T16:33:04,EdgeGNN_full,edge_full,ka_tk,True,bilateral,first,median,10M,106331830.93,192327929.69,-0.4402,-230.9598,nan,200.0,87,
2026-07-09T16:33:04,EdgeGNN_full,edge_full,ka_tk,True,bilateral,first,median,100M,318827527.8,375728114.89,-2.5721,-1031.4432,nan,200.0,22,
2026-07-09T16:33:21,EdgeGAT_full,edge_full,ka_tk,True,bilateral,first,median,all,10210868.22,55290987.99,0.0708,0.3183,0.5825,128.57,948,
2026-07-09T16:33:21,EdgeGAT_full,edge_full,ka_tk,True,bilateral,first,median,1M,42261663.21,113737179.16,-0.0357,-2.488,0.3428,140.28,224,
2026-07-09T16:33:21,EdgeGAT_full,edge_full,ka_tk,True,bilateral,first,median,10M,99441092.04,181480028.17,-0.2823,-10.4934,0.0995,163.05,87,
2026-07-09T16:33:21,EdgeGAT_full,edge_full,ka_tk,True,bilateral,first,median,100M,281446591.16,351263361.87,-2.1221,-63.3074,0.179,161.57,22,
2026-07-09T16:33:26,EdgeGATv2_full,edge_full,ka_tk,True,bilateral,first,median,all,57756697.84,513621291.52,-79.1847,0.1926,0.5246,131.72,948,
2026-07-09T16:33:26,EdgeGATv2_full,edge_full,ka_tk,True,bilateral,first,median,1M,120794225.72,701260318.37,-38.3715,-3.033,0.3046,145.01,224,
2026-07-09T16:33:26,EdgeGATv2_full,edge_full,ka_tk,True,bilateral,first,median,10M,262862858.07,1088185092.76,-45.1052,-12.2397,0.1183,171.73,87,
2026-07-09T16:33:26,EdgeGATv2_full,edge_full,ka_tk,True,bilateral,first,median,100M,304586179.73,363416237.84,-2.3418,-67.6985,0.2163,183.48,22,
2026-07-09T16:33:29,EdgeGNN_full,edge_full,tk_ka,True,bilateral,first,median,all,10857800.04,56820192.52,0.0187,0.2975,0.5646,129.96,948,
2026-07-09T16:33:29,EdgeGNN_full,edge_full,tk_ka,True,bilateral,first,median,1M,42806021.39,116234763.17,-0.0817,-3.2558,0.2801,149.45,224,
2026-07-09T16:33:29,EdgeGNN_full,edge_full,tk_ka,True,bilateral,first,median,10M,102002858.79,185443754.26,-0.339,-12.1886,0.1482,172.67,87,
2026-07-09T16:33:29,EdgeGNN_full,edge_full,tk_ka,True,bilateral,first,median,100M,303339048.03,361909529.85,-2.3142,-72.7293,0.179,183.85,22,
2026-07-09T16:33:46,EdgeGAT_full,edge_full,tk_ka,True,bilateral,first,median,all,10355617.41,55560796.79,0.0617,0.3004,0.5782,129.9,948,
2026-07-09T16:33:46,EdgeGAT_full,edge_full,tk_ka,True,bilateral,first,median,1M,42799339.25,114291459.95,-0.0458,-2.0938,0.3809,139.96,224,
2026-07-09T16:33:46,EdgeGAT_full,edge_full,tk_ka,True,bilateral,first,median,10M,99321142.14,179971248.11,-0.2611,-8.7671,0.1982,163.08,87,
2026-07-09T16:33:46,EdgeGAT_full,edge_full,tk_ka,True,bilateral,first,median,100M,274206033.1,342038546.79,-1.9602,-50.4446,0.1462,162.95,22,
2026-07-09T16:33:52,EdgeGATv2_full,edge_full,tk_ka,True,bilateral,first,median,all,13288581.28,65702638.0,-0.3121,0.1333,0.4783,138.42,948,
2026-07-09T16:33:52,EdgeGATv2_full,edge_full,tk_ka,True,bilateral,first,median,1M,45548780.63,122217476.73,-0.1959,-2.6027,0.2869,139.15,224,
2026-07-09T16:33:52,EdgeGATv2_full,edge_full,tk_ka,True,bilateral,first,median,10M,108384524.62,194788213.04,-0.4773,-10.8738,0.1422,166.18,87,
2026-07-09T16:33:52,EdgeGATv2_full,edge_full,tk_ka,True,bilateral,first,median,100M,286846118.34,350488233.12,-2.1083,-63.3633,0.1925,172.52,22,
2026-07-09T17:35:26,RF,none,none,False,node,first,drop,all,6701643.79,42185639.47,0.3444,0.6024,0.7795,102.52,936,
2026-07-09T17:35:26,RF,none,none,False,node,first,drop,1M,28305066.4,88582166.36,0.2705,-0.7594,0.6432,97.46,212,
2026-07-09T17:35:26,RF,none,none,False,node,first,drop,10M,68885426.05,142279006.77,0.0924,-3.0753,0.5277,97.51,82,
2026-07-09T17:35:26,RF,none,none,False,node,first,drop,100M,218596529.52,283923639.72,-1.2246,-17.2679,0.3233,110.69,20,
2026-07-09T17:35:37,TabTF,none,none,False,node,first,drop,all,8971866.76,52723838.71,-0.0241,0.3094,0.577,125.86,936,
2026-07-09T17:35:37,TabTF,none,none,False,node,first,drop,1M,39219545.2,110783446.58,-0.141,-4.9471,0.3045,169.0,212,
2026-07-09T17:35:37,TabTF,none,none,False,node,first,drop,10M,96510407.99,178062708.04,-0.4216,-18.4085,0.0071,183.81,82,
2026-07-09T17:35:37,TabTF,none,none,False,node,first,drop,100M,297953987.42,353942423.59,-2.4571,-125.6901,0.1113,197.13,20,
2026-07-09T17:35:38,GCN,none,none,False,node,first,drop,all,17499164.31,88996536.84,-1.6544,0.3263,0.6288,129.36,928,
2026-07-09T17:35:38,GCN,none,none,False,node,first,drop,1M,72884267.82,184680119.79,-1.9469,-2.9093,0.3178,142.83,215,
2026-07-09T17:35:38,GCN,none,none,False,node,first,drop,10M,152061431.14,277574173.86,-2.2059,-10.2748,0.0507,167.27,83,
2026-07-09T17:35:38,GCN,none,none,False,node,first,drop,100M,322449090.93,383423508.21,-2.8339,-56.4396,0.0506,162.18,21,
2026-07-09T17:35:45,GAT,none,none,False,node,first,drop,all,9380693.24,54209810.8,0.0151,0.2413,0.4994,130.97,928,
2026-07-09T17:35:45,GAT,none,none,False,node,first,drop,1M,39408828.18,112610183.68,-0.0957,-3.2931,0.3369,154.69,215,
2026-07-09T17:35:45,GAT,none,none,False,node,first,drop,10M,96794550.12,181147347.57,-0.3654,-12.2986,0.1801,165.64,83,
2026-07-09T17:35:45,GAT,none,none,False,node,first,drop,100M,295119766.59,354218446.26,-2.2721,-57.8508,0.1182,185.6,21,
2026-07-09T17:35:59,GATv2,none,none,False,node,first,drop,all,9127269.66,52481590.96,0.0769,0.3237,0.58,129.53,928,
2026-07-09T17:35:59,GATv2,none,none,False,node,first,drop,1M,38421613.09,109023079.99,-0.027,-2.9672,0.3759,152.03,215,
2026-07-09T17:35:59,GATv2,none,none,False,node,first,drop,10M,93543367.73,175286939.2,-0.2785,-11.2232,0.2082,161.64,83,
2026-07-09T17:35:59,GATv2,none,none,False,node,first,drop,100M,276116214.55,341712655.69,-2.0451,-50.7299,0.1857,165.02,21,
2026-07-09T17:36:01,RF,concat,keepall,True,node,first,drop,all,6301013.08,36126439.55,0.5192,0.672,0.8143,101.0,936,
2026-07-09T17:36:01,RF,concat,keepall,True,node,first,drop,1M,27336696.66,75906008.83,0.4643,-0.4723,0.7327,104.72,212,
2026-07-09T17:36:01,RF,concat,keepall,True,node,first,drop,10M,67102846.46,121992535.55,0.3327,-1.7533,0.6672,108.62,82,
2026-07-09T17:36:01,RF,concat,keepall,True,node,first,drop,100M,197480163.03,240065695.62,-0.5904,-5.7523,0.4737,102.76,20,
2026-07-09T17:36:18,TabTF,concat,keepall,True,node,first,drop,all,9039779.72,51711415.45,0.0148,0.3337,0.5999,127.0,936,
2026-07-09T17:36:18,TabTF,concat,keepall,True,node,first,drop,1M,37973081.72,108482979.65,-0.0942,-3.169,0.2831,147.04,212,
2026-07-09T17:36:18,TabTF,concat,keepall,True,node,first,drop,10M,91591731.28,174173820.94,-0.3602,-12.0605,0.0789,157.77,82,
2026-07-09T17:36:18,TabTF,concat,keepall,True,node,first,drop,100M,288056964.64,346726798.58,-2.3175,-88.4669,0.0632,183.43,20,
2026-07-09T17:36:19,GCN,concat,keepall,True,node,first,drop,all,30708971.19,276982396.04,-24.7111,0.294,0.5951,132.14,928,
2026-07-09T17:36:19,GCN,concat,keepall,True,node,first,drop,1M,88125994.83,467637390.65,-17.895,-2.8433,0.395,148.43,215,
2026-07-09T17:36:19,GCN,concat,keepall,True,node,first,drop,10M,208634567.18,747851105.02,-22.2715,-8.6755,0.1883,159.2,83,
2026-07-09T17:36:19,GCN,concat,keepall,True,node,first,drop,100M,270201762.91,338343465.22,-1.9853,-39.2921,0.2662,163.14,21,
2026-07-09T17:36:26,GAT,concat,keepall,True,node,first,drop,all,9181104.47,52879860.19,0.0629,0.2528,0.5129,132.94,928,
2026-07-09T17:36:26,GAT,concat,keepall,True,node,first,drop,1M,38510577.46,109849099.33,-0.0426,-3.2814,0.421,146.98,215,
2026-07-09T17:36:26,GAT,concat,keepall,True,node,first,drop,10M,94023059.29,176638108.89,-0.2983,-11.2396,0.2617,161.81,83,
2026-07-09T17:36:26,GAT,concat,keepall,True,node,first,drop,100M,279813119.04,344854213.32,-2.1013,-48.7297,0.0779,167.24,21,
2026-07-09T17:36:40,GATv2,concat,keepall,True,node,first,drop,all,9406598.38,52304872.3,0.0831,0.3236,0.5536,129.16,928,
2026-07-09T17:36:40,GATv2,concat,keepall,True,node,first,drop,1M,39750696.08,108660015.82,-0.0202,-2.9836,0.4347,146.74,215,
2026-07-09T17:36:40,GATv2,concat,keepall,True,node,first,drop,10M,94251454.05,173011207.94,-0.2455,-10.2302,0.2098,161.06,83,
2026-07-09T17:36:40,GATv2,concat,keepall,True,node,first,drop,100M,260815939.64,331159170.1,-1.8599,-46.0921,0.161,158.1,21,
2026-07-09T17:36:42,RF,concat,topk,True,node,first,drop,all,5998196.12,35510441.54,0.5354,0.6335,0.7918,103.68,936,
2026-07-09T17:36:42,RF,concat,topk,True,node,first,drop,1M,25605300.24,74580945.22,0.4829,-0.7043,0.709,101.4,212,
2026-07-09T17:36:42,RF,concat,topk,True,node,first,drop,10M,62817281.6,119865246.68,0.3558,-2.2667,0.5277,107.76,82,
2026-07-09T17:36:42,RF,concat,topk,True,node,first,drop,100M,182861042.14,235908968.28,-0.5358,-9.5341,0.4752,99.75,20,
2026-07-09T17:37:02,TabTF,concat,topk,True,node,first,drop,all,17055186.9,92930554.64,-2.1816,0.2842,0.6032,128.62,936,
2026-07-09T17:37:02,TabTF,concat,topk,True,node,first,drop,1M,50186596.46,140120778.2,-0.8254,-2.6905,0.321,141.86,212,
2026-07-09T17:37:02,TabTF,concat,topk,True,node,first,drop,10M,106895070.62,202913920.84,-0.8461,-9.7185,0.1,158.57,82,
2026-07-09T17:37:02,TabTF,concat,topk,True,node,first,drop,100M,288313713.38,346646812.64,-2.316,-69.7195,0.1519,183.66,20,
2026-07-09T17:37:03,GCN,concat,topk,True,node,first,drop,all,9677219.53,51770347.29,0.1018,0.3476,0.6218,128.98,928,
2026-07-09T17:37:03,GCN,concat,topk,True,node,first,drop,1M,39637985.73,107458472.54,0.0023,-2.089,0.4341,135.39,215,
2026-07-09T17:37:03,GCN,concat,topk,True,node,first,drop,10M,91829813.37,170885797.3,-0.2151,-7.2095,0.2276,148.65,83,
2026-07-09T17:37:03,GCN,concat,topk,True,node,first,drop,100M,251560988.87,326083440.23,-1.7729,-39.2628,0.1273,147.54,21,
2026-07-09T17:37:10,GAT,concat,topk,True,node,first,drop,all,9195501.7,53431577.31,0.0432,0.3444,0.5654,126.82,928,
2026-07-09T17:37:10,GAT,concat,topk,True,node,first,drop,1M,38964577.08,111003068.68,-0.0646,-3.0471,0.5056,154.08,215,
2026-07-09T17:37:10,GAT,concat,topk,True,node,first,drop,10M,95635856.05,178508439.04,-0.3259,-10.1923,0.1993,165.01,83,
2026-07-09T17:37:10,GAT,concat,topk,True,node,first,drop,100M,287625628.85,348804530.2,-2.1728,-51.6757,0.0597,178.74,21,
2026-07-09T17:37:24,GATv2,concat,topk,True,node,first,drop,all,9083267.43,50995234.16,0.1285,0.3624,0.6075,127.96,928,
2026-07-09T17:37:24,GATv2,concat,topk,True,node,first,drop,1M,37065591.59,105836537.28,0.0322,-2.3329,0.4512,136.34,215,
2026-07-09T17:37:24,GATv2,concat,topk,True,node,first,drop,10M,89399213.98,169867230.44,-0.2006,-7.9515,0.2042,144.58,83,
2026-07-09T17:37:24,GATv2,concat,topk,True,node,first,drop,100M,262672158.07,330473185.94,-1.8481,-40.2251,0.2753,157.11,21,
2026-07-09T17:37:25,RF,none,none,False,node,spec,drop,all,627763221.08,4465497020.51,0.2351,0.7049,0.8529,111.85,936,
2026-07-09T17:37:25,RF,none,none,False,node,spec,drop,1M,1191529414.79,6159182370.31,0.2174,0.2008,0.7372,102.3,492,
2026-07-09T17:37:25,RF,none,none,False,node,spec,drop,10M,1787496310.08,7554924192.91,0.1977,-0.1658,0.7016,99.13,327,
2026-07-09T17:37:25,RF,none,none,False,node,spec,drop,100M,3535676925.22,10699752718.18,0.1344,-0.8591,0.6772,95.46,163,
2026-07-09T17:37:36,TabTF,none,none,False,node,spec,drop,all,934869532.93,5381760834.03,-0.111,0.4623,0.7048,136.31,936,
2026-07-09T17:37:36,TabTF,none,none,False,node,spec,drop,1M,1776646230.9,7423000607.01,-0.1368,-0.4252,0.4513,128.97,492,
2026-07-09T17:37:36,TabTF,none,none,False,node,spec,drop,10M,2668530824.85,9105162302.63,-0.1653,-1.5734,0.3131,137.75,327,
2026-07-09T17:37:36,TabTF,none,none,False,node,spec,drop,100M,5187969452.79,12799435832.92,-0.2387,-5.86,0.2826,161.14,163,
2026-07-09T17:37:37,GCN,none,none,False,node,spec,drop,all,851957295.83,4948421077.39,0.0668,0.3157,0.6213,146.53,928,
2026-07-09T17:37:37,GCN,none,none,False,node,spec,drop,1M,1569471351.63,6792390452.82,0.0519,-0.8062,0.356,145.61,489,
2026-07-09T17:37:37,GCN,none,none,False,node,spec,drop,10M,2314056164.19,8303841709.89,0.0289,-2.1401,0.2622,152.52,327,
2026-07-09T17:37:37,GCN,none,none,False,node,spec,drop,100M,4412309241.27,11774553920.08,-0.0448,-6.6665,0.3474,164.4,162,
2026-07-09T17:37:43,GAT,none,none,False,node,spec,drop,all,838105110.69,5076831697.73,0.0177,0.3222,0.5999,148.61,928,
2026-07-09T17:37:43,GAT,none,none,False,node,spec,drop,1M,1581538692.84,6993034942.01,-0.0049,-1.174,0.3704,154.39,489,
2026-07-09T17:37:43,GAT,none,none,False,node,spec,drop,10M,2342931956.64,8550631752.63,-0.0296,-2.9184,0.2792,159.93,327,
2026-07-09T17:37:43,GAT,none,none,False,node,spec,drop,100M,4558573668.11,12130481315.53,-0.1089,-8.3178,0.355,169.07,162,
2026-07-09T17:37:59,GATv2,none,none,False,node,spec,drop,all,937390320.73,5286500540.8,-0.0651,0.3343,0.6009,145.8,928,
2026-07-09T17:37:59,GATv2,none,none,False,node,spec,drop,1M,1771139107.12,7282361664.69,-0.0898,-1.2925,0.3708,151.18,489,
2026-07-09T17:37:59,GATv2,none,none,False,node,spec,drop,10M,2614564482.88,8900910292.4,-0.1157,-3.0134,0.2988,154.87,327,
2026-07-09T17:37:59,GATv2,none,none,False,node,spec,drop,100M,5083020550.06,12607931350.06,-0.1979,-8.0088,0.3399,163.98,162,
2026-07-09T17:38:00,RF,concat,keepall,True,node,spec,drop,all,619869784.2,4195645471.88,0.3247,0.7441,0.876,113.97,936,
2026-07-09T17:38:00,RF,concat,keepall,True,node,spec,drop,1M,1178771666.44,5787008637.74,0.3091,0.3312,0.789,104.64,492,
2026-07-09T17:38:00,RF,concat,keepall,True,node,spec,drop,10M,1771422853.22,7098434821.47,0.2917,0.0243,0.7516,107.93,327,
2026-07-09T17:38:00,RF,concat,keepall,True,node,spec,drop,100M,3520915870.06,10053977283.63,0.2357,-0.781,0.7493,109.49,163,
2026-07-09T17:38:19,TabTF,concat,keepall,True,node,spec,drop,all,245194863961.47,2467438734361.3,-233546.1677,0.2965,0.6417,143.16,936,
2026-07-09T17:38:19,TabTF,concat,keepall,True,node,spec,drop,1M,384321001994.53,3129755757040.8,-202084.8334,-1.2883,0.4237,145.91,492,
2026-07-09T17:38:19,TabTF,concat,keepall,True,node,spec,drop,10M,459059571274.8,3481162035940.13,-170343.0458,-3.0415,0.3244,154.78,327,
2026-07-09T17:38:19,TabTF,concat,keepall,True,node,spec,drop,100M,288921217962.77,2348954707444.57,-41718.2986,-7.8111,0.3573,172.53,163,
2026-07-09T17:38:19,GCN,concat,keepall,True,node,spec,drop,all,9973383355.05,111021377580.57,-468.7429,0.321,0.6169,146.15,928,
2026-07-09T17:38:19,GCN,concat,keepall,True,node,spec,drop,1M,18537997751.12,152775784439.19,-478.6226,-0.9843,0.4113,146.93,489,
2026-07-09T17:38:19,GCN,concat,keepall,True,node,spec,drop,10M,23054773907.94,168730491485.72,-399.9323,-2.2745,0.3187,149.61,327,
2026-07-09T17:38:19,GCN,concat,keepall,True,node,spec,drop,100M,22861856973.74,167348139576.36,-210.0503,-6.1113,0.3714,163.02,162,
2026-07-09T17:38:26,GAT,concat,keepall,True,node,spec,drop,all,1219826607.03,6829541277.32,-0.7776,0.3437,0.6001,147.01,928,
2026-07-09T17:38:26,GAT,concat,keepall,True,node,spec,drop,1M,2268522589.8,9370805994.67,-0.8044,-1.0844,0.4452,148.64,489,
2026-07-09T17:38:26,GAT,concat,keepall,True,node,spec,drop,10M,3118011728.93,10652503164.73,-0.598,-2.6262,0.355,154.03,327,
2026-07-09T17:38:26,GAT,concat,keepall,True,node,spec,drop,100M,5354427070.62,14149144014.57,-0.5087,-7.0879,0.3876,168.54,162,
2026-07-09T17:38:41,GATv2,concat,keepall,True,node,spec,drop,all,1107667145.69,6584589539.84,-0.6524,0.3892,0.6313,142.82,928,
2026-07-09T17:38:41,GATv2,concat,keepall,True,node,spec,drop,1M,2099806639.31,9070848860.84,-0.6908,-0.8234,0.4537,141.11,489,
2026-07-09T17:38:41,GATv2,concat,keepall,True,node,spec,drop,10M,3131329866.77,11092438926.67,-0.7328,-2.1495,0.3799,144.5,327,
2026-07-09T17:38:41,GATv2,concat,keepall,True,node,spec,drop,100M,6253042470.07,15757349019.7,-0.8712,-6.1737,0.3027,153.53,162,
2026-07-09T17:38:43,RF,concat,topk,True,node,spec,drop,all,592812520.34,3961696217.41,0.3979,0.7319,0.8696,115.39,936,
2026-07-09T17:38:43,RF,concat,topk,True,node,spec,drop,1M,1127150080.27,5464323853.53,0.384,0.2702,0.7648,107.1,492,
2026-07-09T17:38:43,RF,concat,topk,True,node,spec,drop,10M,1692683393.3,6702617874.85,0.3685,-0.0608,0.7405,109.31,327,
2026-07-09T17:38:43,RF,concat,topk,True,node,spec,drop,100M,3363563462.64,9493344854.87,0.3186,-0.9074,0.7166,113.35,163,
2026-07-09T17:39:00,TabTF,concat,topk,True,node,spec,drop,all,3070509068.82,24812195409.25,-22.6163,0.201,0.5197,149.83,936,
2026-07-09T17:39:00,TabTF,concat,topk,True,node,spec,drop,1M,5120750151.54,31846784759.51,-19.9241,-0.7746,0.3764,141.29,492,
2026-07-09T17:39:00,TabTF,concat,topk,True,node,spec,drop,10M,6762301813.8,36868022125.26,-18.1064,-2.1703,0.2876,148.23,327,
2026-07-09T17:39:00,TabTF,concat,topk,True,node,spec,drop,100M,6935155791.66,23292047598.61,-3.1021,-6.3648,0.3778,169.11,163,
2026-07-09T17:39:01,GCN,concat,topk,True,node,spec,drop,all,941519957.02,5497096828.2,-0.1516,0.3957,0.6475,142.11,928,
2026-07-09T17:39:01,GCN,concat,topk,True,node,spec,drop,1M,1781225465.07,7572649251.99,-0.1784,-0.7099,0.4551,142.03,489,
2026-07-09T17:39:01,GCN,concat,topk,True,node,spec,drop,10M,2644036197.8,9259807177.63,-0.2075,-1.8398,0.3546,146.34,327,
2026-07-09T17:39:01,GCN,concat,topk,True,node,spec,drop,100M,5231091686.93,13153618414.7,-0.3039,-5.4576,0.3706,155.81,162,
2026-07-09T17:39:08,GAT,concat,topk,True,node,spec,drop,all,766534297.91,4701866870.38,0.1575,0.4367,0.6785,140.12,928,
2026-07-09T17:39:08,GAT,concat,topk,True,node,spec,drop,1M,1452636663.62,6477225563.07,0.1379,-0.6127,0.4634,140.54,489,
2026-07-09T17:39:08,GAT,concat,topk,True,node,spec,drop,10M,2151057325.37,7919799834.86,0.1167,-1.7255,0.3823,143.83,327,
2026-07-09T17:39:08,GAT,concat,topk,True,node,spec,drop,100M,4249454216.1,11249084858.21,0.0464,-5.1602,0.4439,152.95,162,
2026-07-09T17:39:22,GATv2,concat,topk,True,node,spec,drop,all,783536208.11,4684061253.38,0.1638,0.4097,0.6522,141.57,928,
2026-07-09T17:39:22,GATv2,concat,topk,True,node,spec,drop,1M,1483225283.75,6452606666.25,0.1444,-0.5379,0.4707,138.62,489,
2026-07-09T17:39:22,GATv2,concat,topk,True,node,spec,drop,10M,2196240291.87,7889726082.85,0.1234,-1.6819,0.3864,142.52,327,
2026-07-09T17:39:22,GATv2,concat,topk,True,node,spec,drop,100M,4326082798.94,11202744521.83,0.0542,-5.0202,0.3689,151.41,162,
2026-07-09T17:39:29,GAT,blend,keepall,True,node,first,drop,all,9264757.68,52459329.03,0.0777,0.3038,0.5392,130.61,928,
2026-07-09T17:39:29,GAT,blend,keepall,True,node,first,drop,1M,39199408.43,108981468.39,-0.0262,-3.8343,0.428,156.78,215,
2026-07-09T17:39:29,GAT,blend,keepall,True,node,first,drop,10M,94823875.54,174646024.43,-0.2691,-12.4948,0.2154,170.03,83,
2026-07-09T17:39:29,GAT,blend,keepall,True,node,first,drop,100M,271488184.01,338549077.99,-1.989,-64.014,0.1623,169.82,21,
2026-07-09T17:39:36,GAT,blend,topk,True,node,first,drop,all,10146174.09,54745044.61,-0.0044,0.2856,0.5404,130.2,928,
2026-07-09T17:39:36,GAT,blend,topk,True,node,first,drop,1M,40485336.61,112917715.25,-0.1017,-3.4131,0.4068,155.84,215,
2026-07-09T17:39:36,GAT,blend,topk,True,node,first,drop,10M,97883644.31,181296879.64,-0.3676,-11.0367,0.1846,165.93,83,
2026-07-09T17:39:36,GAT,blend,topk,True,node,first,drop,100M,295530482.22,354103229.66,-2.2699,-60.1924,0.3494,187.74,21,
2026-07-09T17:39:44,GAT,attention,keepall,True,node,first,drop,all,9278245.02,53632828.65,0.036,0.3392,0.5635,127.88,928,
2026-07-09T17:39:44,GAT,attention,keepall,True,node,first,drop,1M,39272256.7,111419318.28,-0.0726,-3.6319,0.4235,153.93,215,
2026-07-09T17:39:44,GAT,attention,keepall,True,node,first,drop,10M,96340700.69,179133569.65,-0.3352,-12.01,0.1445,169.02,83,
2026-07-09T17:39:44,GAT,attention,keepall,True,node,first,drop,100M,289729014.03,350178386.74,-2.1978,-69.2729,0.1377,182.17,21,
2026-07-09T17:39:51,GAT,attention,topk,True,node,first,drop,all,9335453.11,53280211.01,0.0486,0.3344,0.5569,128.82,928,
2026-07-09T17:39:51,GAT,attention,topk,True,node,first,drop,1M,39356303.41,110680817.73,-0.0585,-3.7264,0.4341,155.21,215,
2026-07-09T17:39:51,GAT,attention,topk,True,node,first,drop,10M,96218460.74,177825011.71,-0.3158,-11.9978,0.1672,171.78,83,
2026-07-09T17:39:51,GAT,attention,topk,True,node,first,drop,100M,285473928.43,347034014.56,-2.1407,-65.9289,0.1792,179.39,21,
2026-07-09T17:39:54,EdgeGNN,edge,bilateral,True,bilateral,first,drop,all,9666385.7,53744239.18,0.032,0.2379,0.5221,130.47,928,
2026-07-09T17:39:54,EdgeGNN,edge,bilateral,True,bilateral,first,drop,1M,39225821.14,111479431.0,-0.0738,-3.7358,0.3059,156.29,215,
2026-07-09T17:39:54,EdgeGNN,edge,bilateral,True,bilateral,first,drop,10M,96117806.33,179301742.24,-0.3377,-13.8553,0.1582,169.09,83,
2026-07-09T17:39:54,EdgeGNN,edge,bilateral,True,bilateral,first,drop,100M,288543015.5,350363090.26,-2.2012,-63.5069,0.1416,177.17,21,
2026-07-09T17:40:10,EdgeGAT,edge,bilateral,True,bilateral,first,drop,all,13813385.54,102538061.9,-2.5236,0.3362,0.6049,130.53,928,
2026-07-09T17:40:10,EdgeGAT,edge,bilateral,True,bilateral,first,drop,1M,58072101.0,213015761.62,-2.9206,-2.478,0.3229,142.19,215,
2026-07-09T17:40:10,EdgeGAT,edge,bilateral,True,bilateral,first,drop,10M,104480854.28,184684769.02,-0.4192,-8.95,0.1364,159.5,83,
2026-07-09T17:40:10,EdgeGAT,edge,bilateral,True,bilateral,first,drop,100M,289565673.57,348082445.99,-2.1597,-43.1701,0.0519,166.36,21,
2026-07-09T17:40:13,EdgeGNN_full,edge_full,ka_ka,True,bilateral,first,drop,all,18370822.16,109727282.44,-3.035,0.2258,0.5254,131.79,928,
2026-07-09T17:40:13,EdgeGNN_full,edge_full,ka_ka,True,bilateral,first,drop,1M,61215308.69,204091266.82,-2.599,-4.0464,0.2287,157.68,215,
2026-07-09T17:40:13,EdgeGNN_full,edge_full,ka_ka,True,bilateral,first,drop,10M,118774421.11,231002440.04,-1.2204,-15.032,0.104,178.09,83,
2026-07-09T17:40:13,EdgeGNN_full,edge_full,ka_ka,True,bilateral,first,drop,100M,283292654.72,345630323.58,-2.1153,-83.5984,0.2117,178.41,21,
2026-07-09T17:40:29,EdgeGAT_full,edge_full,ka_ka,True,bilateral,first,drop,all,9380351.88,53688177.76,0.034,0.3335,0.5882,125.3,928,
2026-07-09T17:40:29,EdgeGAT_full,edge_full,ka_ka,True,bilateral,first,drop,1M,39719740.36,111536133.58,-0.0749,-2.9909,0.3514,145.46,215,
2026-07-09T17:40:29,EdgeGAT_full,edge_full,ka_ka,True,bilateral,first,drop,10M,95492270.24,178152334.71,-0.3206,-12.181,0.1272,167.81,83,
2026-07-09T17:40:29,EdgeGAT_full,edge_full,ka_ka,True,bilateral,first,drop,100M,283426790.3,347721486.7,-2.1531,-61.8885,0.0935,172.11,21,
2026-07-09T17:40:34,EdgeGATv2_full,edge_full,ka_ka,True,bilateral,first,drop,all,9416515.42,53887074.29,0.0268,0.1823,0.4499,134.5,928,
2026-07-09T17:40:34,EdgeGATv2_full,edge_full,ka_ka,True,bilateral,first,drop,1M,39240984.75,111936272.98,-0.0826,-3.3873,0.3193,149.98,215,
2026-07-09T17:40:34,EdgeGATv2_full,edge_full,ka_ka,True,bilateral,first,drop,10M,96930213.5,180078722.78,-0.3493,-13.4086,0.1958,173.79,83,
2026-07-09T17:40:34,EdgeGATv2_full,edge_full,ka_ka,True,bilateral,first,drop,100M,292485448.2,352069724.66,-2.2325,-74.2279,0.2286,185.33,21,
2026-07-09T17:40:36,EdgeGNN_full,edge_full,tk_tk,True,bilateral,first,drop,all,20614019.56,203958466.76,-12.9412,0.2621,0.5569,128.68,928,
2026-07-09T17:40:36,EdgeGNN_full,edge_full,tk_tk,True,bilateral,first,drop,1M,76069571.41,417478550.78,-14.059,-3.864,0.2704,153.92,215,
2026-07-09T17:40:36,EdgeGNN_full,edge_full,tk_tk,True,bilateral,first,drop,10M,112325845.04,205585041.55,-0.7586,-14.006,0.1367,177.82,83,
2026-07-09T17:40:36,EdgeGNN_full,edge_full,tk_tk,True,bilateral,first,drop,100M,275228675.99,340956935.51,-2.0316,-79.1012,0.0805,173.37,21,
2026-07-09T17:40:53,EdgeGAT_full,edge_full,tk_tk,True,bilateral,first,drop,all,9437175.01,52957556.67,0.0601,0.2466,0.5344,129.39,928,
2026-07-09T17:40:53,EdgeGAT_full,edge_full,tk_tk,True,bilateral,first,drop,1M,38855932.27,109891436.53,-0.0434,-2.9243,0.2716,141.9,215,
2026-07-09T17:40:53,EdgeGAT_full,edge_full,tk_tk,True,bilateral,first,drop,10M,94987559.94,176575665.42,-0.2973,-12.2254,0.1268,166.63,83,
2026-07-09T17:40:53,EdgeGAT_full,edge_full,tk_tk,True,bilateral,first,drop,100M,280419928.54,344312761.18,-2.0916,-69.0401,0.1221,175.13,21,
2026-07-09T17:40:57,EdgeGATv2_full,edge_full,tk_tk,True,bilateral,first,drop,all,15279689.22,80329118.6,-1.1625,0.1394,0.5024,138.19,928,
2026-07-09T17:40:57,EdgeGATv2_full,edge_full,tk_tk,True,bilateral,first,drop,1M,46660220.19,131336230.99,-0.4904,-2.3276,0.3411,134.74,215,
2026-07-09T17:40:57,EdgeGATv2_full,edge_full,tk_tk,True,bilateral,first,drop,10M,108729575.82,207970140.52,-0.7997,-8.2215,0.1701,156.19,83,
2026-07-09T17:40:57,EdgeGATv2_full,edge_full,tk_tk,True,bilateral,first,drop,100M,269020702.7,335615990.05,-1.9374,-49.2849,0.1857,166.22,21,
2026-07-09T17:41:00,EdgeGNN_full,edge_full,ka_tk,True,bilateral,first,drop,all,9836765.63,53617879.95,0.0365,0.2703,0.5413,128.66,928,
2026-07-09T17:41:00,EdgeGNN_full,edge_full,ka_tk,True,bilateral,first,drop,1M,41597275.65,111389284.09,-0.072,-3.5207,0.328,145.33,215,
2026-07-09T17:41:00,EdgeGNN_full,edge_full,ka_tk,True,bilateral,first,drop,10M,98471892.98,176259343.13,-0.2927,-12.9086,0.1531,169.11,83,
2026-07-09T17:41:00,EdgeGNN_full,edge_full,ka_tk,True,bilateral,first,drop,100M,260511743.88,332064550.57,-1.8756,-60.4349,0.187,162.32,21,
2026-07-09T17:41:16,EdgeGAT_full,edge_full,ka_tk,True,bilateral,first,drop,all,9423540.44,52543189.85,0.0748,0.3395,0.5962,126.99,928,
2026-07-09T17:41:16,EdgeGAT_full,edge_full,ka_tk,True,bilateral,first,drop,1M,39451238.96,109136473.85,-0.0291,-2.4276,0.3438,137.54,215,
2026-07-09T17:41:16,EdgeGAT_full,edge_full,ka_tk,True,bilateral,first,drop,10M,91466338.09,173088001.09,-0.2466,-9.3919,0.1693,153.7,83,
2026-07-09T17:41:16,EdgeGAT_full,edge_full,ka_tk,True,bilateral,first,drop,100M,267413046.02,335804147.94,-1.9407,-52.9923,0.0338,160.57,21,
2026-07-09T17:41:21,EdgeGATv2_full,edge_full,ka_tk,True,bilateral,first,drop,all,27661141.98,200713978.0,-12.5012,0.1353,0.4731,136.19,928,
2026-07-09T17:41:21,EdgeGATv2_full,edge_full,ka_tk,True,bilateral,first,drop,1M,67195686.62,266392195.02,-5.1316,-3.6242,0.2871,152.11,215,
2026-07-09T17:41:21,EdgeGATv2_full,edge_full,ka_tk,True,bilateral,first,drop,10M,153276685.83,417875182.63,-6.2659,-13.2078,0.1358,173.37,83,
2026-07-09T17:41:21,EdgeGATv2_full,edge_full,ka_tk,True,bilateral,first,drop,100M,280790324.49,343999507.5,-2.086,-72.1713,0.1805,176.14,21,
2026-07-09T17:41:24,EdgeGNN_full,edge_full,tk_ka,True,bilateral,first,drop,all,9211561.3,53525322.26,0.0399,0.3771,0.6115,124.25,928,
2026-07-09T17:41:24,EdgeGNN_full,edge_full,tk_ka,True,bilateral,first,drop,1M,38883981.19,111193375.7,-0.0683,-2.9675,0.3904,140.06,215,
2026-07-09T17:41:24,EdgeGNN_full,edge_full,tk_ka,True,bilateral,first,drop,10M,95424644.05,178764078.73,-0.3297,-10.5418,0.1404,160.15,83,
2026-07-09T17:41:24,EdgeGNN_full,edge_full,tk_ka,True,bilateral,first,drop,100M,288525515.15,349569667.81,-2.1867,-55.3161,0.0312,178.49,21,
2026-07-09T17:41:40,EdgeGAT_full,edge_full,tk_ka,True,bilateral,first,drop,all,11670293.06,87341923.11,-1.5566,0.2549,0.5519,131.02,928,
2026-07-09T17:41:40,EdgeGAT_full,edge_full,tk_ka,True,bilateral,first,drop,1M,49046079.16,181449110.98,-1.8447,-2.401,0.3893,135.03,215,
2026-07-09T17:41:40,EdgeGAT_full,edge_full,tk_ka,True,bilateral,first,drop,10M,94605054.78,174596208.68,-0.2684,-9.3534,0.24,161.63,83,
2026-07-09T17:41:40,EdgeGAT_full,edge_full,tk_ka,True,bilateral,first,drop,100M,269234988.16,338945666.58,-1.996,-42.6225,0.1948,159.4,21,
2026-07-09T17:41:45,EdgeGATv2_full,edge_full,tk_ka,True,bilateral,first,drop,all,10427937.67,53460977.14,0.0422,0.1962,0.503,135.19,928,
2026-07-09T17:41:45,EdgeGATv2_full,edge_full,tk_ka,True,bilateral,first,drop,1M,40068333.17,109358718.64,-0.0333,-2.5467,0.3699,139.2,215,
2026-07-09T17:41:45,EdgeGATv2_full,edge_full,tk_ka,True,bilateral,first,drop,10M,96175172.23,175117797.16,-0.276,-10.0382,0.1932,163.29,83,
2026-07-09T17:41:45,EdgeGATv2_full,edge_full,tk_ka,True,bilateral,first,drop,100M,270616571.43,337477080.61,-1.9701,-61.3145,0.2532,168.49,21,
2026-07-09T17:43:29,RF,none,none,False,node,first,rf,all,6761862.88,38284505.36,0.4702,0.6123,0.7805,102.51,965,
2026-07-09T17:43:29,RF,none,none,False,node,first,rf,1M,28201745.81,80044476.1,0.4106,-0.6457,0.6345,95.44,220,
2026-07-09T17:43:29,RF,none,none,False,node,first,rf,10M,68372976.27,127919703.62,0.2654,-3.0085,0.5241,103.27,86,
2026-07-09T17:43:29,RF,none,none,False,node,first,rf,100M,203717661.49,250967937.66,-0.7648,-15.3607,0.2519,107.57,21,
2026-07-09T17:43:39,TabTF,none,none,False,node,first,rf,all,13779422.75,72436116.0,-0.8966,0.3232,0.6267,128.39,965,
2026-07-09T17:43:39,TabTF,none,none,False,node,first,rf,1M,59537750.97,151703434.96,-1.1172,-2.6635,0.285,142.13,220,
2026-07-09T17:43:39,TabTF,none,none,False,node,first,rf,10M,123331247.8,218288198.38,-1.139,-10.8395,0.0573,164.99,86,
2026-07-09T17:43:39,TabTF,none,none,False,node,first,rf,100M,307199824.12,361617835.83,-2.6639,-74.086,0.2234,184.57,21,
2026-07-09T17:43:40,GCN,none,none,False,node,first,rf,all,10440713.38,56826786.41,0.0185,0.2469,0.5402,132.53,948,
2026-07-09T17:43:40,GCN,none,none,False,node,first,rf,1M,41945135.45,116800623.38,-0.0922,-3.5489,0.3328,156.5,224,
2026-07-09T17:43:40,GCN,none,none,False,node,first,rf,10M,101962218.65,187271010.55,-0.3655,-11.8778,0.2105,169.36,87,
2026-07-09T17:43:40,GCN,none,none,False,node,first,rf,100M,308342809.57,365949949.93,-2.3886,-57.6018,0.3156,186.54,22,
2026-07-09T17:43:47,GAT,none,none,False,node,first,rf,all,10010390.93,54953490.68,0.0821,0.2855,0.5533,130.63,948,
2026-07-09T17:43:47,GAT,none,none,False,node,first,rf,1M,41142219.96,113010272.06,-0.0225,-2.7844,0.3235,146.66,224,
2026-07-09T17:43:47,GAT,none,none,False,node,first,rf,10M,98131385.81,180751459.3,-0.2721,-11.3697,0.1532,164.7,87,
2026-07-09T17:43:47,GAT,none,none,False,node,first,rf,100M,280510811.95,350620601.74,-2.1106,-61.2992,0.2648,160.65,22,
2026-07-09T17:44:03,GATv2,none,none,False,node,first,rf,all,10239469.86,56751735.13,0.021,0.2558,0.5265,133.29,948,
2026-07-09T17:44:03,GATv2,none,none,False,node,first,rf,1M,41178791.16,116681893.25,-0.09,-3.1401,0.2733,149.77,224,
2026-07-09T17:44:03,GATv2,none,none,False,node,first,rf,10M,100926562.58,187151772.28,-0.3637,-12.1286,0.1219,164.28,87,
2026-07-09T17:44:03,GATv2,none,none,False,node,first,rf,100M,307918415.64,365968700.74,-2.3889,-70.9652,0.2456,185.75,22,
2026-07-09T17:44:04,RF,concat,keepall,True,node,first,rf,all,6310941.96,35641217.38,0.5408,0.6664,0.8075,101.69,965,
2026-07-09T17:44:04,RF,concat,keepall,True,node,first,rf,1M,26967033.56,74626770.39,0.4876,-0.2628,0.7289,97.08,220,
2026-07-09T17:44:04,RF,concat,keepall,True,node,first,rf,10M,65574060.61,119300600.22,0.3611,-1.4825,0.6202,98.8,86,
2026-07-09T17:44:04,RF,concat,keepall,True,node,first,rf,100M,194292700.48,233661338.92,-0.5298,-6.7892,0.5779,101.67,21,
2026-07-09T17:44:23,TabTF,concat,keepall,True,node,first,rf,all,9466940.26,51538973.17,0.0398,0.3767,0.6353,125.14,965,
2026-07-09T17:44:23,TabTF,concat,keepall,True,node,first,rf,1M,40433720.6,107926522.52,-0.0716,-2.7909,0.3246,140.12,220,
2026-07-09T17:44:23,TabTF,concat,keepall,True,node,first,rf,10M,89401714.87,167506171.27,-0.2595,-10.2994,0.0815,148.13,86,
2026-07-09T17:44:23,TabTF,concat,keepall,True,node,first,rf,100M,249790814.8,322309101.73,-1.9107,-69.4663,0.1247,154.73,21,
2026-07-09T17:44:24,GCN,concat,keepall,True,node,first,rf,all,19058153.31,127210326.75,-3.9187,0.2207,0.552,135.69,948,
2026-07-09T17:44:24,GCN,concat,keepall,True,node,first,rf,1M,52742462.77,145514087.88,-0.6953,-3.1555,0.3387,150.49,224,
2026-07-09T17:44:24,GCN,concat,keepall,True,node,first,rf,10M,117086266.11,217493443.5,-0.8418,-9.7898,0.1803,170.8,87,
2026-07-09T17:44:24,GCN,concat,keepall,True,node,first,rf,100M,282292840.47,345601025.98,-2.0222,-55.148,0.3156,170.79,22,
2026-07-09T17:44:32,GAT,concat,keepall,True,node,first,rf,all,11319756.66,56204329.09,0.0398,0.2287,0.4923,134.4,948,
2026-07-09T17:44:32,GAT,concat,keepall,True,node,first,rf,1M,43619478.29,113779968.38,-0.0365,-2.9978,0.38,151.36,224,
2026-07-09T17:44:32,GAT,concat,keepall,True,node,first,rf,10M,102190265.36,180441859.92,-0.2677,-11.2298,0.2142,169.81,87,
2026-07-09T17:44:32,GAT,concat,keepall,True,node,first,rf,100M,281175304.07,345336671.13,-2.0176,-59.7615,0.3665,169.69,22,
2026-07-09T17:44:47,GATv2,concat,keepall,True,node,first,rf,all,9844813.38,55280497.82,0.0711,0.2738,0.518,132.3,948,
2026-07-09T17:44:47,GATv2,concat,keepall,True,node,first,rf,1M,40486966.76,113708646.94,-0.0352,-2.8753,0.4198,148.27,224,
2026-07-09T17:44:47,GATv2,concat,keepall,True,node,first,rf,10M,98199669.4,182288695.98,-0.2938,-10.1642,0.2805,158.21,87,
2026-07-09T17:44:47,GATv2,concat,keepall,True,node,first,rf,100M,295890238.23,356121883.66,-2.209,-45.8675,0.2716,170.8,22,
2026-07-09T17:44:49,RF,concat,topk,True,node,first,rf,all,6407810.77,36182480.2,0.5268,0.629,0.7875,105.88,965,
2026-07-09T17:44:49,RF,concat,topk,True,node,first,rf,1M,27462734.85,75771804.23,0.4718,-0.9721,0.6198,109.81,220,
2026-07-09T17:44:49,RF,concat,topk,True,node,first,rf,10M,66494685.8,121123130.79,0.3414,-3.4367,0.4102,113.42,86,
2026-07-09T17:44:49,RF,concat,topk,True,node,first,rf,100M,192621337.15,236582799.7,-0.5682,-18.4343,0.6234,116.75,21,
2026-07-09T17:45:07,TabTF,concat,topk,True,node,first,rf,all,22349878.48,145855419.71,-6.6898,0.0805,0.4539,137.62,965,
2026-07-09T17:45:07,TabTF,concat,topk,True,node,first,rf,1M,56161506.51,167267590.62,-1.574,-2.8686,0.3504,151.53,220,
2026-07-09T17:45:07,TabTF,concat,topk,True,node,first,rf,10M,114534198.26,223055624.63,-1.2334,-10.9846,0.3025,178.31,86,
2026-07-09T17:45:07,TabTF,concat,topk,True,node,first,rf,100M,295488097.6,350598895.17,-2.4441,-62.4575,0.0987,192.73,21,
2026-07-09T17:45:08,GCN,concat,topk,True,node,first,rf,all,12632787.4,62789499.03,-0.1983,0.1953,0.5866,135.67,948,
2026-07-09T17:45:08,GCN,concat,topk,True,node,first,rf,1M,49618554.31,128981995.83,-0.3319,-1.6852,0.3454,127.88,224,
2026-07-09T17:45:08,GCN,concat,topk,True,node,first,rf,10M,111661530.31,197664649.84,-0.5213,-5.9848,0.2421,151.96,87,
2026-07-09T17:45:08,GCN,concat,topk,True,node,first,rf,100M,273760947.74,343541194.6,-1.9863,-36.2983,0.2185,158.48,22,
2026-07-09T17:45:16,GAT,concat,topk,True,node,first,rf,all,10133018.72,54620841.4,0.0932,0.3021,0.5587,131.08,948,
2026-07-09T17:45:16,GAT,concat,topk,True,node,first,rf,1M,41579314.92,112350038.8,-0.0106,-2.1572,0.4551,138.8,224,
2026-07-09T17:45:16,GAT,concat,topk,True,node,first,rf,10M,98849276.19,178808732.35,-0.2449,-8.3634,0.196,157.59,87,
2026-07-09T17:45:16,GAT,concat,topk,True,node,first,rf,100M,277816555.24,344258990.34,-1.9988,-46.9301,0.2976,163.19,22,
2026-07-09T17:45:31,GATv2,concat,topk,True,node,first,rf,all,9942673.35,55378205.15,0.0679,0.3338,0.5598,129.57,948,
2026-07-09T17:45:31,GATv2,concat,topk,True,node,first,rf,1M,41051355.06,113913203.85,-0.0389,-2.8822,0.4323,149.84,224,
2026-07-09T17:45:31,GATv2,concat,topk,True,node,first,rf,10M,99657398.84,182490075.77,-0.2967,-10.152,0.2415,164.98,87,
2026-07-09T17:45:31,GATv2,concat,topk,True,node,first,rf,100M,296318735.7,355958676.45,-2.2061,-50.7026,0.3586,176.43,22,
2026-07-09T17:45:32,RF,none,none,False,node,spec,rf,all,667764689.4,4310011362.01,0.3683,0.717,0.8597,112.92,965,
2026-07-09T17:45:32,RF,none,none,False,node,spec,rf,1M,1273271129.8,5957894754.74,0.3526,0.198,0.7303,103.31,505,
2026-07-09T17:45:32,RF,none,none,False,node,spec,rf,10M,1874147574.74,7250116990.77,0.3361,-0.1408,0.6966,100.82,341,
2026-07-09T17:45:32,RF,none,none,False,node,spec,rf,100M,3540640783.57,10083708616.95,0.2858,-0.8863,0.6518,99.88,176,
2026-07-09T17:45:44,TabTF,none,none,False,node,spec,rf,all,1063268927.86,5915077041.66,-0.1898,0.4654,0.7145,136.86,965,
2026-07-09T17:45:44,TabTF,none,none,False,node,spec,rf,1M,2030102706.94,8176698624.42,-0.2193,-0.7476,0.4666,138.53,505,
2026-07-09T17:45:44,TabTF,none,none,False,node,spec,rf,10M,3002089296.06,9950521703.6,-0.2505,-2.1307,0.3112,147.37,341,
2026-07-09T17:45:44,TabTF,none,none,False,node,spec,rf,100M,5581325078.57,13631571295.19,-0.3052,-7.0622,0.3169,161.7,176,
2026-07-09T17:45:45,GCN,none,none,False,node,spec,rf,all,969220348.18,5094930547.94,0.1301,0.2879,0.5817,149.07,948,
2026-07-09T17:45:45,GCN,none,none,False,node,spec,rf,1M,1804578833.99,6994768741.31,0.1104,-1.0524,0.3497,149.24,502,
2026-07-09T17:45:45,GCN,none,none,False,node,spec,rf,10M,2588387059.14,8464429900.1,0.0952,-2.5544,0.2638,155.93,340,
2026-07-09T17:45:45,GCN,none,none,False,node,spec,rf,100M,4653602668.76,11737336405.36,0.039,-7.4081,0.382,167.38,174,
2026-07-09T17:45:53,GAT,none,none,False,node,spec,rf,all,950820946.82,5107549244.6,0.1258,0.3733,0.6219,142.15,948,
2026-07-09T17:45:53,GAT,none,none,False,node,spec,rf,1M,1790817604.3,7018772285.83,0.1043,-0.7452,0.4269,141.74,502,
2026-07-09T17:45:53,GAT,none,none,False,node,spec,rf,10M,2608585047.24,8520223117.58,0.0832,-2.1117,0.3322,148.33,340,
2026-07-09T17:45:53,GAT,none,none,False,node,spec,rf,100M,4931610755.51,11893264969.38,0.0133,-6.2023,0.3036,160.55,174,
2026-07-09T17:46:08,GATv2,none,none,False,node,spec,rf,all,1018242632.88,5537215946.68,-0.0275,0.3677,0.623,143.72,948,
2026-07-09T17:46:08,GATv2,none,none,False,node,spec,rf,1M,1920818253.79,7609278366.44,-0.0528,-0.5641,0.4005,136.38,502,
2026-07-09T17:46:08,GATv2,none,none,False,node,spec,rf,10M,2827336408.12,9245831822.25,-0.0796,-1.9151,0.314,149.81,340,
2026-07-09T17:46:08,GATv2,none,none,False,node,spec,rf,100M,5413622054.5,12897816474.34,-0.1604,-6.3205,0.3127,170.43,174,
2026-07-09T17:46:09,RF,concat,keepall,True,node,spec,rf,all,653440434.02,4165598336.91,0.4099,0.7589,0.8825,113.32,965,
2026-07-09T17:46:09,RF,concat,keepall,True,node,spec,rf,1M,1248045809.87,5758313594.49,0.3953,0.418,0.8078,101.76,505,
2026-07-09T17:46:09,RF,concat,keepall,True,node,spec,rf,10M,1845918766.23,7007508108.58,0.3798,0.1466,0.7854,101.78,341,
2026-07-09T17:46:09,RF,concat,keepall,True,node,spec,rf,100M,3550106095.84,9753967743.24,0.3317,-0.5524,0.7543,105.37,176,
2026-07-09T17:46:30,TabTF,concat,keepall,True,node,spec,rf,all,1327664483.54,7052096157.01,-0.6911,0.3178,0.6097,144.88,965,
2026-07-09T17:46:30,TabTF,concat,keepall,True,node,spec,rf,1M,2377637207.63,9423390253.38,-0.6195,-0.5931,0.4095,139.39,505,
2026-07-09T17:46:30,TabTF,concat,keepall,True,node,spec,rf,10M,3425151461.92,11379295236.03,-0.6354,-1.7142,0.2897,142.88,341,
2026-07-09T17:46:30,TabTF,concat,keepall,True,node,spec,rf,100M,5121770546.0,13286354701.84,-0.2399,-5.043,0.3826,161.69,176,
2026-07-09T17:46:31,GCN,concat,keepall,True,node,spec,rf,all,1806453269.14,13815568163.55,-5.3961,0.3036,0.6021,147.67,948,
2026-07-09T17:46:31,GCN,concat,keepall,True,node,spec,rf,1M,3399129103.16,18984964333.35,-5.5535,-1.0617,0.39,151.22,502,
2026-07-09T17:46:31,GCN,concat,keepall,True,node,spec,rf,10M,4993430812.02,23068064007.73,-5.7204,-2.5568,0.2857,156.7,340,
2026-07-09T17:46:31,GCN,concat,keepall,True,node,spec,rf,100M,6644386024.14,22384287744.33,-2.4951,-6.7381,0.4284,165.34,174,
2026-07-09T17:46:39,GAT,concat,keepall,True,node,spec,rf,all,843108022.6,5028353478.32,0.1527,0.3409,0.5978,143.33,948,
2026-07-09T17:46:39,GAT,concat,keepall,True,node,spec,rf,1M,1589452111.8,6909990378.78,0.1318,-0.503,0.446,138.16,502,
2026-07-09T17:46:39,GAT,concat,keepall,True,node,spec,rf,10M,2335410220.49,8396164964.1,0.1097,-1.6574,0.3585,146.55,340,
2026-07-09T17:46:39,GAT,concat,keepall,True,node,spec,rf,100M,4511000028.61,11736108607.62,0.0392,-5.5616,0.3804,162.79,174,
2026-07-09T17:46:54,GATv2,concat,keepall,True,node,spec,rf,all,896810899.9,5382344951.38,0.0292,0.4348,0.674,140.66,948,
2026-07-09T17:46:54,GATv2,concat,keepall,True,node,spec,rf,1M,1690386849.99,7396431877.42,0.0053,-0.3997,0.5207,137.29,502,
2026-07-09T17:46:54,GATv2,concat,keepall,True,node,spec,rf,10M,2485343169.32,8987285387.91,-0.0201,-1.4054,0.4363,142.57,340,
2026-07-09T17:46:54,GATv2,concat,keepall,True,node,spec,rf,100M,4752051670.7,12559467557.23,-0.1003,-4.2745,0.3669,145.16,174,
2026-07-09T17:46:56,RF,concat,topk,True,node,spec,rf,all,653281781.89,4041504988.04,0.4446,0.7139,0.8585,116.76,965,
2026-07-09T17:46:56,RF,concat,topk,True,node,spec,rf,1M,1247388839.6,5586770540.24,0.4308,0.1402,0.7216,109.2,505,
2026-07-09T17:46:56,RF,concat,topk,True,node,spec,rf,10M,1844324278.8,6798744939.4,0.4162,-0.3855,0.6529,111.31,341,
2026-07-09T17:46:56,RF,concat,topk,True,node,spec,rf,100M,3542526637.54,9463277868.34,0.371,-1.9801,0.5927,118.86,176,
2026-07-09T17:47:14,TabTF,concat,topk,True,node,spec,rf,all,874620532.4,5421500086.58,0.0005,0.4354,0.6814,140.44,965,
2026-07-09T17:47:14,TabTF,concat,topk,True,node,spec,rf,1M,1661350688.86,7493346005.41,-0.024,-0.846,0.4919,142.61,505,
2026-07-09T17:47:14,TabTF,concat,topk,True,node,spec,rf,10M,2446452233.13,9118252252.71,-0.0501,-2.1475,0.3526,147.03,341,
2026-07-09T17:47:14,TabTF,concat,topk,True,node,spec,rf,100M,4618417863.61,12685864669.19,-0.1304,-6.0898,0.4088,157.76,176,
2026-07-09T17:47:14,GCN,concat,topk,True,node,spec,rf,all,923192551.98,5126712535.39,0.1192,0.4603,0.7041,136.84,948,
2026-07-09T17:47:14,GCN,concat,topk,True,node,spec,rf,1M,1740202871.22,7045153504.39,0.0975,-0.4569,0.504,134.81,502,
2026-07-09T17:47:14,GCN,concat,topk,True,node,spec,rf,10M,2550138356.56,8560073707.4,0.0746,-1.3023,0.4223,136.59,340,
2026-07-09T17:47:14,GCN,concat,topk,True,node,spec,rf,100M,4801985494.02,11937891268.36,0.0059,-4.1627,0.4564,144.12,174,
2026-07-09T17:47:22,GAT,concat,topk,True,node,spec,rf,all,873658966.71,5189560255.88,0.0975,0.348,0.5846,144.67,948,
2026-07-09T17:47:22,GAT,concat,topk,True,node,spec,rf,1M,1644273687.68,7131470417.58,0.0753,-0.7377,0.4461,142.7,502,
2026-07-09T17:47:22,GAT,concat,topk,True,node,spec,rf,10M,2419166397.13,8665388277.83,0.0517,-2.078,0.345,147.08,340,
2026-07-09T17:47:22,GAT,concat,topk,True,node,spec,rf,100M,4647819165.87,12109220393.02,-0.0228,-6.1712,0.3395,164.14,174,
2026-07-09T17:47:38,GATv2,concat,topk,True,node,spec,rf,all,856437588.67,5149741782.73,0.1113,0.3458,0.5855,145.77,948,
2026-07-09T17:47:38,GATv2,concat,topk,True,node,spec,rf,1M,1611440591.49,7076719916.57,0.0894,-0.7536,0.451,145.04,502,
2026-07-09T17:47:38,GATv2,concat,topk,True,node,spec,rf,10M,2365974391.72,8598583781.87,0.0663,-2.0844,0.381,150.38,340,
2026-07-09T17:47:38,GATv2,concat,topk,True,node,spec,rf,100M,4562040653.7,12018701901.19,-0.0076,-5.9739,0.3909,165.63,174,
2026-07-09T17:47:46,GAT,blend,keepall,True,node,first,rf,all,10114398.95,57615029.89,-0.009,0.2064,0.4935,130.53,948,
2026-07-09T17:47:46,GAT,blend,keepall,True,node,first,rf,1M,42189186.01,118524727.64,-0.1247,-4.2791,0.3922,160.11,224,
2026-07-09T17:47:46,GAT,blend,keepall,True,node,first,rf,10M,103838921.16,190122322.81,-0.4074,-15.1869,0.2049,181.15,87,
2026-07-09T17:47:46,GAT,blend,keepall,True,node,first,rf,100M,314364238.94,371662609.62,-2.4952,-77.4385,0.2242,194.1,22,
2026-07-09T17:47:54,GAT,blend,topk,True,node,first,rf,all,9987493.39,56500483.78,0.0297,0.3227,0.5531,130.28,948,
2026-07-09T17:47:54,GAT,blend,topk,True,node,first,rf,1M,41162708.39,116216803.31,-0.0813,-3.277,0.4428,151.43,224,
2026-07-09T17:47:54,GAT,blend,topk,True,node,first,rf,10M,100725124.83,186383700.26,-0.3526,-10.2577,0.1699,163.52,87,
2026-07-09T17:47:54,GAT,blend,topk,True,node,first,rf,100M,306875430.16,364492298.07,-2.3617,-54.624,0.3043,185.1,22,
2026-07-09T17:48:01,GAT,attention,keepall,True,node,first,rf,all,10195016.73,56893973.19,0.0161,0.2828,0.5311,131.76,948,
2026-07-09T17:48:01,GAT,attention,keepall,True,node,first,rf,1M,42211814.27,117016664.4,-0.0963,-3.799,0.3814,162.82,224,
2026-07-09T17:48:01,GAT,attention,keepall,True,node,first,rf,10M,102717285.13,187580907.05,-0.37,-13.0982,0.088,176.9,87,
2026-07-09T17:48:01,GAT,attention,keepall,True,node,first,rf,100M,308756983.58,366531460.03,-2.3994,-78.4603,0.4852,188.8,22,
2026-07-09T17:48:09,GAT,attention,topk,True,node,first,rf,all,10090563.38,56709647.45,0.0225,0.3052,0.5313,130.81,948,
2026-07-09T17:48:09,GAT,attention,topk,True,node,first,rf,1M,41441442.89,116633806.59,-0.0891,-3.0173,0.4662,149.84,224,
2026-07-09T17:48:09,GAT,attention,topk,True,node,first,rf,10M,101177694.76,187004433.71,-0.3616,-9.3261,0.1384,162.77,87,
2026-07-09T17:48:09,GAT,attention,topk,True,node,first,rf,100M,307920507.29,365789429.31,-2.3856,-53.9662,0.3778,186.58,22,
2026-07-09T17:48:12,EdgeGNN,edge,bilateral,True,bilateral,first,rf,all,10361634.99,58286801.28,-0.0326,-10.7299,nan,200.0,948,
2026-07-09T17:48:12,EdgeGNN,edge,bilateral,True,bilateral,first,rf,1M,43445256.81,119907834.51,-0.1511,-91.672,nan,200.0,224,
2026-07-09T17:48:12,EdgeGNN,edge,bilateral,True,bilateral,first,rf,10M,106331830.93,192327929.69,-0.4402,-230.9598,nan,200.0,87,
2026-07-09T17:48:12,EdgeGNN,edge,bilateral,True,bilateral,first,rf,100M,318827527.8,375728114.89,-2.5721,-1031.4432,nan,200.0,22,
2026-07-09T17:48:29,EdgeGAT,edge,bilateral,True,bilateral,first,rf,all,65494008.55,1604860082.16,-781.8527,0.3258,0.5991,129.59,948,
2026-07-09T17:48:29,EdgeGAT,edge,bilateral,True,bilateral,first,rf,1M,54732333.32,169283207.64,-1.2943,-3.0972,0.3267,151.97,224,
2026-07-09T17:48:29,EdgeGAT,edge,bilateral,True,bilateral,first,rf,10M,103243619.28,184196187.31,-0.321,-10.7751,0.2303,164.33,87,
2026-07-09T17:48:29,EdgeGAT,edge,bilateral,True,bilateral,first,rf,100M,286949558.51,350937471.22,-2.1163,-50.53,0.1925,161.6,22,
2026-07-09T17:48:33,EdgeGNN_full,edge_full,ka_ka,True,bilateral,first,rf,all,9972430.73,55433087.3,0.066,0.2583,0.5075,131.55,948,
2026-07-09T17:48:33,EdgeGNN_full,edge_full,ka_ka,True,bilateral,first,rf,1M,41434442.61,114034061.69,-0.0411,-3.8753,0.2642,157.72,224,
2026-07-09T17:48:33,EdgeGNN_full,edge_full,ka_ka,True,bilateral,first,rf,10M,99824487.63,182508700.52,-0.2969,-14.7607,0.1043,176.71,87,
2026-07-09T17:48:33,EdgeGNN_full,edge_full,ka_ka,True,bilateral,first,rf,100M,292640566.99,355178136.93,-2.192,-86.9317,0.2987,177.75,22,
2026-07-09T17:48:50,EdgeGAT_full,edge_full,ka_ka,True,bilateral,first,rf,all,30989205.66,635743839.12,-121.8486,0.323,0.597,128.66,948,
2026-07-09T17:48:50,EdgeGAT_full,edge_full,ka_ka,True,bilateral,first,rf,1M,130058252.69,1307862320.32,-135.9455,-3.0241,0.2607,144.34,224,
2026-07-09T17:48:50,EdgeGAT_full,edge_full,ka_ka,True,bilateral,first,rf,10M,99244821.84,179141028.08,-0.2495,-11.55,0.0864,165.02,87,
2026-07-09T17:48:50,EdgeGAT_full,edge_full,ka_ka,True,bilateral,first,rf,100M,273856325.05,343944070.96,-1.9933,-68.7887,0.2298,158.23,22,
2026-07-09T17:48:55,EdgeGATv2_full,edge_full,ka_ka,True,bilateral,first,rf,all,11669768.62,56668006.33,0.0239,0.1179,0.4535,138.14,948,
2026-07-09T17:48:55,EdgeGATv2_full,edge_full,ka_ka,True,bilateral,first,rf,1M,43605591.17,113996316.09,-0.0404,-2.9579,0.2398,146.54,224,
2026-07-09T17:48:55,EdgeGATv2_full,edge_full,ka_ka,True,bilateral,first,rf,10M,103111829.78,181310929.61,-0.2799,-12.4949,0.1541,173.16,87,
2026-07-09T17:48:55,EdgeGATv2_full,edge_full,ka_ka,True,bilateral,first,rf,100M,281318989.7,345237654.79,-2.0159,-73.2094,0.1361,171.06,22,
2026-07-09T17:48:58,EdgeGNN_full,edge_full,tk_tk,True,bilateral,first,rf,all,12442864.78,59843459.5,-0.0885,0.2651,0.5415,131.34,948,
2026-07-09T17:48:58,EdgeGNN_full,edge_full,tk_tk,True,bilateral,first,rf,1M,45534606.67,117703702.43,-0.1092,-3.606,0.2681,154.77,224,
2026-07-09T17:48:58,EdgeGNN_full,edge_full,tk_tk,True,bilateral,first,rf,10M,106756134.21,186883225.94,-0.3598,-13.6127,0.1424,177.43,87,
2026-07-09T17:48:58,EdgeGNN_full,edge_full,tk_tk,True,bilateral,first,rf,100M,295149470.42,356082269.89,-2.2083,-78.1504,0.1892,178.32,22,
2026-07-09T17:49:14,EdgeGAT_full,edge_full,tk_tk,True,bilateral,first,rf,all,12280439.95,88895022.13,-1.4019,0.2976,0.5749,127.48,948,
2026-07-09T17:49:14,EdgeGAT_full,edge_full,tk_tk,True,bilateral,first,rf,1M,50433291.52,182844216.3,-1.6766,-2.3051,0.3948,137.36,224,
2026-07-09T17:49:14,EdgeGAT_full,edge_full,tk_tk,True,bilateral,first,rf,10M,99412329.21,184114234.39,-0.3198,-8.9711,0.206,161.69,87,
2026-07-09T17:49:14,EdgeGAT_full,edge_full,tk_tk,True,bilateral,first,rf,100M,299816877.67,359794031.5,-2.2755,-49.0682,0.1903,178.0,22,
2026-07-09T17:49:20,EdgeGATv2_full,edge_full,tk_tk,True,bilateral,first,rf,all,11901636.13,58444653.33,-0.0382,0.1607,0.5214,135.88,948,
2026-07-09T17:49:20,EdgeGATv2_full,edge_full,tk_tk,True,bilateral,first,rf,1M,43272763.57,116195375.54,-0.0809,-2.02,0.2637,135.42,224,
2026-07-09T17:49:20,EdgeGATv2_full,edge_full,tk_tk,True,bilateral,first,rf,10M,102869808.92,185353622.13,-0.3377,-8.9045,0.0999,158.84,87,
2026-07-09T17:49:20,EdgeGATv2_full,edge_full,tk_tk,True,bilateral,first,rf,100M,297376540.36,356191967.3,-2.2103,-54.5175,0.397,176.97,22,
2026-07-09T17:49:23,EdgeGNN_full,edge_full,ka_tk,True,bilateral,first,rf,all,26774299.91,170338075.35,-7.8192,0.2068,0.5204,131.83,948,
2026-07-09T17:49:23,EdgeGNN_full,edge_full,ka_tk,True,bilateral,first,rf,1M,67153760.42,223460070.2,-2.9978,-3.9766,0.1949,158.12,224,
2026-07-09T17:49:23,EdgeGNN_full,edge_full,ka_tk,True,bilateral,first,rf,10M,140723083.05,320813057.02,-3.0073,-15.6279,0.1347,181.91,87,
2026-07-09T17:49:23,EdgeGNN_full,edge_full,ka_tk,True,bilateral,first,rf,100M,292302725.9,354483515.88,-2.1796,-86.7646,0.2343,177.26,22,
2026-07-09T17:49:40,EdgeGAT_full,edge_full,ka_tk,True,bilateral,first,rf,all,248758991.54,7348371036.7,-16411.9965,0.2316,0.547,131.73,948,
2026-07-09T17:49:40,EdgeGAT_full,edge_full,ka_tk,True,bilateral,first,rf,1M,41017811.72,112197118.6,-0.0078,-2.5869,0.2734,138.09,224,
2026-07-09T17:49:40,EdgeGAT_full,edge_full,ka_tk,True,bilateral,first,rf,10M,98122979.36,179106552.4,-0.249,-11.441,0.1242,163.9,87,
2026-07-09T17:49:40,EdgeGAT_full,edge_full,ka_tk,True,bilateral,first,rf,100M,280767700.27,346879853.87,-2.0446,-66.7364,0.2411,164.94,22,
2026-07-09T17:49:45,EdgeGATv2_full,edge_full,ka_tk,True,bilateral,first,rf,all,24569053.6,168010695.68,-7.5798,0.1345,0.4882,135.77,948,
2026-07-09T17:49:45,EdgeGATv2_full,edge_full,ka_tk,True,bilateral,first,rf,1M,66141606.25,245859198.22,-3.8395,-2.7333,0.2629,145.38,224,
2026-07-09T17:49:45,EdgeGATv2_full,edge_full,ka_tk,True,bilateral,first,rf,10M,152076778.03,387837186.62,-4.8566,-11.4597,0.1613,173.35,87,
2026-07-09T17:49:45,EdgeGATv2_full,edge_full,ka_tk,True,bilateral,first,rf,100M,277430837.95,343265989.37,-1.9815,-62.6649,0.2411,168.47,22,
2026-07-09T17:49:48,EdgeGNN_full,edge_full,tk_ka,True,bilateral,first,rf,all,10020593.26,54911801.09,0.0835,0.3202,0.5599,129.32,948,
2026-07-09T17:49:48,EdgeGNN_full,edge_full,tk_ka,True,bilateral,first,rf,1M,40990804.0,112928923.54,-0.021,-2.9478,0.3312,142.01,224,
2026-07-09T17:49:48,EdgeGNN_full,edge_full,tk_ka,True,bilateral,first,rf,10M,98858099.13,180452220.24,-0.2679,-10.9943,0.1708,167.42,87,
2026-07-09T17:49:48,EdgeGNN_full,edge_full,tk_ka,True,bilateral,first,rf,100M,285300725.15,350207671.94,-2.1033,-62.3654,0.1519,171.74,22,
2026-07-09T17:50:05,EdgeGAT_full,edge_full,tk_ka,True,bilateral,first,rf,all,11941453.93,60922244.28,-0.1281,0.3234,0.6143,127.7,948,
2026-07-09T17:50:05,EdgeGAT_full,edge_full,tk_ka,True,bilateral,first,rf,1M,48927627.7,125299421.42,-0.257,-1.8192,0.3914,134.99,224,
2026-07-09T17:50:05,EdgeGAT_full,edge_full,tk_ka,True,bilateral,first,rf,10M,108484265.14,192961413.45,-0.4497,-7.3795,0.16,154.08,87,
2026-07-09T17:50:05,EdgeGAT_full,edge_full,tk_ka,True,bilateral,first,rf,100M,265526639.34,342885231.25,-1.9749,-42.58,0.2772,149.18,22,
2026-07-09T17:50:10,EdgeGATv2_full,edge_full,tk_ka,True,bilateral,first,rf,all,10939443.24,56132529.49,0.0423,0.2131,0.5086,133.71,948,
2026-07-09T17:50:10,EdgeGATv2_full,edge_full,tk_ka,True,bilateral,first,rf,1M,42479139.41,114337929.57,-0.0467,-2.8126,0.2983,147.42,224,
2026-07-09T17:50:10,EdgeGATv2_full,edge_full,tk_ka,True,bilateral,first,rf,10M,101700881.88,182859975.35,-0.3019,-11.5131,0.1559,170.77,87,
2026-07-09T17:50:10,EdgeGATv2_full,edge_full,tk_ka,True,bilateral,first,rf,100M,294232838.74,355089081.49,-2.1904,-66.6379,0.1711,177.17,22,
2026-07-09T19:40:13,RF,none,none,False,node,first,drop,all,6701643.79,42185639.47,0.3444,0.6024,0.7795,102.52,936,
2026-07-09T19:40:13,RF,none,none,False,node,first,drop,1M,28305066.4,88582166.36,0.2705,-0.7594,0.6432,97.46,212,
2026-07-09T19:40:13,RF,none,none,False,node,first,drop,10M,68885426.05,142279006.77,0.0924,-3.0753,0.5277,97.51,82,
2026-07-09T19:40:13,RF,none,none,False,node,first,drop,100M,218596529.52,283923639.72,-1.2246,-17.2679,0.3233,110.69,20,
2026-07-09T19:40:24,TabTF,none,none,False,node,first,drop,all,10160547.46,54380896.76,-0.0895,0.3412,0.5928,125.88,936,
2026-07-09T19:40:24,TabTF,none,none,False,node,first,drop,1M,44331787.25,114264610.3,-0.2139,-4.0048,0.2767,159.53,212,
2026-07-09T19:40:24,TabTF,none,none,False,node,first,drop,10M,101725809.55,180181786.23,-0.4556,-14.9241,-0.0282,177.51,82,
2026-07-09T19:40:24,TabTF,none,none,False,node,first,drop,100M,291230928.63,351043514.4,-2.4007,-102.6916,0.1609,187.09,20,
2026-07-09T19:40:25,GCN,none,none,False,node,first,drop,all,9799196.12,54274486.53,0.0128,0.2662,0.5538,131.31,928,
2026-07-09T19:40:25,GCN,none,none,False,node,first,drop,1M,40018793.06,112658321.26,-0.0966,-3.3672,0.3141,153.16,215,
2026-07-09T19:40:25,GCN,none,none,False,node,first,drop,10M,97522220.48,181145001.34,-0.3654,-11.6938,0.0729,164.2,83,
2026-07-09T19:40:25,GCN,none,none,False,node,first,drop,100M,294923610.03,354009480.92,-2.2682,-59.5595,0.2091,185.37,21,
2026-07-09T19:40:32,GAT,none,none,False,node,first,drop,all,9575337.38,54215175.64,0.015,0.2143,0.5015,132.86,928,
2026-07-09T19:40:32,GAT,none,none,False,node,first,drop,1M,39296766.35,112557628.27,-0.0947,-3.4882,0.3282,154.14,215,
2026-07-09T19:40:32,GAT,none,none,False,node,first,drop,10M,96518400.86,181072996.81,-0.3643,-12.5583,0.1702,162.83,83,
2026-07-09T19:40:32,GAT,none,none,False,node,first,drop,100M,295338266.82,354185616.05,-2.2715,-56.9471,0.2221,185.85,21,
2026-07-09T19:40:46,GATv2,none,none,False,node,first,drop,all,9566526.45,54085822.97,0.0196,0.232,0.5172,131.8,928,
2026-07-09T19:40:46,GATv2,none,none,False,node,first,drop,1M,39352887.71,112278391.5,-0.0892,-3.8653,0.3511,159.18,215,
2026-07-09T19:40:46,GATv2,none,none,False,node,first,drop,10M,96818705.58,180621548.13,-0.3575,-13.7466,0.2069,169.22,83,
2026-07-09T19:40:46,GATv2,none,none,False,node,first,drop,100M,294326998.11,353142111.19,-2.2522,-59.5509,0.2636,185.5,21,
2026-07-09T19:40:47,RF,concat,keepall,True,node,first,drop,all,6301013.08,36126439.55,0.5192,0.672,0.8143,101.0,936,
2026-07-09T19:40:47,RF,concat,keepall,True,node,first,drop,1M,27336696.66,75906008.83,0.4643,-0.4723,0.7327,104.72,212,
2026-07-09T19:40:47,RF,concat,keepall,True,node,first,drop,10M,67102846.46,121992535.55,0.3327,-1.7533,0.6672,108.62,82,
2026-07-09T19:40:47,RF,concat,keepall,True,node,first,drop,100M,197480163.03,240065695.62,-0.5904,-5.7523,0.4737,102.76,20,
2026-07-09T19:41:07,TabTF,concat,keepall,True,node,first,drop,all,106688611.68,896522365.31,-295.1131,0.2586,0.6089,127.3,936,
2026-07-09T19:41:07,TabTF,concat,keepall,True,node,first,drop,1M,178772803.88,983454065.7,-88.9214,-3.1348,0.2889,140.34,212,
2026-07-09T19:41:07,TabTF,concat,keepall,True,node,first,drop,10M,280083595.4,1270289337.57,-71.3487,-10.7628,0.0142,154.9,82,
2026-07-09T19:41:07,TabTF,concat,keepall,True,node,first,drop,100M,270257419.98,335563883.32,-2.1074,-76.624,0.1263,167.61,20,
2026-07-09T19:41:08,GCN,concat,keepall,True,node,first,drop,all,42922891.63,425672501.3,-59.725,0.2461,0.5617,132.8,928,
2026-07-09T19:41:08,GCN,concat,keepall,True,node,first,drop,1M,114168884.75,691251014.12,-40.2857,-3.6554,0.3503,156.82,215,
2026-07-09T19:41:08,GCN,concat,keepall,True,node,first,drop,10M,264134445.02,1101152066.36,-49.4532,-11.125,0.2335,173.64,83,
2026-07-09T19:41:08,GCN,concat,keepall,True,node,first,drop,100M,269678832.59,335914265.78,-1.9426,-52.3972,0.261,168.7,21,
2026-07-09T19:41:14,GAT,concat,keepall,True,node,first,drop,all,9288791.12,52143699.55,0.0888,0.3294,0.5456,129.59,928,
2026-07-09T19:41:14,GAT,concat,keepall,True,node,first,drop,1M,39127436.9,108320433.66,-0.0138,-3.1033,0.4066,147.06,215,
2026-07-09T19:41:14,GAT,concat,keepall,True,node,first,drop,10M,93501265.06,173395171.32,-0.251,-10.729,0.1644,159.83,83,
2026-07-09T19:41:14,GAT,concat,keepall,True,node,first,drop,100M,267736704.74,336065357.73,-1.9453,-53.08,0.213,163.39,21,
2026-07-09T19:41:29,GATv2,concat,keepall,True,node,first,drop,all,9133323.36,52196233.33,0.0869,0.31,0.5504,129.75,928,
2026-07-09T19:41:29,GATv2,concat,keepall,True,node,first,drop,1M,37949711.31,108390602.66,-0.0151,-3.2371,0.4223,143.45,215,
2026-07-09T19:41:29,GATv2,concat,keepall,True,node,first,drop,10M,92200614.05,174142342.61,-0.2618,-10.9658,0.2048,154.55,83,
2026-07-09T19:41:29,GATv2,concat,keepall,True,node,first,drop,100M,274962950.17,339726534.41,-2.0098,-48.6091,0.2065,166.17,21,
2026-07-09T19:41:30,RF,concat,topk,True,node,first,drop,all,5998196.12,35510441.54,0.5354,0.6335,0.7918,103.68,936,
2026-07-09T19:41:30,RF,concat,topk,True,node,first,drop,1M,25605300.24,74580945.22,0.4829,-0.7043,0.709,101.4,212,
2026-07-09T19:41:30,RF,concat,topk,True,node,first,drop,10M,62817281.6,119865246.68,0.3558,-2.2667,0.5277,107.76,82,
2026-07-09T19:41:30,RF,concat,topk,True,node,first,drop,100M,182861042.14,235908968.28,-0.5358,-9.5341,0.4752,99.75,20,
2026-07-09T19:41:51,TabTF,concat,topk,True,node,first,drop,all,11324716.52,56701700.62,-0.1845,0.2054,0.5297,133.33,936,
2026-07-09T19:41:51,TabTF,concat,topk,True,node,first,drop,1M,40771431.27,111346685.92,-0.1527,-2.8191,0.2898,145.51,212,
2026-07-09T19:41:51,TabTF,concat,topk,True,node,first,drop,10M,97041319.29,177658118.72,-0.4151,-10.926,0.1585,169.75,82,
2026-07-09T19:41:51,TabTF,concat,topk,True,node,first,drop,100M,294386130.23,350977606.61,-2.3994,-77.9991,0.012,191.98,20,
2026-07-09T19:41:51,GCN,concat,topk,True,node,first,drop,all,11554693.95,64330818.81,-0.3869,0.3336,0.6077,128.38,928,
2026-07-09T19:41:51,GCN,concat,topk,True,node,first,drop,1M,48081466.4,133571115.21,-0.5415,-2.6196,0.442,137.16,215,
2026-07-09T19:41:51,GCN,concat,topk,True,node,first,drop,10M,105463163.09,205680058.67,-0.7603,-8.2683,0.1782,146.98,83,
2026-07-09T19:41:51,GCN,concat,topk,True,node,first,drop,100M,262325598.5,336284238.9,-1.9491,-38.5592,-0.0221,149.07,21,
2026-07-09T19:41:59,GAT,concat,topk,True,node,first,drop,all,9405788.47,53429249.99,0.0433,0.299,0.5379,131.26,928,
2026-07-09T19:41:59,GAT,concat,topk,True,node,first,drop,1M,39747463.42,110994903.59,-0.0645,-3.1626,0.4788,157.09,215,
2026-07-09T19:41:59,GAT,concat,topk,True,node,first,drop,10M,96964473.36,178302950.4,-0.3229,-10.9874,0.2687,173.12,83,
2026-07-09T19:41:59,GAT,concat,topk,True,node,first,drop,100M,287649062.41,347967940.39,-2.1576,-56.549,0.3377,180.6,21,
2026-07-09T19:42:14,GATv2,concat,topk,True,node,first,drop,all,9372658.61,52518259.24,0.0756,0.3546,0.5777,128.47,928,
2026-07-09T19:42:14,GATv2,concat,topk,True,node,first,drop,1M,39439299.56,109095096.9,-0.0283,-3.1582,0.5033,148.41,215,
2026-07-09T19:42:14,GATv2,concat,topk,True,node,first,drop,10M,94732344.59,174619132.46,-0.2688,-9.753,0.2041,153.08,83,
2026-07-09T19:42:14,GATv2,concat,topk,True,node,first,drop,100M,274784243.31,338938390.08,-1.9959,-42.1176,0.1909,167.29,21,
2026-07-09T19:42:15,RF,none,none,False,node,spec,drop,all,627763221.08,4465497020.51,0.2351,0.7049,0.8529,111.85,936,
2026-07-09T19:42:15,RF,none,none,False,node,spec,drop,1M,1191529414.79,6159182370.31,0.2174,0.2008,0.7372,102.3,492,
2026-07-09T19:42:15,RF,none,none,False,node,spec,drop,10M,1787496310.08,7554924192.91,0.1977,-0.1658,0.7016,99.13,327,
2026-07-09T19:42:15,RF,none,none,False,node,spec,drop,100M,3535676925.22,10699752718.18,0.1344,-0.8591,0.6772,95.46,163,
2026-07-09T19:42:28,TabTF,none,none,False,node,spec,drop,all,837898520.42,5112256048.9,-0.0026,0.4496,0.6944,136.86,936,
2026-07-09T19:42:28,TabTF,none,none,False,node,spec,drop,1M,1591821727.34,7051274915.59,-0.0258,-0.3377,0.4499,127.26,492,
2026-07-09T19:42:28,TabTF,none,none,False,node,spec,drop,10M,2389492466.05,8649193243.93,-0.0515,-1.3844,0.3114,134.35,327,
2026-07-09T19:42:28,TabTF,none,none,False,node,spec,drop,100M,4691824138.28,12227457020.78,-0.1305,-5.3274,0.2966,158.26,163,
2026-07-09T19:42:29,GCN,none,none,False,node,spec,drop,all,870579335.88,5056520751.05,0.0256,0.3314,0.6279,145.1,928,
2026-07-09T19:42:29,GCN,none,none,False,node,spec,drop,1M,1619330474.24,6960330743.3,0.0045,-0.7776,0.3766,144.95,489,
2026-07-09T19:42:29,GCN,none,none,False,node,spec,drop,10M,2370226112.0,8506234098.67,-0.019,-2.0147,0.2874,149.84,327,
2026-07-09T19:42:29,GCN,none,none,False,node,spec,drop,100M,4501595307.7,12052016115.67,-0.0946,-6.1657,0.3119,159.21,162,
2026-07-09T19:42:35,GAT,none,none,False,node,spec,drop,all,810185331.33,5039307342.47,0.0322,0.2929,0.5761,148.89,928,
2026-07-09T19:42:35,GAT,none,none,False,node,spec,drop,1M,1525125063.05,6940933328.49,0.01,-1.2601,0.3646,154.21,489,
2026-07-09T19:42:35,GAT,none,none,False,node,spec,drop,10M,2245569952.38,8482319923.65,-0.0132,-3.1129,0.2901,161.19,327,
2026-07-09T19:42:35,GAT,none,none,False,node,spec,drop,100M,4387262274.64,12044698391.53,-0.0933,-8.7766,0.3836,167.94,162,
2026-07-09T19:42:50,GATv2,none,none,False,node,spec,drop,all,790953330.47,5064789607.49,0.0224,0.359,0.6092,142.06,928,
2026-07-09T19:42:50,GATv2,none,none,False,node,spec,drop,1M,1498079129.23,6977160133.9,-0.0003,-0.7726,0.3695,141.05,489,
2026-07-09T19:42:50,GATv2,none,none,False,node,spec,drop,10M,2214481060.54,8529360001.85,-0.0245,-2.1671,0.2794,153.0,327,
2026-07-09T19:42:50,GATv2,none,none,False,node,spec,drop,100M,4382436680.56,12116915413.38,-0.1064,-6.9068,0.366,160.07,162,
2026-07-09T19:42:52,RF,concat,keepall,True,node,spec,drop,all,619869784.2,4195645471.88,0.3247,0.7441,0.876,113.97,936,
2026-07-09T19:42:52,RF,concat,keepall,True,node,spec,drop,1M,1178771666.44,5787008637.74,0.3091,0.3312,0.789,104.64,492,
2026-07-09T19:42:52,RF,concat,keepall,True,node,spec,drop,10M,1771422853.22,7098434821.47,0.2917,0.0243,0.7516,107.93,327,
2026-07-09T19:42:52,RF,concat,keepall,True,node,spec,drop,100M,3520915870.06,10053977283.63,0.2357,-0.781,0.7493,109.49,163,
2026-07-09T19:43:13,TabTF,concat,keepall,True,node,spec,drop,all,9987726231.98,93027904563.53,-330.9773,0.1369,0.4667,152.93,936,
2026-07-09T19:43:13,TabTF,concat,keepall,True,node,spec,drop,1M,16200659666.86,119348727220.34,-292.8668,-1.098,0.2908,146.3,492,
2026-07-09T19:43:13,TabTF,concat,keepall,True,node,spec,drop,10M,20385051540.16,136060855597.68,-259.2225,-2.9916,0.2242,161.56,327,
2026-07-09T19:43:13,TabTF,concat,keepall,True,node,spec,drop,100M,15480415030.17,85959736963.51,-54.8699,-9.1214,0.3596,189.45,163,
2026-07-09T19:43:14,GCN,concat,keepall,True,node,spec,drop,all,812100750.32,5060346446.33,0.0241,0.4165,0.6595,144.13,928,
2026-07-09T19:43:14,GCN,concat,keepall,True,node,spec,drop,1M,1537535777.19,6971044908.24,0.0014,-0.5572,0.4608,139.5,489,
2026-07-09T19:43:14,GCN,concat,keepall,True,node,spec,drop,10M,2272975774.99,8523076177.76,-0.023,-1.5298,0.3702,142.07,327,
2026-07-09T19:43:14,GCN,concat,keepall,True,node,spec,drop,100M,4451279688.06,12102135423.16,-0.1037,-4.659,0.3914,149.16,162,
2026-07-09T19:43:21,GAT,concat,keepall,True,node,spec,drop,all,770956101.74,4798096653.8,0.1226,0.3784,0.6094,144.37,928,
2026-07-09T19:43:21,GAT,concat,keepall,True,node,spec,drop,1M,1460703032.36,6609785474.51,0.1022,-0.8719,0.4542,145.07,489,
2026-07-09T19:43:21,GAT,concat,keepall,True,node,spec,drop,10M,2165497755.39,8082398709.27,0.08,-2.1959,0.388,145.71,327,
2026-07-09T19:43:21,GAT,concat,keepall,True,node,spec,drop,100M,4288731698.42,11481225470.45,0.0066,-5.8114,0.3877,149.83,162,
2026-07-09T19:43:37,GATv2,concat,keepall,True,node,spec,drop,all,784191963.91,5093485220.79,0.0113,0.2837,0.5772,143.75,928,
2026-07-09T19:43:37,GATv2,concat,keepall,True,node,spec,drop,1M,1487088765.11,7016726012.96,-0.0117,-1.4858,0.4605,144.13,489,
2026-07-09T19:43:37,GATv2,concat,keepall,True,node,spec,drop,10M,2219754335.68,8580541518.47,-0.0368,-3.4068,0.392,146.79,327,
2026-07-09T19:43:37,GATv2,concat,keepall,True,node,spec,drop,100M,4432750854.13,12190160562.32,-0.1199,-7.8653,0.3229,158.24,162,
2026-07-09T19:43:39,RF,concat,topk,True,node,spec,drop,all,592812520.34,3961696217.41,0.3979,0.7319,0.8696,115.39,936,
2026-07-09T19:43:39,RF,concat,topk,True,node,spec,drop,1M,1127150080.27,5464323853.53,0.384,0.2702,0.7648,107.1,492,
2026-07-09T19:43:39,RF,concat,topk,True,node,spec,drop,10M,1692683393.3,6702617874.85,0.3685,-0.0608,0.7405,109.31,327,
2026-07-09T19:43:39,RF,concat,topk,True,node,spec,drop,100M,3363563462.64,9493344854.87,0.3186,-0.9074,0.7166,113.35,163,
2026-07-09T19:43:59,TabTF,concat,topk,True,node,spec,drop,all,837647735.82,5155630286.63,-0.0196,0.4116,0.6705,140.86,936,
2026-07-09T19:43:59,TabTF,concat,topk,True,node,spec,drop,1M,1573180968.51,7105115979.43,-0.0415,-0.7508,0.4268,141.0,492,
2026-07-09T19:43:59,TabTF,concat,topk,True,node,spec,drop,10M,2332251022.11,8708526935.22,-0.066,-2.1859,0.3071,150.01,327,
2026-07-09T19:43:59,TabTF,concat,topk,True,node,spec,drop,100M,4506317251.7,12314373266.51,-0.1466,-6.7768,0.3028,165.08,163,
2026-07-09T19:44:00,GCN,concat,topk,True,node,spec,drop,all,843286348.12,4897114570.57,0.086,0.3888,0.6389,144.1,928,
2026-07-09T19:44:00,GCN,concat,topk,True,node,spec,drop,1M,1596131009.8,6746173218.44,0.0648,-0.7792,0.4522,143.91,489,
2026-07-09T19:44:00,GCN,concat,topk,True,node,spec,drop,10M,2352537238.73,8247206758.13,0.0421,-1.9001,0.3504,145.8,327,
2026-07-09T19:44:00,GCN,concat,topk,True,node,spec,drop,100M,4562178289.22,11702767085.26,-0.0321,-5.1129,0.4408,155.52,162,
2026-07-09T19:44:06,GAT,concat,topk,True,node,spec,drop,all,967165792.31,5274425752.26,-0.0602,0.3827,0.6388,144.02,928,
2026-07-09T19:44:06,GAT,concat,topk,True,node,spec,drop,1M,1821192083.17,7262475241.05,-0.0838,-0.7768,0.4597,143.21,489,
2026-07-09T19:44:06,GAT,concat,topk,True,node,spec,drop,10M,2654046602.63,8841384626.84,-0.1008,-1.9461,0.3711,144.16,327,
2026-07-09T19:44:06,GAT,concat,topk,True,node,spec,drop,100M,5092921816.74,12517894556.55,-0.1809,-5.4195,0.3756,151.61,162,
2026-07-09T19:44:22,GATv2,concat,topk,True,node,spec,drop,all,799190682.74,4910161343.89,0.0812,0.3704,0.6122,144.06,928,
2026-07-09T19:44:22,GATv2,concat,topk,True,node,spec,drop,1M,1510664696.22,6764036764.41,0.0598,-0.7734,0.4601,143.47,489,
2026-07-09T19:44:22,GATv2,concat,topk,True,node,spec,drop,10M,2249048640.52,8271411398.3,0.0365,-2.1239,0.3884,148.21,327,
2026-07-09T19:44:22,GATv2,concat,topk,True,node,spec,drop,100M,4482523776.97,11750969068.48,-0.0406,-6.1594,0.3862,162.32,162,
2026-07-09T19:44:29,GAT,blend,keepall,True,node,first,drop,all,8938112.3,51852863.72,0.0989,0.3687,0.5967,126.66,928,
2026-07-09T19:44:29,GAT,blend,keepall,True,node,first,drop,1M,37445516.95,107698101.44,-0.0022,-2.7452,0.4578,142.77,215,
2026-07-09T19:44:29,GAT,blend,keepall,True,node,first,drop,10M,90752217.65,172802234.92,-0.2425,-9.1598,0.2133,152.15,83,
2026-07-09T19:44:29,GAT,blend,keepall,True,node,first,drop,100M,266089499.07,335077620.96,-1.928,-43.6997,0.1104,160.31,21,
2026-07-09T19:44:36,GAT,blend,topk,True,node,first,drop,all,9346051.72,53593410.38,0.0374,0.3256,0.5535,128.41,928,
2026-07-09T19:44:36,GAT,blend,topk,True,node,first,drop,1M,39369924.64,111332920.39,-0.071,-3.0044,0.4745,151.72,215,
2026-07-09T19:44:36,GAT,blend,topk,True,node,first,drop,10M,96445610.6,178970171.64,-0.3328,-9.9565,0.2015,167.04,83,
2026-07-09T19:44:36,GAT,blend,topk,True,node,first,drop,100M,289847926.63,349753414.4,-2.1901,-53.7421,0.2883,181.9,21,
2026-07-09T19:44:44,GAT,attention,keepall,True,node,first,drop,all,9385992.09,52514074.6,0.0758,0.3381,0.5757,128.47,928,
2026-07-09T19:44:44,GAT,attention,keepall,True,node,first,drop,1M,39408473.18,109022149.01,-0.027,-3.3641,0.4257,156.41,215,
2026-07-09T19:44:44,GAT,attention,keepall,True,node,first,drop,10M,95062171.29,174560659.44,-0.2679,-11.5412,0.096,168.48,83,
2026-07-09T19:44:44,GAT,attention,keepall,True,node,first,drop,100M,270279481.25,337069650.64,-1.9629,-61.2616,0.1182,169.57,21,
2026-07-09T19:44:51,GAT,attention,topk,True,node,first,drop,all,9566517.29,53473404.17,0.0417,0.3105,0.5618,129.24,928,
2026-07-09T19:44:51,GAT,attention,topk,True,node,first,drop,1M,40310370.93,111081197.29,-0.0661,-4.0321,0.41,157.85,215,
2026-07-09T19:44:51,GAT,attention,topk,True,node,first,drop,10M,97867967.01,178211242.75,-0.3215,-12.866,0.1119,170.59,83,
2026-07-09T19:44:51,GAT,attention,topk,True,node,first,drop,100M,285382501.34,346812243.16,-2.1367,-73.0053,0.1403,179.0,21,
2026-07-09T19:44:56,EdgeGNN,edge,bilateral,True,bilateral,first,drop,all,9734229.23,54668361.74,-0.0016,0.2854,0.5586,130.19,928,
2026-07-09T19:44:56,EdgeGNN,edge,bilateral,True,bilateral,first,drop,1M,40582099.28,113538966.73,-0.1138,-3.1954,0.2738,149.64,215,
2026-07-09T19:44:56,EdgeGNN,edge,bilateral,True,bilateral,first,drop,10M,97025275.28,181027754.06,-0.3636,-12.6566,0.1675,170.54,83,
2026-07-09T19:44:56,EdgeGNN,edge,bilateral,True,bilateral,first,drop,100M,294401142.72,353875648.87,-2.2657,-66.6277,0.1156,184.72,21,
2026-07-09T19:45:13,EdgeGAT,edge,bilateral,True,bilateral,first,drop,all,14121754.81,79658090.27,-1.1266,0.3239,0.6018,130.34,928,
2026-07-09T19:45:13,EdgeGAT,edge,bilateral,True,bilateral,first,drop,1M,58552929.51,165377095.54,-1.3631,-2.9737,0.2944,147.91,215,
2026-07-09T19:45:13,EdgeGAT,edge,bilateral,True,bilateral,first,drop,10M,133625517.02,259123060.0,-1.7939,-10.7381,0.1777,164.8,83,
2026-07-09T19:45:13,EdgeGAT,edge,bilateral,True,bilateral,first,drop,100M,349825993.16,425143312.94,-3.7136,-46.0576,0.1052,173.87,21,
2026-07-09T19:45:16,EdgeGNN_full,edge_full,ka_ka,True,bilateral,first,drop,all,9347899.29,54271124.0,0.0129,0.2409,0.4992,132.03,928,
2026-07-09T19:45:16,EdgeGNN_full,edge_full,ka_ka,True,bilateral,first,drop,1M,39371663.04,112743733.44,-0.0983,-3.7681,0.2676,146.75,215,
2026-07-09T19:45:16,EdgeGNN_full,edge_full,ka_ka,True,bilateral,first,drop,10M,97545348.82,181390690.32,-0.3691,-15.1323,0.1658,174.74,83,
2026-07-09T19:45:16,EdgeGNN_full,edge_full,ka_ka,True,bilateral,first,drop,100M,295942212.46,354777054.27,-2.2824,-87.4507,0.1649,188.79,21,
2026-07-09T19:45:33,EdgeGAT_full,edge_full,ka_ka,True,bilateral,first,drop,all,9582648.88,52933718.63,0.061,0.3187,0.578,127.21,928,
2026-07-09T19:45:33,EdgeGAT_full,edge_full,ka_ka,True,bilateral,first,drop,1M,40461805.48,109966446.21,-0.0448,-3.0901,0.2929,142.9,215,
2026-07-09T19:45:33,EdgeGAT_full,edge_full,ka_ka,True,bilateral,first,drop,10M,96617056.73,175091355.29,-0.2756,-12.3053,0.098,167.82,83,
2026-07-09T19:45:33,EdgeGAT_full,edge_full,ka_ka,True,bilateral,first,drop,100M,264004687.34,333776677.57,-1.9053,-69.287,0.0935,165.15,21,
2026-07-09T19:45:38,EdgeGATv2_full,edge_full,ka_ka,True,bilateral,first,drop,all,24065120.37,153931780.23,-6.941,0.1301,0.481,136.95,928,
2026-07-09T19:45:38,EdgeGATv2_full,edge_full,ka_ka,True,bilateral,first,drop,1M,59515123.92,195051191.35,-2.2872,-2.9999,0.2757,148.02,215,
2026-07-09T19:45:38,EdgeGATv2_full,edge_full,ka_ka,True,bilateral,first,drop,10M,130746829.77,294367305.31,-2.6056,-11.2917,0.1493,171.82,83,
2026-07-09T19:45:38,EdgeGATv2_full,edge_full,ka_ka,True,bilateral,first,drop,100M,274587572.97,340497789.12,-2.0235,-62.8973,0.2039,172.03,21,
2026-07-09T19:45:41,EdgeGNN_full,edge_full,tk_tk,True,bilateral,first,drop,all,12502574.37,65058747.35,-0.4185,0.2537,0.5325,131.92,928,
2026-07-09T19:45:41,EdgeGNN_full,edge_full,tk_tk,True,bilateral,first,drop,1M,46970228.8,129674365.01,-0.4529,-3.4571,0.3077,155.54,215,
2026-07-09T19:45:41,EdgeGNN_full,edge_full,tk_tk,True,bilateral,first,drop,10M,101633180.19,182023980.64,-0.3786,-13.1042,0.1743,177.34,83,
2026-07-09T19:45:41,EdgeGNN_full,edge_full,tk_tk,True,bilateral,first,drop,100M,288055577.15,348800968.45,-2.1727,-76.8376,0.1532,181.91,21,
2026-07-09T19:45:58,EdgeGAT_full,edge_full,tk_tk,True,bilateral,first,drop,all,10657944.49,57191459.96,-0.0962,0.3195,0.5789,127.89,928,
2026-07-09T19:45:58,EdgeGAT_full,edge_full,tk_tk,True,bilateral,first,drop,1M,44969114.57,118805199.39,-0.2195,-3.0223,0.3411,144.97,215,
2026-07-09T19:45:58,EdgeGAT_full,edge_full,tk_tk,True,bilateral,first,drop,10M,103578193.66,184400191.74,-0.4149,-10.8501,0.1204,167.76,83,
2026-07-09T19:45:58,EdgeGAT_full,edge_full,tk_tk,True,bilateral,first,drop,100M,258211163.11,332825907.54,-1.8888,-59.5679,0.0701,162.01,21,
2026-07-09T19:46:03,EdgeGATv2_full,edge_full,tk_tk,True,bilateral,first,drop,all,15034730.05,78070802.13,-1.0426,0.1626,0.4826,132.93,928,
2026-07-09T19:46:03,EdgeGATv2_full,edge_full,tk_tk,True,bilateral,first,drop,1M,48861769.5,135668514.65,-0.5903,-3.1789,0.257,147.31,215,
2026-07-09T19:46:03,EdgeGATv2_full,edge_full,tk_tk,True,bilateral,first,drop,10M,113049595.2,212762659.53,-0.8836,-12.909,0.1287,173.07,83,
2026-07-09T19:46:03,EdgeGATv2_full,edge_full,tk_tk,True,bilateral,first,drop,100M,277620273.01,342054264.78,-2.0512,-73.5524,0.2545,174.39,21,
2026-07-09T19:46:07,EdgeGNN_full,edge_full,ka_tk,True,bilateral,first,drop,all,9780343.77,53987384.17,0.0232,0.3419,0.5808,128.65,928,
2026-07-09T19:46:07,EdgeGNN_full,edge_full,ka_tk,True,bilateral,first,drop,1M,41452565.63,112156815.99,-0.0869,-3.4173,0.3306,148.42,215,
2026-07-09T19:46:07,EdgeGNN_full,edge_full,ka_tk,True,bilateral,first,drop,10M,98090305.13,177344607.5,-0.3087,-12.6589,0.1455,170.46,83,
2026-07-09T19:46:07,EdgeGNN_full,edge_full,ka_tk,True,bilateral,first,drop,100M,261215195.42,333365512.68,-1.8981,-66.1383,0.1013,162.98,21,
2026-07-09T19:46:25,EdgeGAT_full,edge_full,ka_tk,True,bilateral,first,drop,all,9893983.1,55421897.11,-0.0294,0.3032,0.5684,128.13,928,
2026-07-09T19:46:25,EdgeGAT_full,edge_full,ka_tk,True,bilateral,first,drop,1M,41804480.76,115133518.77,-0.1453,-3.0875,0.3797,143.99,215,
2026-07-09T19:46:25,EdgeGAT_full,edge_full,ka_tk,True,bilateral,first,drop,10M,92765658.14,173508570.85,-0.2527,-10.6642,0.1592,159.02,83,
2026-07-09T19:46:25,EdgeGAT_full,edge_full,ka_tk,True,bilateral,first,drop,100M,266536048.75,336470614.86,-1.9524,-53.0268,0.0039,158.7,21,
2026-07-09T19:46:30,EdgeGATv2_full,edge_full,ka_tk,True,bilateral,first,drop,all,16235340.65,86344893.27,-1.4986,0.1486,0.4807,135.58,928,
2026-07-09T19:46:30,EdgeGATv2_full,edge_full,ka_tk,True,bilateral,first,drop,1M,50636725.41,143833508.62,-0.7875,-2.8952,0.2804,148.86,215,
2026-07-09T19:46:30,EdgeGATv2_full,edge_full,ka_tk,True,bilateral,first,drop,10M,115615911.09,223528724.49,-1.079,-11.4893,0.1428,171.4,83,
2026-07-09T19:46:30,EdgeGATv2_full,edge_full,ka_tk,True,bilateral,first,drop,100M,274601908.89,340599735.57,-2.0253,-63.5981,0.2338,171.88,21,
2026-07-09T19:46:32,EdgeGNN_full,edge_full,tk_ka,True,bilateral,first,drop,all,9675414.7,55475297.78,-0.0314,-10.8514,nan,200.0,928,
2026-07-09T19:46:32,EdgeGNN_full,edge_full,tk_ka,True,bilateral,first,drop,1M,41345997.23,115252753.26,-0.1477,-91.737,nan,200.0,215,
2026-07-09T19:46:32,EdgeGNN_full,edge_full,tk_ka,True,bilateral,first,drop,10M,101724430.78,185420450.13,-0.4306,-230.5002,nan,200.0,83,
2026-07-09T19:46:32,EdgeGNN_full,edge_full,tk_ka,True,bilateral,first,drop,100M,304717037.88,362213382.24,-2.4214,-999.5628,nan,200.0,21,
2026-07-09T19:46:50,EdgeGAT_full,edge_full,tk_ka,True,bilateral,first,drop,all,9647498.47,53087380.81,0.0555,0.2879,0.5516,131.12,928,
2026-07-09T19:46:50,EdgeGAT_full,edge_full,tk_ka,True,bilateral,first,drop,1M,39328523.87,110015700.4,-0.0458,-3.2648,0.2414,145.47,215,
2026-07-09T19:46:50,EdgeGAT_full,edge_full,tk_ka,True,bilateral,first,drop,10M,95555244.89,176740550.84,-0.2998,-12.7986,0.1375,169.33,83,
2026-07-09T19:46:50,EdgeGAT_full,edge_full,tk_ka,True,bilateral,first,drop,100M,281534526.88,344589751.06,-2.0966,-75.2635,0.213,176.65,21,
2026-07-09T19:46:55,EdgeGATv2_full,edge_full,tk_ka,True,bilateral,first,drop,all,12224741.92,59957459.38,-0.2048,0.1593,0.5037,135.25,928,
2026-07-09T19:46:55,EdgeGATv2_full,edge_full,tk_ka,True,bilateral,first,drop,1M,42527000.65,114704680.96,-0.1368,-2.4226,0.3039,139.21,215,
2026-07-09T19:46:55,EdgeGATv2_full,edge_full,tk_ka,True,bilateral,first,drop,10M,101464858.88,183347343.13,-0.3988,-9.6887,0.1404,164.17,83,
2026-07-09T19:46:55,EdgeGATv2_full,edge_full,tk_ka,True,bilateral,first,drop,100M,281067982.64,343995765.54,-2.0859,-55.5439,0.3169,174.86,21,
2026-07-09T19:54:38,RF,none,none,False,node,first,median,all,6359266.9,36757789.59,0.5116,0.6209,0.7862,101.94,965,
2026-07-09T19:54:38,RF,none,none,False,node,first,median,1M,26817037.22,76771904.53,0.4578,-0.9732,0.6,93.52,220,
2026-07-09T19:54:38,RF,none,none,False,node,first,median,10M,62959812.51,122181202.07,0.3299,-3.5577,0.5038,89.16,86,
2026-07-09T19:54:38,RF,none,none,False,node,first,median,100M,176817273.25,228460031.74,-0.4624,-17.5444,0.3208,90.59,21,
2026-07-09T19:54:50,TabTF,none,none,False,node,first,median,all,9328671.34,53385424.09,-0.0302,0.0845,0.2898,137.0,965,
2026-07-09T19:54:50,TabTF,none,none,False,node,first,median,1M,40465271.94,111807857.98,-0.1501,-6.8353,0.3281,187.91,220,
2026-07-09T19:54:50,TabTF,none,none,False,node,first,median,10M,98423610.69,178758145.13,-0.4344,-24.9129,0.4378,198.04,86,
2026-07-09T19:54:50,TabTF,none,none,False,node,first,median,100M,300172156.54,354659734.88,-2.5243,-137.7812,0.3403,199.62,21,
2026-07-09T19:54:51,GCN,none,none,False,node,first,median,all,11051329.63,57077065.34,0.0098,0.1992,0.5152,133.02,948,
2026-07-09T19:54:51,GCN,none,none,False,node,first,median,1M,42803466.63,116904480.31,-0.0942,-3.673,0.2678,155.31,224,
2026-07-09T19:54:51,GCN,none,none,False,node,first,median,10M,102065521.67,187069716.22,-0.3625,-12.4172,0.1328,165.35,87,
2026-07-09T19:54:51,GCN,none,none,False,node,first,median,100M,304691947.97,364016663.09,-2.3529,-69.4739,0.2321,181.06,22,
2026-07-09T19:54:58,GAT,none,none,False,node,first,median,all,10485934.54,57081501.54,0.0096,0.2163,0.4966,134.7,948,
2026-07-09T19:54:58,GAT,none,none,False,node,first,median,1M,41720857.26,117261202.5,-0.1009,-3.9551,0.2504,155.61,224,
2026-07-09T19:54:58,GAT,none,none,False,node,first,median,10M,101318750.95,188023843.01,-0.3765,-14.514,0.1266,166.58,87,
2026-07-09T19:54:58,GAT,none,none,False,node,first,median,100M,308778465.16,367754440.4,-2.4221,-78.183,0.2671,185.09,22,
2026-07-09T19:55:16,GATv2,none,none,False,node,first,median,all,15080920.94,77405588.71,-0.8212,0.2776,0.55,130.53,948,
2026-07-09T19:55:16,GATv2,none,none,False,node,first,median,1M,62798494.28,159231293.93,-1.0299,-3.2596,0.3088,150.2,224,
2026-07-09T19:55:16,GATv2,none,none,False,node,first,median,10M,134997892.0,236550897.76,-1.1787,-12.6756,0.0566,174.08,87,
2026-07-09T19:55:16,GATv2,none,none,False,node,first,median,100M,349503751.43,404477800.08,-3.1397,-71.654,0.214,185.47,22,
2026-07-09T19:55:17,RF,concat,keepall,True,node,first,median,all,6274065.72,36751815.9,0.5118,0.672,0.8097,101.73,965,
2026-07-09T19:55:17,RF,concat,keepall,True,node,first,median,1M,27094095.63,76969688.24,0.455,-0.4921,0.7224,103.4,220,
2026-07-09T19:55:17,RF,concat,keepall,True,node,first,median,10M,65860624.45,123052363.47,0.3203,-1.8749,0.6019,103.18,86,
2026-07-09T19:55:17,RF,concat,keepall,True,node,first,median,100M,197208854.55,242787412.64,-0.6516,-8.7739,0.6571,102.78,21,
2026-07-09T19:55:37,TabTF,concat,keepall,True,node,first,median,all,807479229.99,7645095638.63,-21125.9909,-0.0403,0.5881,138.72,965,
2026-07-09T19:55:37,TabTF,concat,keepall,True,node,first,median,1M,1169934259.12,7965753261.96,-5836.6039,-1.6364,0.3121,115.42,220,
2026-07-09T19:55:37,TabTF,concat,keepall,True,node,first,median,10M,1477070193.23,9517505071.93,-4065.2509,-5.9732,0.1003,139.84,86,
2026-07-09T19:55:37,TabTF,concat,keepall,True,node,first,median,100M,285896169.42,342625425.13,-2.2892,-42.6125,0.3195,180.3,21,
2026-07-09T19:55:38,GCN,concat,keepall,True,node,first,median,all,14578317.56,89348823.0,-1.4265,0.3023,0.6225,128.74,948,
2026-07-09T19:55:38,GCN,concat,keepall,True,node,first,median,1M,58494178.43,183632458.49,-1.6997,-2.3338,0.3478,131.97,224,
2026-07-09T19:55:38,GCN,concat,keepall,True,node,first,median,10M,120173043.11,271469842.42,-1.8694,-7.3748,0.1316,145.68,87,
2026-07-09T19:55:38,GCN,concat,keepall,True,node,first,median,100M,258873328.31,334660281.88,-1.8339,-44.8151,0.1327,146.49,22,
2026-07-09T19:55:46,GAT,concat,keepall,True,node,first,median,all,10902031.51,55507008.71,0.0635,0.2572,0.5224,133.51,948,
2026-07-09T19:55:46,GAT,concat,keepall,True,node,first,median,1M,41992147.48,112641884.21,-0.0158,-2.7907,0.3591,144.7,224,
2026-07-09T19:55:46,GAT,concat,keepall,True,node,first,median,10M,100134397.17,179762824.21,-0.2582,-10.2837,0.2127,162.62,87,
2026-07-09T19:55:46,GAT,concat,keepall,True,node,first,median,100M,281470586.37,346398086.42,-2.0362,-52.11,0.3179,167.06,22,
2026-07-09T19:56:03,GATv2,concat,keepall,True,node,first,median,all,9916446.21,56266591.21,0.0377,0.2622,0.5448,130.14,948,
2026-07-09T19:56:03,GATv2,concat,keepall,True,node,first,median,1M,40810356.4,115732414.35,-0.0723,-3.5856,0.3842,146.48,224,
2026-07-09T19:56:03,GATv2,concat,keepall,True,node,first,median,10M,100096626.25,185615752.0,-0.3414,-12.4522,0.2076,162.35,87,
2026-07-09T19:56:03,GATv2,concat,keepall,True,node,first,median,100M,304690123.13,362890777.38,-2.3322,-56.0298,0.2953,181.11,22,
2026-07-09T19:56:05,RF,concat,topk,True,node,first,median,all,6506133.8,38093236.82,0.4755,0.6138,0.7761,105.78,965,
2026-07-09T19:56:05,RF,concat,topk,True,node,first,median,1M,27889646.15,79770393.76,0.4146,-1.3996,0.6224,109.93,220,
2026-07-09T19:56:05,RF,concat,topk,True,node,first,median,10M,67787864.91,127529298.18,0.2699,-4.0092,0.4155,114.61,86,
2026-07-09T19:56:05,RF,concat,topk,True,node,first,median,100M,200796622.68,251372628.84,-0.7705,-20.9577,0.6481,121.1,21,
2026-07-09T19:56:25,TabTF,concat,topk,True,node,first,median,all,21611738.68,129969095.44,-5.1059,0.2724,0.6263,128.79,965,
2026-07-09T19:56:25,TabTF,concat,topk,True,node,first,median,1M,55098324.61,166109342.37,-1.5385,-2.018,0.3512,131.08,220,
2026-07-09T19:56:25,TabTF,concat,topk,True,node,first,median,10M,112453018.38,243249885.48,-1.6562,-7.1248,0.0901,141.39,86,
2026-07-09T19:56:25,TabTF,concat,topk,True,node,first,median,100M,266166320.58,330423644.73,-2.0591,-50.5472,0.2636,163.58,21,
2026-07-09T19:56:26,GCN,concat,topk,True,node,first,median,all,11797039.2,56633642.27,0.0251,0.274,0.5863,131.3,948,
2026-07-09T19:56:26,GCN,concat,topk,True,node,first,median,1M,43532944.93,113198962.13,-0.0259,-2.4013,0.3673,138.3,224,
2026-07-09T19:56:26,GCN,concat,topk,True,node,first,median,10M,100501391.62,179548442.52,-0.2552,-7.2644,0.1701,156.05,87,
2026-07-09T19:56:26,GCN,concat,topk,True,node,first,median,100M,278410283.6,344106617.31,-1.9961,-42.6973,0.24,163.0,22,
2026-07-09T19:56:33,GAT,concat,topk,True,node,first,median,all,9816211.36,55598928.08,0.0604,0.3084,0.5394,130.21,948,
2026-07-09T19:56:33,GAT,concat,topk,True,node,first,median,1M,40079127.26,114335190.58,-0.0466,-2.7055,0.4739,139.57,224,
2026-07-09T19:56:33,GAT,concat,topk,True,node,first,median,10M,98399486.17,183373590.48,-0.3092,-9.1722,0.3146,155.32,87,
2026-07-09T19:56:33,GAT,concat,topk,True,node,first,median,100M,300061396.28,358630743.03,-2.2544,-40.5287,0.371,176.57,22,
2026-07-09T19:56:50,GATv2,concat,topk,True,node,first,median,all,9941573.37,55291840.74,0.0708,0.2853,0.5239,130.02,948,
2026-07-09T19:56:50,GATv2,concat,topk,True,node,first,median,1M,41050057.94,113730054.41,-0.0356,-3.4495,0.4434,147.63,224,
2026-07-09T19:56:50,GATv2,concat,topk,True,node,first,median,10M,98390762.55,182028446.08,-0.2901,-11.2514,0.1741,158.61,87,
2026-07-09T19:56:50,GATv2,concat,topk,True,node,first,median,100M,288025451.88,354509829.87,-2.18,-58.9598,0.258,164.34,22,
2026-07-09T19:56:51,RF,none,none,False,node,spec,median,all,661416994.21,4194947415.18,0.4016,0.7267,0.8663,112.56,965,
2026-07-09T19:56:51,RF,none,none,False,node,spec,median,1M,1262795274.11,5798879907.31,0.3867,0.1802,0.7411,104.46,505,
2026-07-09T19:56:51,RF,none,none,False,node,spec,median,10M,1863781727.6,7056777680.31,0.3711,-0.2128,0.677,101.98,341,
2026-07-09T19:56:51,RF,none,none,False,node,spec,median,100M,3521601982.9,9809331296.13,0.3241,-1.0732,0.6182,100.93,176,
2026-07-09T19:57:03,TabTF,none,none,False,node,spec,median,all,855048065.1,5414196644.74,0.0032,0.443,0.6857,136.06,965,
2026-07-09T19:57:03,TabTF,none,none,False,node,spec,median,1M,1631993011.46,7484309837.53,-0.0216,-0.536,0.446,130.74,505,
2026-07-09T19:57:03,TabTF,none,none,False,node,spec,median,10M,2411934047.94,9107926802.47,-0.0477,-1.7614,0.2982,139.88,341,
2026-07-09T19:57:03,TabTF,none,none,False,node,spec,median,100M,4611468882.77,12676616774.6,-0.1287,-6.3352,0.2685,156.24,176,
2026-07-09T19:57:05,GCN,none,none,False,node,spec,median,all,1146939841.66,6329931732.69,-0.3427,0.2493,0.6009,147.23,948,
2026-07-09T19:57:05,GCN,none,none,False,node,spec,median,1M,1925385134.12,7533731664.44,-0.032,-0.8432,0.3358,144.95,502,
2026-07-09T19:57:05,GCN,none,none,False,node,spec,median,10M,2732667964.44,9115294486.33,-0.0493,-2.1319,0.2286,152.31,340,
2026-07-09T19:57:05,GCN,none,none,False,node,spec,median,100M,4655574443.1,12368362102.34,-0.0671,-6.6802,0.2862,161.7,174,
2026-07-09T19:57:13,GAT,none,none,False,node,spec,median,all,898119058.12,5468941549.92,-0.0023,0.3429,0.5927,148.13,948,
2026-07-09T19:57:13,GAT,none,none,False,node,spec,median,1M,1694281422.94,7515457157.49,-0.027,-1.0169,0.3717,149.72,502,
2026-07-09T19:57:13,GAT,none,none,False,node,spec,median,10M,2491243211.42,9131899535.47,-0.0532,-2.6833,0.276,154.74,340,
2026-07-09T19:57:13,GAT,none,none,False,node,spec,median,100M,4796919909.08,12760508813.62,-0.1358,-7.9434,0.2844,170.11,174,
2026-07-09T19:57:29,GATv2,none,none,False,node,spec,median,all,908646222.07,5386863015.47,0.0276,0.3037,0.5704,148.11,948,
2026-07-09T19:57:29,GATv2,none,none,False,node,spec,median,1M,1711935098.5,7402547134.34,0.0036,-1.0546,0.3346,150.4,502,
2026-07-09T19:57:29,GATv2,none,none,False,node,spec,median,10M,2494168417.98,8991452832.89,-0.021,-2.7233,0.2286,161.2,340,
2026-07-09T19:57:29,GATv2,none,none,False,node,spec,median,100M,4684933404.76,12541116143.68,-0.0971,-8.1406,0.3186,170.55,174,
2026-07-09T19:57:31,RF,concat,keepall,True,node,spec,median,all,661483764.46,4199796255.37,0.4002,0.7606,0.8856,115.18,965,
2026-07-09T19:57:31,RF,concat,keepall,True,node,spec,median,1M,1263612645.65,5805587505.77,0.3853,0.3336,0.7873,106.7,505,
2026-07-09T19:57:31,RF,concat,keepall,True,node,spec,median,10M,1868704496.07,7065036265.24,0.3696,0.0224,0.7462,106.06,341,
2026-07-09T19:57:31,RF,concat,keepall,True,node,spec,median,100M,3592158536.03,9834027106.93,0.3207,-0.7487,0.7272,109.07,176,
2026-07-09T19:57:50,TabTF,concat,keepall,True,node,spec,median,all,6302072627.86,49958997929.9,-83.873,0.4004,0.685,137.66,965,
2026-07-09T19:57:50,TabTF,concat,keepall,True,node,spec,median,1M,10160362594.45,62197000813.14,-69.5501,-0.7147,0.4547,135.51,505,
2026-07-09T19:57:50,TabTF,concat,keepall,True,node,spec,median,10M,13790054531.25,72077163353.03,-64.6126,-2.0715,0.2999,143.7,341,
2026-07-09T19:57:50,TabTF,concat,keepall,True,node,spec,median,100M,11714159462.86,56157552576.02,-21.1515,-6.0341,0.2876,157.29,176,
2026-07-09T19:57:51,GCN,concat,keepall,True,node,spec,median,all,984968614.23,5259364363.04,0.0731,0.3415,0.6287,147.09,948,
2026-07-09T19:57:51,GCN,concat,keepall,True,node,spec,median,1M,1840545734.7,7219645587.08,0.0523,-0.7658,0.3815,145.52,502,
2026-07-09T19:57:51,GCN,concat,keepall,True,node,spec,median,10M,2683961636.96,8769435155.25,0.0288,-2.0525,0.2551,152.02,340,
2026-07-09T19:57:51,GCN,concat,keepall,True,node,spec,median,100M,4721623746.7,12025647892.58,-0.0088,-6.3932,0.3315,167.12,174,
2026-07-09T19:57:59,GAT,concat,keepall,True,node,spec,median,all,906923792.9,5089126863.72,0.1321,0.2886,0.5641,146.68,948,
2026-07-09T19:57:59,GAT,concat,keepall,True,node,spec,median,1M,1709880266.4,6993506052.95,0.1107,-1.0142,0.446,147.66,502,
2026-07-09T19:57:59,GAT,concat,keepall,True,node,spec,median,10M,2516917685.1,8497757663.41,0.088,-2.6087,0.399,155.11,340,
2026-07-09T19:57:59,GAT,concat,keepall,True,node,spec,median,100M,4803253811.46,11852071656.48,0.0201,-6.761,0.4052,164.99,174,
2026-07-09T19:58:17,GATv2,concat,keepall,True,node,spec,median,all,863322271.63,5023872022.35,0.1542,0.3472,0.5797,144.91,948,
2026-07-09T19:58:17,GATv2,concat,keepall,True,node,spec,median,1M,1628410949.64,6903839351.81,0.1334,-0.6237,0.4614,143.51,502,
2026-07-09T19:58:17,GATv2,concat,keepall,True,node,spec,median,10M,2397995555.25,8388840291.37,0.1113,-1.9071,0.3948,149.34,340,
2026-07-09T19:58:17,GATv2,concat,keepall,True,node,spec,median,100M,4636141776.38,11724942270.41,0.0411,-5.8373,0.3811,164.94,174,
2026-07-09T19:58:19,RF,concat,topk,True,node,spec,median,all,660485025.56,4191118891.14,0.4027,0.7103,0.8574,116.77,965,
2026-07-09T19:58:19,RF,concat,topk,True,node,spec,median,1M,1261393107.48,5793591070.13,0.3879,0.1007,0.7193,109.17,505,
2026-07-09T19:58:19,RF,concat,topk,True,node,spec,median,10M,1864947199.84,7050428621.66,0.3722,-0.4544,0.6591,109.93,341,
2026-07-09T19:58:19,RF,concat,topk,True,node,spec,median,100M,3578142560.62,9813443365.29,0.3236,-2.0676,0.6365,115.1,176,
2026-07-09T19:58:40,TabTF,concat,topk,True,node,spec,median,all,943428119.91,5263795077.9,0.0578,0.4447,0.6969,139.7,965,
2026-07-09T19:58:40,TabTF,concat,topk,True,node,spec,median,1M,1781827820.66,7270782701.24,0.0359,-0.4581,0.498,136.77,505,
2026-07-09T19:58:40,TabTF,concat,topk,True,node,spec,median,10M,2609388952.71,8844002291.9,0.0122,-1.4759,0.3619,143.32,341,
2026-07-09T19:58:40,TabTF,concat,topk,True,node,spec,median,100M,4692061059.11,12238487870.53,-0.0521,-4.4603,0.3827,149.87,176,
2026-07-09T19:58:41,GCN,concat,topk,True,node,spec,median,all,1652154480.54,10285607528.44,-2.5452,0.3507,0.6418,143.43,948,
2026-07-09T19:58:41,GCN,concat,topk,True,node,spec,median,1M,3046871496.04,14067987104.85,-2.5985,-0.5549,0.4608,137.97,502,
2026-07-09T19:58:41,GCN,concat,topk,True,node,spec,median,10M,4436535287.81,17072939985.3,-2.6812,-1.5345,0.3783,140.14,340,
2026-07-09T19:58:41,GCN,concat,topk,True,node,spec,median,100M,6072505991.75,18762430073.46,-1.4556,-4.3881,0.4475,153.45,174,
2026-07-09T19:58:49,GAT,concat,topk,True,node,spec,median,all,890254537.88,5008512657.15,0.1594,0.3846,0.6239,145.12,948,
2026-07-09T19:58:49,GAT,concat,topk,True,node,spec,median,1M,1677864331.11,6882698208.87,0.1387,-0.8643,0.4534,147.79,502,
2026-07-09T19:58:49,GAT,concat,topk,True,node,spec,median,10M,2452354795.31,8362078982.88,0.1169,-2.1554,0.4065,151.82,340,
2026-07-09T19:58:49,GAT,concat,topk,True,node,spec,median,100M,4706204665.31,11687165963.72,0.0472,-5.7681,0.4394,159.23,174,
2026-07-09T19:59:06,GATv2,concat,topk,True,node,spec,median,all,938684353.36,5246090666.6,0.0777,0.375,0.6123,142.04,948,
2026-07-09T19:59:06,GATv2,concat,topk,True,node,spec,median,1M,1769966820.97,7209210669.22,0.055,-0.4516,0.4767,137.1,502,
2026-07-09T19:59:06,GATv2,concat,topk,True,node,spec,median,10M,2600745145.14,8759622743.0,0.031,-1.5448,0.4168,145.9,340,
2026-07-09T19:59:06,GATv2,concat,topk,True,node,spec,median,100M,5013252013.99,12243683631.87,-0.0457,-4.861,0.4664,158.05,174,
2026-07-09T19:59:15,GAT,blend,keepall,True,node,first,median,all,10062346.09,57246191.91,0.0039,0.2756,0.516,130.67,948,
2026-07-09T19:59:15,GAT,blend,keepall,True,node,first,median,1M,41924209.81,117764715.69,-0.1103,-3.8942,0.3587,162.58,224,
2026-07-09T19:59:15,GAT,blend,keepall,True,node,first,median,10M,102889213.22,188891703.81,-0.3892,-14.1904,0.1579,178.3,87,
2026-07-09T19:59:15,GAT,blend,keepall,True,node,first,median,100M,311859742.06,369239478.58,-2.4498,-81.1113,0.3348,191.62,22,
2026-07-09T19:59:22,GAT,blend,topk,True,node,first,median,all,10054652.41,56406910.3,0.0329,0.298,0.528,130.81,948,
2026-07-09T19:59:22,GAT,blend,topk,True,node,first,median,1M,41292488.71,116017070.37,-0.0776,-2.9599,0.442,151.23,224,
2026-07-09T19:59:22,GAT,blend,topk,True,node,first,median,10M,100794513.21,186013830.36,-0.3472,-10.2685,0.2242,167.28,87,
2026-07-09T19:59:22,GAT,blend,topk,True,node,first,median,100M,305793313.63,363803275.11,-2.349,-55.7798,0.3529,184.81,22,
2026-07-09T19:59:31,GAT,attention,keepall,True,node,first,median,all,24390945.32,188840251.79,-9.8391,0.2535,0.5463,133.14,948,
2026-07-09T19:59:31,GAT,attention,keepall,True,node,first,median,1M,63295512.03,231030711.31,-3.2733,-3.0897,0.3469,147.86,224,
2026-07-09T19:59:31,GAT,attention,keepall,True,node,first,median,10M,148757643.24,365318330.79,-4.1962,-11.1746,0.1378,169.96,87,
2026-07-09T19:59:31,GAT,attention,keepall,True,node,first,median,100M,310652831.71,368240400.64,-2.4311,-66.0027,0.3631,189.62,22,
2026-07-09T19:59:39,GAT,attention,topk,True,node,first,median,all,10098468.25,57195787.5,0.0057,0.2855,0.5214,130.99,948,
2026-07-09T19:59:39,GAT,attention,topk,True,node,first,median,1M,41689953.25,117652662.03,-0.1082,-3.0281,0.4193,149.07,224,
2026-07-09T19:59:39,GAT,attention,topk,True,node,first,median,10M,102337733.81,188692128.69,-0.3863,-10.2078,0.0363,168.13,87,
2026-07-09T19:59:39,GAT,attention,topk,True,node,first,median,100M,311440024.81,369040966.1,-2.4461,-64.0055,0.1971,190.55,22,
2026-07-09T19:59:42,EdgeGNN,edge,bilateral,True,bilateral,first,median,all,11054491.56,62898004.85,-0.2025,0.362,0.6119,127.64,948,
2026-07-09T19:59:42,EdgeGNN,edge,bilateral,True,bilateral,first,median,1M,45634847.03,129357593.72,-0.3397,-2.9835,0.2922,149.14,224,
2026-07-09T19:59:42,EdgeGNN,edge,bilateral,True,bilateral,first,median,10M,101509965.78,188224882.18,-0.3794,-11.4906,0.1643,167.76,87,
2026-07-09T19:59:42,EdgeGNN,edge,bilateral,True,bilateral,first,median,100M,309234842.83,368107252.71,-2.4287,-66.2245,0.2445,185.61,22,
2026-07-09T20:00:00,EdgeGAT,edge,bilateral,True,bilateral,first,median,all,48192015.82,393358664.81,-46.0309,0.3154,0.6019,129.04,948,
2026-07-09T20:00:00,EdgeGAT,edge,bilateral,True,bilateral,first,median,1M,202625375.94,809217734.72,-51.4269,-3.2129,0.2963,145.7,224,
2026-07-09T20:00:00,EdgeGAT,edge,bilateral,True,bilateral,first,median,10M,341078655.47,986271929.03,-36.8737,-12.2639,0.1295,172.66,87,
2026-07-09T20:00:00,EdgeGAT,edge,bilateral,True,bilateral,first,median,100M,664094571.75,1301282348.17,-41.8469,-66.5278,0.1666,181.11,22,
2026-07-09T20:00:03,EdgeGNN_full,edge_full,ka_ka,True,bilateral,first,median,all,14528383.82,77525597.05,-0.8268,0.2391,0.5277,132.1,948,
2026-07-09T20:00:03,EdgeGNN_full,edge_full,ka_ka,True,bilateral,first,median,1M,49304482.94,135146812.18,-0.4623,-3.7032,0.2468,155.02,224,
2026-07-09T20:00:03,EdgeGNN_full,edge_full,ka_ka,True,bilateral,first,median,10M,117327783.77,215592040.82,-0.8097,-14.4839,0.1091,177.93,87,
2026-07-09T20:00:03,EdgeGNN_full,edge_full,ka_ka,True,bilateral,first,median,100M,297148605.82,357514930.95,-2.2342,-82.9226,0.223,179.84,22,
2026-07-09T20:00:21,EdgeGAT_full,edge_full,ka_ka,True,bilateral,first,median,all,19317106.37,215310577.77,-13.0908,0.2847,0.5604,130.82,948,
2026-07-09T20:00:21,EdgeGAT_full,edge_full,ka_ka,True,bilateral,first,median,1M,80696333.99,442937898.83,-14.7076,-2.7431,0.2941,142.36,224,
2026-07-09T20:00:21,EdgeGAT_full,edge_full,ka_ka,True,bilateral,first,median,10M,121775769.96,220105543.75,-0.8863,-11.3127,0.198,173.3,87,
2026-07-09T20:00:21,EdgeGAT_full,edge_full,ka_ka,True,bilateral,first,median,100M,319808741.51,385726736.62,-2.7647,-61.6602,0.179,171.19,22,
2026-07-09T20:00:27,EdgeGATv2_full,edge_full,ka_ka,True,bilateral,first,median,all,165826701.29,1650986264.26,-827.5002,0.0895,0.4903,135.94,948,
2026-07-09T20:00:27,EdgeGATv2_full,edge_full,ka_ka,True,bilateral,first,median,1M,323461786.13,2425042503.27,-469.8281,-2.7968,0.2352,142.51,224,
2026-07-09T20:00:27,EdgeGATv2_full,edge_full,ka_ka,True,bilateral,first,median,10M,663952226.97,3737816058.27,-542.9768,-11.3998,0.1433,171.07,87,
2026-07-09T20:00:27,EdgeGATv2_full,edge_full,ka_ka,True,bilateral,first,median,100M,287432716.19,351174753.26,-2.1205,-63.0522,0.3258,173.3,22,
2026-07-09T20:00:30,EdgeGNN_full,edge_full,tk_tk,True,bilateral,first,median,all,10094355.9,55204545.11,0.0737,0.3018,0.549,129.51,948,
2026-07-09T20:00:30,EdgeGNN_full,edge_full,tk_tk,True,bilateral,first,median,1M,41873614.49,113560473.92,-0.0325,-3.5021,0.3257,153.78,224,
2026-07-09T20:00:30,EdgeGNN_full,edge_full,tk_tk,True,bilateral,first,median,10M,100432191.53,181392868.3,-0.2811,-13.5544,0.2165,177.05,87,
2026-07-09T20:00:30,EdgeGNN_full,edge_full,tk_tk,True,bilateral,first,median,100M,288335337.53,351982962.6,-2.1349,-75.1659,0.2027,174.67,22,
2026-07-09T20:00:48,EdgeGAT_full,edge_full,tk_tk,True,bilateral,first,median,all,13077551.96,65317892.28,-0.2968,0.2045,0.4936,133.85,948,
2026-07-09T20:00:48,EdgeGAT_full,edge_full,tk_tk,True,bilateral,first,median,1M,45895539.89,122465588.48,-0.2007,-2.984,0.3014,148.11,224,
2026-07-09T20:00:48,EdgeGAT_full,edge_full,tk_tk,True,bilateral,first,median,10M,110054471.15,195656723.87,-0.4905,-11.7129,0.1508,173.53,87,
2026-07-09T20:00:48,EdgeGAT_full,edge_full,tk_tk,True,bilateral,first,median,100M,293405795.1,354845184.53,-2.1861,-67.2982,0.2456,177.1,22,
2026-07-09T20:00:54,EdgeGATv2_full,edge_full,tk_tk,True,bilateral,first,median,all,11683654.17,57867339.27,-0.0178,0.1394,0.4936,137.69,948,
2026-07-09T20:00:54,EdgeGATv2_full,edge_full,tk_tk,True,bilateral,first,median,1M,42298748.19,114273946.87,-0.0455,-1.9871,0.3448,131.36,224,
2026-07-09T20:00:54,EdgeGATv2_full,edge_full,tk_tk,True,bilateral,first,median,10M,101461276.4,182651570.64,-0.2989,-8.4535,0.1742,157.44,87,
2026-07-09T20:00:54,EdgeGATv2_full,edge_full,tk_tk,True,bilateral,first,median,100M,283311065.01,347701092.69,-2.0591,-48.4185,0.1688,168.4,22,
2026-07-09T20:00:57,EdgeGNN_full,edge_full,ka_tk,True,bilateral,first,median,all,11561418.82,61253762.18,-0.1404,0.3206,0.6018,127.83,948,
2026-07-09T20:00:57,EdgeGNN_full,edge_full,ka_tk,True,bilateral,first,median,1M,47280041.86,125941495.75,-0.2699,-2.2106,0.3571,136.44,224,
2026-07-09T20:00:57,EdgeGNN_full,edge_full,ka_tk,True,bilateral,first,median,10M,110603208.33,196788860.61,-0.5078,-9.4568,0.2518,167.55,87,
2026-07-09T20:00:57,EdgeGNN_full,edge_full,ka_tk,True,bilateral,first,median,100M,291078165.44,355860685.57,-2.2043,-51.2503,0.2818,166.62,22,
2026-07-09T20:01:16,EdgeGAT_full,edge_full,ka_tk,True,bilateral,first,median,all,12319605.08,91593113.06,-1.5499,0.2413,0.5685,127.89,948,
2026-07-09T20:01:16,EdgeGAT_full,edge_full,ka_tk,True,bilateral,first,median,1M,51040843.46,188416486.9,-1.8422,-3.4159,0.3432,141.99,224,
2026-07-09T20:01:16,EdgeGAT_full,edge_full,ka_tk,True,bilateral,first,median,10M,96565735.55,179381423.25,-0.2529,-12.0354,0.1165,156.21,87,
2026-07-09T20:01:16,EdgeGAT_full,edge_full,ka_tk,True,bilateral,first,median,100M,278719107.48,347533724.94,-2.0561,-57.8673,0.2445,161.96,22,
2026-07-09T20:01:22,EdgeGATv2_full,edge_full,ka_tk,True,bilateral,first,median,all,18730574.84,105316767.3,-2.3713,0.1113,0.4669,137.1,948,
2026-07-09T20:01:22,EdgeGATv2_full,edge_full,ka_tk,True,bilateral,first,median,1M,55683931.24,168050891.49,-1.261,-2.965,0.2348,146.07,224,
2026-07-09T20:01:22,EdgeGATv2_full,edge_full,ka_tk,True,bilateral,first,median,10M,126824459.92,261272399.43,-1.6579,-12.5215,0.1305,171.19,87,
2026-07-09T20:01:22,EdgeGATv2_full,edge_full,ka_tk,True,bilateral,first,median,100M,284306028.81,348265578.09,-2.069,-70.2826,0.2705,171.67,22,
2026-07-09T20:01:25,EdgeGNN_full,edge_full,tk_ka,True,bilateral,first,median,all,10469930.11,56975446.38,0.0133,0.3067,0.562,128.22,948,
2026-07-09T20:01:25,EdgeGNN_full,edge_full,tk_ka,True,bilateral,first,median,1M,42800728.34,117180068.16,-0.0993,-2.6911,0.3272,140.48,224,
2026-07-09T20:01:25,EdgeGNN_full,edge_full,tk_ka,True,bilateral,first,median,10M,98854646.78,183271199.51,-0.3078,-10.2987,0.2208,161.43,87,
2026-07-09T20:01:25,EdgeGNN_full,edge_full,tk_ka,True,bilateral,first,median,100M,298496230.11,358310836.8,-2.2486,-58.103,0.2129,178.74,22,
2026-07-09T20:01:44,EdgeGAT_full,edge_full,tk_ka,True,bilateral,first,median,all,10102767.55,55028315.77,0.0796,0.3025,0.5728,128.62,948,
2026-07-09T20:01:44,EdgeGAT_full,edge_full,tk_ka,True,bilateral,first,median,1M,41479015.51,113152869.62,-0.0251,-2.99,0.4124,147.8,224,
2026-07-09T20:01:44,EdgeGAT_full,edge_full,tk_ka,True,bilateral,first,median,10M,99319216.39,180954852.76,-0.2749,-9.935,0.2269,163.87,87,
2026-07-09T20:01:44,EdgeGAT_full,edge_full,tk_ka,True,bilateral,first,median,100M,288111534.07,351856959.47,-2.1326,-46.0708,0.3552,167.37,22,
2026-07-09T20:01:49,EdgeGATv2_full,edge_full,tk_ka,True,bilateral,first,median,all,22319767.83,138332584.37,-4.8164,0.1224,0.4804,137.54,948,
2026-07-09T20:01:49,EdgeGATv2_full,edge_full,tk_ka,True,bilateral,first,median,1M,59897415.94,196145969.62,-2.0802,-2.3355,0.3233,138.0,224,
2026-07-09T20:01:49,EdgeGATv2_full,edge_full,tk_ka,True,bilateral,first,median,10M,134547392.41,299075004.51,-2.4826,-9.7844,0.1466,167.91,87,
2026-07-09T20:01:49,EdgeGATv2_full,edge_full,tk_ka,True,bilateral,first,median,100M,296672391.1,357238179.77,-2.2292,-59.081,0.1372,178.49,22,
